inventory_id,owner_type,owner_id,medicine_id,batch_number,quantity,reserved_quantity,received_date,expiry_date
INV000001,HOSPITAL,H01,M001,B010011,58,3,2026-08-03,2026-10-20
INV000002,HOSPITAL,H01,M001,B010012,40,0,2026-08-02,2027-03-29
INV000003,HOSPITAL,H01,M002,B010021,123,3,2026-07-20,2027-03-29
INV000004,HOSPITAL,H01,M002,B010022,82,5,2026-08-12,2026-12-29
INV000005,HOSPITAL,H01,M003,B010031,112,0,2026-09-19,2026-10-20
INV000006,HOSPITAL,H01,M003,B010032,75,4,2026-08-18,2027-09-30
INV000007,HOSPITAL,H01,M004,B010041,253,1,2026-07-12,2026-12-29
INV000008,HOSPITAL,H01,M004,B010042,169,12,2026-09-16,2026-11-14
INV000009,HOSPITAL,H01,M005,B010051,262,20,2026-07-12,2026-12-29
INV000010,HOSPITAL,H01,M005,B010052,175,8,2026-07-21,2026-10-20
INV000011,HOSPITAL,H01,M006,B010061,193,7,2026-08-26,2027-09-30
INV000012,HOSPITAL,H01,M006,B010062,130,1,2026-09-09,2026-10-20
INV000013,HOSPITAL,H01,M007,B010071,430,21,2026-07-21,2026-10-20
INV000014,HOSPITAL,H01,M007,B010072,287,22,2026-08-09,2026-11-14
INV000015,HOSPITAL,H01,M008,B010081,464,26,2026-08-03,2026-12-29
INV000016,HOSPITAL,H01,M008,B010082,310,9,2026-08-04,2027-03-29
INV000017,HOSPITAL,H01,M009,B010091,71,3,2026-08-26,2027-09-30
INV000018,HOSPITAL,H01,M009,B010092,48,3,2026-08-25,2026-11-14
INV000019,HOSPITAL,H01,M010,B010101,256,7,2026-07-30,2026-11-14
INV000020,HOSPITAL,H01,M010,B010102,172,10,2026-07-21,2026-11-14
INV000021,HOSPITAL,H01,M011,B010111,258,14,2026-08-17,2026-10-20
INV000022,HOSPITAL,H01,M011,B010112,172,10,2026-08-15,2026-12-29
INV000023,HOSPITAL,H01,M012,B010121,187,12,2026-07-27,2027-09-30
INV000024,HOSPITAL,H01,M012,B010122,126,8,2026-08-14,2027-09-30
INV000025,HOSPITAL,H01,M013,B010131,144,3,2026-07-30,2027-09-30
INV000026,HOSPITAL,H01,M013,B010132,97,5,2026-07-25,2026-12-29
INV000027,HOSPITAL,H01,M014,B010141,261,18,2026-09-13,2027-09-30
INV000028,HOSPITAL,H01,M014,B010142,175,2,2026-08-16,2027-09-30
INV000029,HOSPITAL,H01,M015,B010151,294,0,2026-07-16,2027-09-30
INV000030,HOSPITAL,H01,M015,B010152,196,15,2026-08-29,2026-10-20
INV000031,HOSPITAL,H01,M016,B010161,82,2,2026-09-01,2026-12-29
INV000032,HOSPITAL,H01,M016,B010162,55,1,2026-07-28,2026-11-14
INV000033,HOSPITAL,H01,M017,B010171,169,6,2026-07-15,2027-09-30
INV000034,HOSPITAL,H01,M017,B010172,114,2,2026-08-12,2026-11-14
INV000035,HOSPITAL,H01,M018,B010181,172,4,2026-08-10,2027-03-29
INV000036,HOSPITAL,H01,M018,B010182,116,6,2026-09-12,2026-12-29
INV000037,HOSPITAL,H01,M019,B010191,216,0,2026-07-03,2026-12-29
INV000038,HOSPITAL,H01,M019,B010192,144,11,2026-07-20,2026-10-20
INV000039,HOSPITAL,H01,M020,B010201,229,10,2026-07-23,2027-09-30
INV000040,HOSPITAL,H01,M020,B010202,154,4,2026-08-25,2026-10-20
INV000041,HOSPITAL,H01,M021,B010211,166,12,2026-09-01,2026-10-20
INV000042,HOSPITAL,H01,M021,B010212,112,6,2026-07-14,2026-10-20
INV000043,HOSPITAL,H01,M022,B010221,364,9,2026-07-15,2026-11-14
INV000044,HOSPITAL,H01,M022,B010222,243,17,2026-08-29,2027-03-29
INV000045,HOSPITAL,H01,M023,B010231,204,10,2026-07-19,2026-11-14
INV000046,HOSPITAL,H01,M023,B010232,136,9,2026-07-26,2026-12-29
INV000047,HOSPITAL,H01,M024,B010241,560,25,2026-07-04,2026-11-14
INV000048,HOSPITAL,H01,M024,B010242,374,29,2026-07-14,2027-03-29
INV000049,HOSPITAL,H01,M025,B010251,79,5,2026-07-25,2026-12-29
INV000050,HOSPITAL,H01,M025,B010252,54,0,2026-07-26,2026-12-29
INV000051,HOSPITAL,H01,M026,B010261,115,1,2026-08-16,2026-10-20
INV000052,HOSPITAL,H01,M026,B010262,77,4,2026-09-05,2026-11-14
INV000053,HOSPITAL,H01,M027,B010271,40,2,2026-07-15,2026-11-14
INV000054,HOSPITAL,H01,M027,B010272,28,0,2026-08-02,2026-11-14
INV000055,HOSPITAL,H01,M028,B010281,114,8,2026-09-02,2026-12-29
INV000056,HOSPITAL,H01,M028,B010282,77,2,2026-08-05,2026-10-20
INV000057,HOSPITAL,H01,M029,B010291,211,9,2026-08-18,2026-10-20
INV000058,HOSPITAL,H01,M029,B010292,142,0,2026-08-09,2027-03-29
INV000059,HOSPITAL,H01,M030,B010301,430,31,2026-08-21,2026-12-29
INV000060,HOSPITAL,H01,M030,B010302,287,21,2026-08-05,2026-11-14
INV000061,HOSPITAL,H01,M031,B010311,371,4,2026-09-10,2027-09-30
INV000062,HOSPITAL,H01,M031,B010312,248,5,2026-07-24,2026-12-29
INV000063,HOSPITAL,H01,M032,B010321,260,15,2026-07-21,2026-12-29
INV000064,HOSPITAL,H01,M032,B010322,174,12,2026-07-07,2026-11-14
INV000065,HOSPITAL,H01,M033,B010331,72,4,2026-09-01,2027-03-29
INV000066,HOSPITAL,H01,M033,B010332,48,0,2026-09-19,2026-12-29
INV000067,HOSPITAL,H01,M034,B010341,216,9,2026-07-10,2026-12-29
INV000068,HOSPITAL,H01,M034,B010342,144,10,2026-07-14,2027-09-30
INV000069,HOSPITAL,H01,M035,B010351,201,11,2026-08-22,2027-03-29
INV000070,HOSPITAL,H01,M035,B010352,135,5,2026-09-16,2026-10-20
INV000071,HOSPITAL,H01,M036,B010361,189,10,2026-07-17,2027-03-29
INV000072,HOSPITAL,H01,M036,B010362,127,6,2026-08-30,2026-11-14
INV000073,HOSPITAL,H01,M037,B010371,180,8,2026-09-16,2026-11-14
INV000074,HOSPITAL,H01,M037,B010372,120,1,2026-08-15,2027-03-29
INV000075,HOSPITAL,H01,M038,B010381,136,9,2026-07-27,2027-09-30
INV000076,HOSPITAL,H01,M038,B010382,91,2,2026-07-17,2026-11-14
INV000077,HOSPITAL,H01,M039,B010391,237,0,2026-09-04,2026-10-20
INV000078,HOSPITAL,H01,M039,B010392,159,8,2026-09-13,2026-10-20
INV000079,HOSPITAL,H01,M040,B010401,540,21,2026-07-06,2027-09-30
INV000080,HOSPITAL,H01,M040,B010402,361,19,2026-08-31,2026-10-20
INV000081,HOSPITAL,H01,M041,B010411,69,2,2026-07-29,2027-09-30
INV000082,HOSPITAL,H01,M041,B010412,47,1,2026-07-05,2026-10-20
INV000083,HOSPITAL,H01,M042,B010421,226,2,2026-07-31,2026-10-20
INV000084,HOSPITAL,H01,M042,B010422,152,8,2026-07-31,2026-10-20
INV000085,HOSPITAL,H01,M043,B010431,255,19,2026-08-20,2026-11-14
INV000086,HOSPITAL,H01,M043,B010432,171,12,2026-07-11,2027-09-30
INV000087,HOSPITAL,H01,M044,B010441,161,5,2026-09-03,2026-11-14
INV000088,HOSPITAL,H01,M044,B010442,108,4,2026-07-22,2027-09-30
INV000089,HOSPITAL,H01,M045,B010451,304,19,2026-07-24,2026-12-29
INV000090,HOSPITAL,H01,M045,B010452,203,15,2026-07-17,2026-10-20
INV000091,HOSPITAL,H01,M046,B010461,267,17,2026-07-23,2027-09-30
INV000092,HOSPITAL,H01,M046,B010462,179,12,2026-09-02,2027-03-29
INV000093,HOSPITAL,H01,M047,B010471,469,30,2026-09-09,2026-11-14
INV000094,HOSPITAL,H01,M047,B010472,314,12,2026-08-01,2026-12-29
INV000095,HOSPITAL,H01,M048,B010481,492,26,2026-08-19,2026-10-20
INV000096,HOSPITAL,H01,M048,B010482,328,25,2026-08-07,2026-12-29
INV000097,HOSPITAL,H01,M049,B010491,157,11,2026-08-24,2026-10-20
INV000098,HOSPITAL,H01,M049,B010492,105,0,2026-08-04,2026-12-29
INV000099,HOSPITAL,H01,M050,B010501,157,8,2026-09-18,2026-12-29
INV000100,HOSPITAL,H01,M050,B010502,106,3,2026-09-15,2026-12-29
INV000101,HOSPITAL,H02,M001,B020011,218,1,2026-08-02,2026-12-29
INV000102,HOSPITAL,H02,M001,B020012,146,0,2026-07-31,2026-11-14
INV000103,HOSPITAL,H02,M002,B020021,244,2,2026-07-26,2027-09-30
INV000104,HOSPITAL,H02,M002,B020022,163,6,2026-08-18,2026-12-29
INV000105,HOSPITAL,H02,M003,B020031,301,3,2026-09-12,2026-10-20
INV000106,HOSPITAL,H02,M003,B020032,202,9,2026-09-19,2026-11-14
INV000107,HOSPITAL,H02,M004,B020041,169,10,2026-08-13,2027-09-30
INV000108,HOSPITAL,H02,M004,B020042,113,5,2026-08-28,2026-11-14
INV000109,HOSPITAL,H02,M005,B020051,270,7,2026-07-16,2027-03-29
INV000110,HOSPITAL,H02,M005,B020052,181,3,2026-08-08,2026-11-14
INV000111,HOSPITAL,H02,M006,B020061,502,1,2026-09-17,2026-12-29
INV000112,HOSPITAL,H02,M006,B020062,336,12,2026-07-31,2026-11-14
INV000113,HOSPITAL,H02,M007,B020071,614,47,2026-07-15,2027-03-29
INV000114,HOSPITAL,H02,M007,B020072,410,26,2026-07-17,2027-09-30
INV000115,HOSPITAL,H02,M008,B020081,436,26,2026-07-20,2026-11-14
INV000116,HOSPITAL,H02,M008,B020082,291,19,2026-07-27,2026-10-20
INV000117,HOSPITAL,H02,M009,B020091,119,7,2026-08-27,2026-10-20
INV000118,HOSPITAL,H02,M009,B020092,80,6,2026-09-19,2026-12-29
INV000119,HOSPITAL,H02,M010,B020101,341,8,2026-08-31,2026-10-20
INV000120,HOSPITAL,H02,M010,B020102,228,1,2026-08-01,2026-11-14
INV000121,HOSPITAL,H02,M011,B020111,294,20,2026-08-30,2026-12-29
INV000122,HOSPITAL,H02,M011,B020112,196,14,2026-07-14,2026-10-20
INV000123,HOSPITAL,H02,M012,B020121,540,4,2026-09-16,2026-11-14
INV000124,HOSPITAL,H02,M012,B020122,360,7,2026-09-20,2026-11-14
INV000125,HOSPITAL,H02,M013,B020131,668,6,2026-08-25,2026-12-29
INV000126,HOSPITAL,H02,M013,B020132,446,20,2026-09-19,2027-09-30
INV000127,HOSPITAL,H02,M014,B020141,777,10,2026-09-03,2026-10-20
INV000128,HOSPITAL,H02,M014,B020142,518,29,2026-08-16,2026-10-20
INV000129,HOSPITAL,H02,M015,B020151,318,23,2026-08-25,2026-12-29
INV000130,HOSPITAL,H02,M015,B020152,212,1,2026-08-25,2026-10-20
INV000131,HOSPITAL,H02,M016,B020161,102,2,2026-08-26,2026-10-20
INV000132,HOSPITAL,H02,M016,B020162,69,5,2026-07-16,2027-09-30
INV000133,HOSPITAL,H02,M017,B020171,186,0,2026-08-09,2027-09-30
INV000134,HOSPITAL,H02,M017,B020172,125,3,2026-08-07,2026-11-14
INV000135,HOSPITAL,H02,M018,B020181,298,22,2026-08-05,2026-12-29
INV000136,HOSPITAL,H02,M018,B020182,200,6,2026-07-09,2026-10-20
INV000137,HOSPITAL,H02,M019,B020191,203,4,2026-09-18,2027-03-29
INV000138,HOSPITAL,H02,M019,B020192,136,1,2026-08-14,2026-10-20
INV000139,HOSPITAL,H02,M020,B020201,374,29,2026-09-20,2027-09-30
INV000140,HOSPITAL,H02,M020,B020202,250,18,2026-07-28,2027-09-30
INV000141,HOSPITAL,H02,M021,B020211,408,20,2026-09-11,2027-03-29
INV000142,HOSPITAL,H02,M021,B020212,272,1,2026-08-07,2026-10-20
INV000143,HOSPITAL,H02,M022,B020221,472,25,2026-08-08,2027-03-29
INV000144,HOSPITAL,H02,M022,B020222,316,14,2026-07-04,2026-10-20
INV000145,HOSPITAL,H02,M023,B020231,353,13,2026-09-15,2026-12-29
INV000146,HOSPITAL,H02,M023,B020232,236,18,2026-07-19,2026-10-20
INV000147,HOSPITAL,H02,M024,B020241,923,28,2026-07-20,2026-10-20
INV000148,HOSPITAL,H02,M024,B020242,616,13,2026-09-05,2027-09-30
INV000149,HOSPITAL,H02,M025,B020251,341,2,2026-07-15,2026-11-14
INV000150,HOSPITAL,H02,M025,B020252,228,13,2026-08-15,2026-11-14
INV000151,HOSPITAL,H02,M026,B020261,172,0,2026-08-01,2026-12-29
INV000152,HOSPITAL,H02,M026,B020262,115,3,2026-08-06,2027-09-30
INV000153,HOSPITAL,H02,M027,B020271,439,13,2026-07-27,2026-10-20
INV000154,HOSPITAL,H02,M027,B020272,294,10,2026-09-16,2026-12-29
INV000155,HOSPITAL,H02,M028,B020281,219,0,2026-07-12,2026-12-29
INV000156,HOSPITAL,H02,M028,B020282,146,4,2026-08-05,2027-09-30
INV000157,HOSPITAL,H02,M029,B020291,331,4,2026-07-10,2026-12-29
INV000158,HOSPITAL,H02,M029,B020292,222,6,2026-09-20,2026-10-20
INV000159,HOSPITAL,H02,M030,B020301,708,44,2026-08-03,2027-09-30
INV000160,HOSPITAL,H02,M030,B020302,473,37,2026-07-03,2027-03-29
INV000161,HOSPITAL,H02,M031,B020311,659,36,2026-09-09,2027-03-29
INV000162,HOSPITAL,H02,M031,B020312,440,6,2026-09-12,2026-10-20
INV000163,HOSPITAL,H02,M032,B020321,789,56,2026-07-29,2027-09-30
INV000164,HOSPITAL,H02,M032,B020322,526,5,2026-09-18,2026-11-14
INV000165,HOSPITAL,H02,M033,B020331,265,17,2026-09-18,2026-10-20
INV000166,HOSPITAL,H02,M033,B020332,178,9,2026-07-18,2026-11-14
INV000167,HOSPITAL,H02,M034,B020341,293,4,2026-09-18,2027-09-30
INV000168,HOSPITAL,H02,M034,B020342,196,8,2026-09-04,2026-10-20
INV000169,HOSPITAL,H02,M035,B020351,318,15,2026-07-03,2026-10-20
INV000170,HOSPITAL,H02,M035,B020352,212,16,2026-09-08,2027-03-29
INV000171,HOSPITAL,H02,M036,B020361,48,0,2026-09-05,2027-03-29
INV000172,HOSPITAL,H02,M036,B020362,32,1,2026-09-05,2027-09-30
INV000173,HOSPITAL,H02,M037,B020371,85,4,2026-08-01,2027-03-29
INV000174,HOSPITAL,H02,M037,B020372,57,4,2026-09-11,2026-10-20
INV000175,HOSPITAL,H02,M038,B020381,314,24,2026-08-18,2026-10-20
INV000176,HOSPITAL,H02,M038,B020382,210,1,2026-08-30,2026-12-29
INV000177,HOSPITAL,H02,M039,B020391,410,27,2026-09-15,2026-10-20
INV000178,HOSPITAL,H02,M039,B020392,274,2,2026-09-20,2026-10-20
INV000179,HOSPITAL,H02,M040,B020401,796,59,2026-08-21,2026-12-29
INV000180,HOSPITAL,H02,M040,B020402,532,33,2026-09-06,2026-11-14
INV000181,HOSPITAL,H02,M041,B020411,114,1,2026-08-06,2026-10-20
INV000182,HOSPITAL,H02,M041,B020412,76,2,2026-08-12,2026-10-20
INV000183,HOSPITAL,H02,M042,B020421,194,14,2026-08-27,2027-09-30
INV000184,HOSPITAL,H02,M042,B020422,130,5,2026-07-05,2026-12-29
INV000185,HOSPITAL,H02,M043,B020431,288,0,2026-09-06,2027-09-30
INV000186,HOSPITAL,H02,M043,B020432,192,13,2026-07-19,2026-12-29
INV000187,HOSPITAL,H02,M044,B020441,444,5,2026-07-12,2026-11-14
INV000188,HOSPITAL,H02,M044,B020442,296,3,2026-07-27,2027-09-30
INV000189,HOSPITAL,H02,M045,B020451,300,11,2026-07-27,2027-09-30
INV000190,HOSPITAL,H02,M045,B020452,201,2,2026-07-28,2026-12-29
INV000191,HOSPITAL,H02,M046,B020461,667,32,2026-07-18,2026-12-29
INV000192,HOSPITAL,H02,M046,B020462,445,17,2026-07-27,2026-11-14
INV000193,HOSPITAL,H02,M047,B020471,812,10,2026-07-25,2026-10-20
INV000194,HOSPITAL,H02,M047,B020472,542,11,2026-09-12,2027-09-30
INV000195,HOSPITAL,H02,M048,B020481,653,46,2026-09-14,2026-12-29
INV000196,HOSPITAL,H02,M048,B020482,436,23,2026-09-08,2026-11-14
INV000197,HOSPITAL,H02,M049,B020491,150,1,2026-09-19,2027-09-30
INV000198,HOSPITAL,H02,M049,B020492,101,7,2026-08-17,2026-12-29
INV000199,HOSPITAL,H02,M050,B020501,140,8,2026-07-06,2026-11-14
INV000200,HOSPITAL,H02,M050,B020502,94,0,2026-09-10,2027-09-30
INV000201,HOSPITAL,H03,M001,B030011,77,5,2026-07-31,2027-03-29
INV000202,HOSPITAL,H03,M001,B030012,52,1,2026-08-12,2027-09-30
INV000203,HOSPITAL,H03,M002,B030021,106,2,2026-09-15,2026-10-20
INV000204,HOSPITAL,H03,M002,B030022,71,3,2026-08-31,2027-09-30
INV000205,HOSPITAL,H03,M003,B030031,73,2,2026-09-01,2026-11-14
INV000206,HOSPITAL,H03,M003,B030032,50,0,2026-08-17,2027-03-29
INV000207,HOSPITAL,H03,M004,B030041,237,2,2026-07-31,2026-10-20
INV000208,HOSPITAL,H03,M004,B030042,159,3,2026-09-18,2026-10-20
INV000209,HOSPITAL,H03,M005,B030051,84,2,2026-08-25,2026-12-29
INV000210,HOSPITAL,H03,M005,B030052,57,2,2026-08-07,2026-11-14
INV000211,HOSPITAL,H03,M006,B030061,168,11,2026-07-26,2026-10-20
INV000212,HOSPITAL,H03,M006,B030062,112,5,2026-08-03,2027-03-29
INV000213,HOSPITAL,H03,M007,B030071,280,10,2026-07-23,2026-11-14
INV000214,HOSPITAL,H03,M007,B030072,187,12,2026-09-20,2027-09-30
INV000215,HOSPITAL,H03,M008,B030081,217,9,2026-07-27,2026-10-20
INV000216,HOSPITAL,H03,M008,B030082,145,8,2026-08-30,2026-12-29
INV000217,HOSPITAL,H03,M009,B030091,67,2,2026-07-04,2027-03-29
INV000218,HOSPITAL,H03,M009,B030092,45,1,2026-08-24,2026-10-20
INV000219,HOSPITAL,H03,M010,B030101,116,5,2026-08-12,2027-03-29
INV000220,HOSPITAL,H03,M010,B030102,78,3,2026-07-28,2027-03-29
INV000221,HOSPITAL,H03,M011,B030111,171,8,2026-09-05,2027-03-29
INV000222,HOSPITAL,H03,M011,B030112,115,3,2026-07-08,2027-09-30
INV000223,HOSPITAL,H03,M012,B030121,70,3,2026-08-24,2026-11-14
INV000224,HOSPITAL,H03,M012,B030122,48,0,2026-09-06,2026-10-20
INV000225,HOSPITAL,H03,M013,B030131,150,2,2026-09-16,2027-03-29
INV000226,HOSPITAL,H03,M013,B030132,101,4,2026-08-10,2027-03-29
INV000227,HOSPITAL,H03,M014,B030141,184,4,2026-07-21,2027-09-30
INV000228,HOSPITAL,H03,M014,B030142,124,1,2026-07-27,2026-10-20
INV000229,HOSPITAL,H03,M015,B030151,328,8,2026-08-25,2026-11-14
INV000230,HOSPITAL,H03,M015,B030152,220,11,2026-07-15,2026-11-14
INV000231,HOSPITAL,H03,M016,B030161,156,4,2026-08-29,2026-10-20
INV000232,HOSPITAL,H03,M016,B030162,104,0,2026-09-09,2026-12-29
INV000233,HOSPITAL,H03,M017,B030171,94,0,2026-08-06,2027-03-29
INV000234,HOSPITAL,H03,M017,B030172,63,0,2026-07-27,2026-12-29
INV000235,HOSPITAL,H03,M018,B030181,73,3,2026-09-07,2026-12-29
INV000236,HOSPITAL,H03,M018,B030182,49,1,2026-07-27,2027-03-29
INV000237,HOSPITAL,H03,M019,B030191,148,9,2026-07-05,2026-11-14
INV000238,HOSPITAL,H03,M019,B030192,99,3,2026-08-18,2026-12-29
INV000239,HOSPITAL,H03,M020,B030201,87,1,2026-08-10,2026-11-14
INV000240,HOSPITAL,H03,M020,B030202,59,1,2026-07-08,2026-12-29
INV000241,HOSPITAL,H03,M021,B030211,159,10,2026-07-06,2027-03-29
INV000242,HOSPITAL,H03,M021,B030212,107,4,2026-08-09,2026-11-14
INV000243,HOSPITAL,H03,M022,B030221,181,0,2026-07-12,2026-11-14
INV000244,HOSPITAL,H03,M022,B030222,122,7,2026-08-13,2026-11-14
INV000245,HOSPITAL,H03,M023,B030231,133,4,2026-08-25,2027-03-29
INV000246,HOSPITAL,H03,M023,B030232,90,5,2026-07-29,2026-10-20
INV000247,HOSPITAL,H03,M024,B030241,153,4,2026-07-14,2026-12-29
INV000248,HOSPITAL,H03,M024,B030242,103,2,2026-08-21,2026-12-29
INV000249,HOSPITAL,H03,M025,B030251,127,8,2026-07-06,2026-11-14
INV000250,HOSPITAL,H03,M025,B030252,86,6,2026-08-15,2026-10-20
INV000251,HOSPITAL,H03,M026,B030261,57,0,2026-09-14,2027-09-30
INV000252,HOSPITAL,H03,M026,B030262,39,2,2026-09-06,2026-10-20
INV000253,HOSPITAL,H03,M027,B030271,56,3,2026-07-19,2026-11-14
INV000254,HOSPITAL,H03,M027,B030272,38,1,2026-09-14,2027-03-29
INV000255,HOSPITAL,H03,M028,B030281,85,2,2026-07-14,2026-11-14
INV000256,HOSPITAL,H03,M028,B030282,57,2,2026-08-22,2026-10-20
INV000257,HOSPITAL,H03,M029,B030291,169,9,2026-09-07,2026-11-14
INV000258,HOSPITAL,H03,M029,B030292,114,0,2026-08-13,2026-11-14
INV000259,HOSPITAL,H03,M030,B030301,95,3,2026-08-14,2026-10-20
INV000260,HOSPITAL,H03,M030,B030302,64,0,2026-08-24,2026-11-14
INV000261,HOSPITAL,H03,M031,B030311,98,0,2026-07-16,2027-03-29
INV000262,HOSPITAL,H03,M031,B030312,66,4,2026-09-18,2026-12-29
INV000263,HOSPITAL,H03,M032,B030321,151,3,2026-07-10,2026-10-20
INV000264,HOSPITAL,H03,M032,B030322,102,0,2026-08-29,2026-12-29
INV000265,HOSPITAL,H03,M033,B030331,106,4,2026-08-10,2027-03-29
INV000266,HOSPITAL,H03,M033,B030332,72,5,2026-08-11,2026-10-20
INV000267,HOSPITAL,H03,M034,B030341,144,8,2026-07-06,2027-03-29
INV000268,HOSPITAL,H03,M034,B030342,96,5,2026-08-26,2027-09-30
INV000269,HOSPITAL,H03,M035,B030351,180,14,2026-07-30,2027-09-30
INV000270,HOSPITAL,H03,M035,B030352,121,1,2026-07-11,2026-10-20
INV000271,HOSPITAL,H03,M036,B030361,85,6,2026-08-28,2027-03-29
INV000272,HOSPITAL,H03,M036,B030362,58,3,2026-09-02,2027-09-30
INV000273,HOSPITAL,H03,M037,B030371,53,3,2026-08-08,2027-09-30
INV000274,HOSPITAL,H03,M037,B030372,36,0,2026-07-05,2026-12-29
INV000275,HOSPITAL,H03,M038,B030381,291,8,2026-08-02,2026-12-29
INV000276,HOSPITAL,H03,M038,B030382,195,9,2026-09-20,2026-11-14
INV000277,HOSPITAL,H03,M039,B030391,159,3,2026-08-07,2026-12-29
INV000278,HOSPITAL,H03,M039,B030392,107,6,2026-08-25,2027-03-29
INV000279,HOSPITAL,H03,M040,B030401,261,15,2026-07-29,2027-03-29
INV000280,HOSPITAL,H03,M040,B030402,174,2,2026-08-05,2026-10-20
INV000281,HOSPITAL,H03,M041,B030411,100,1,2026-09-20,2027-09-30
INV000282,HOSPITAL,H03,M041,B030412,68,1,2026-09-20,2027-09-30
INV000283,HOSPITAL,H03,M042,B030421,75,5,2026-07-12,2026-11-14
INV000284,HOSPITAL,H03,M042,B030422,51,3,2026-08-21,2026-11-14
INV000285,HOSPITAL,H03,M043,B030431,75,3,2026-09-01,2026-11-14
INV000286,HOSPITAL,H03,M043,B030432,50,2,2026-07-27,2026-11-14
INV000287,HOSPITAL,H03,M044,B030441,129,2,2026-07-27,2026-11-14
INV000288,HOSPITAL,H03,M044,B030442,87,6,2026-07-19,2026-12-29
INV000289,HOSPITAL,H03,M045,B030451,207,14,2026-09-04,2026-12-29
INV000290,HOSPITAL,H03,M045,B030452,138,1,2026-07-16,2027-09-30
INV000291,HOSPITAL,H03,M046,B030461,151,0,2026-08-04,2026-10-20
INV000292,HOSPITAL,H03,M046,B030462,101,3,2026-08-23,2026-10-20
INV000293,HOSPITAL,H03,M047,B030471,201,4,2026-07-04,2026-11-14
INV000294,HOSPITAL,H03,M047,B030472,134,4,2026-08-25,2026-10-20
INV000295,HOSPITAL,H03,M048,B030481,295,22,2026-07-18,2026-12-29
INV000296,HOSPITAL,H03,M048,B030482,198,6,2026-07-23,2026-12-29
INV000297,HOSPITAL,H03,M049,B030491,82,4,2026-08-11,2027-03-29
INV000298,HOSPITAL,H03,M049,B030492,55,0,2026-07-10,2026-10-20
INV000299,HOSPITAL,H03,M050,B030501,114,3,2026-08-25,2026-10-20
INV000300,HOSPITAL,H03,M050,B030502,76,3,2026-09-13,2027-09-30
INV000301,HOSPITAL,H04,M001,B040011,375,4,2026-08-05,2026-12-29
INV000302,HOSPITAL,H04,M001,B040012,250,0,2026-08-17,2026-10-20
INV000303,HOSPITAL,H04,M002,B040021,228,2,2026-09-02,2026-10-20
INV000304,HOSPITAL,H04,M002,B040022,152,5,2026-07-20,2026-10-20
INV000305,HOSPITAL,H04,M003,B040031,645,34,2026-09-11,2026-10-20
INV000306,HOSPITAL,H04,M003,B040032,430,8,2026-09-05,2027-03-29
INV000307,HOSPITAL,H04,M004,B040041,351,23,2026-07-26,2027-09-30
INV000308,HOSPITAL,H04,M004,B040042,234,3,2026-08-29,2026-12-29
INV000309,HOSPITAL,H04,M005,B040051,574,30,2026-09-07,2027-09-30
INV000310,HOSPITAL,H04,M005,B040052,383,3,2026-08-30,2026-10-20
INV000311,HOSPITAL,H04,M006,B040061,664,51,2026-09-02,2026-12-29
INV000312,HOSPITAL,H04,M006,B040062,443,30,2026-07-29,2026-12-29
INV000313,HOSPITAL,H04,M007,B040071,468,9,2026-07-06,2027-09-30
INV000314,HOSPITAL,H04,M007,B040072,312,24,2026-07-13,2026-11-14
INV000315,HOSPITAL,H04,M008,B040081,1024,66,2026-08-30,2026-12-29
INV000316,HOSPITAL,H04,M008,B040082,684,44,2026-08-09,2027-09-30
INV000317,HOSPITAL,H04,M009,B040091,209,8,2026-07-31,2027-09-30
INV000318,HOSPITAL,H04,M009,B040092,140,7,2026-08-23,2026-11-14
INV000319,HOSPITAL,H04,M010,B040101,641,27,2026-08-07,2027-09-30
INV000320,HOSPITAL,H04,M010,B040102,428,27,2026-09-05,2026-12-29
INV000321,HOSPITAL,H04,M011,B040111,603,27,2026-08-22,2026-12-29
INV000322,HOSPITAL,H04,M011,B040112,403,4,2026-07-27,2027-03-29
INV000323,HOSPITAL,H04,M012,B040121,657,30,2026-07-19,2027-03-29
INV000324,HOSPITAL,H04,M012,B040122,438,23,2026-08-14,2027-09-30
INV000325,HOSPITAL,H04,M013,B040131,425,33,2026-08-20,2027-03-29
INV000326,HOSPITAL,H04,M013,B040132,284,13,2026-09-02,2026-10-20
INV000327,HOSPITAL,H04,M014,B040141,888,50,2026-08-16,2026-11-14
INV000328,HOSPITAL,H04,M014,B040142,593,0,2026-07-08,2027-03-29
INV000329,HOSPITAL,H04,M015,B040151,562,11,2026-09-05,2026-10-20
INV000330,HOSPITAL,H04,M015,B040152,375,4,2026-08-08,2026-11-14
INV000331,HOSPITAL,H04,M016,B040161,548,21,2026-07-12,2027-09-30
INV000332,HOSPITAL,H04,M016,B040162,366,8,2026-07-20,2026-10-20
INV000333,HOSPITAL,H04,M017,B040171,143,2,2026-09-15,2027-03-29
INV000334,HOSPITAL,H04,M017,B040172,96,1,2026-08-18,2027-09-30
INV000335,HOSPITAL,H04,M018,B040181,477,35,2026-09-18,2027-09-30
INV000336,HOSPITAL,H04,M018,B040182,319,22,2026-09-11,2026-11-14
INV000337,HOSPITAL,H04,M019,B040191,736,42,2026-08-29,2026-12-29
INV000338,HOSPITAL,H04,M019,B040192,491,1,2026-08-15,2026-12-29
INV000339,HOSPITAL,H04,M020,B040201,424,18,2026-07-09,2026-11-14
INV000340,HOSPITAL,H04,M020,B040202,283,22,2026-08-30,2026-10-20
INV000341,HOSPITAL,H04,M021,B040211,902,62,2026-07-08,2026-12-29
INV000342,HOSPITAL,H04,M021,B040212,602,21,2026-08-22,2027-03-29
INV000343,HOSPITAL,H04,M022,B040221,801,28,2026-08-20,2027-09-30
INV000344,HOSPITAL,H04,M022,B040222,534,40,2026-08-23,2026-10-20
INV000345,HOSPITAL,H04,M023,B040231,705,29,2026-08-03,2026-11-14
INV000346,HOSPITAL,H04,M023,B040232,471,14,2026-07-11,2027-09-30
INV000347,HOSPITAL,H04,M024,B040241,1352,88,2026-07-27,2027-03-29
INV000348,HOSPITAL,H04,M024,B040242,902,42,2026-09-08,2027-03-29
INV000349,HOSPITAL,H04,M025,B040251,403,10,2026-08-29,2027-09-30
INV000350,HOSPITAL,H04,M025,B040252,270,15,2026-07-14,2027-09-30
INV000351,HOSPITAL,H04,M026,B040261,408,31,2026-07-19,2026-11-14
INV000352,HOSPITAL,H04,M026,B040262,272,21,2026-08-20,2026-12-29
INV000353,HOSPITAL,H04,M027,B040271,104,3,2026-08-15,2027-09-30
INV000354,HOSPITAL,H04,M027,B040272,70,5,2026-07-13,2027-09-30
INV000355,HOSPITAL,H04,M028,B040281,804,33,2026-09-17,2027-03-29
INV000356,HOSPITAL,H04,M028,B040282,536,6,2026-07-30,2026-11-14
INV000357,HOSPITAL,H04,M029,B040291,819,56,2026-07-20,2027-03-29
INV000358,HOSPITAL,H04,M029,B040292,547,28,2026-08-20,2026-11-14
INV000359,HOSPITAL,H04,M030,B040301,450,32,2026-08-02,2026-11-14
INV000360,HOSPITAL,H04,M030,B040302,301,17,2026-08-03,2027-09-30
INV000361,HOSPITAL,H04,M031,B040311,1168,48,2026-07-22,2027-03-29
INV000362,HOSPITAL,H04,M031,B040312,780,51,2026-07-27,2026-12-29
INV000363,HOSPITAL,H04,M032,B040321,756,11,2026-08-13,2026-12-29
INV000364,HOSPITAL,H04,M032,B040322,504,24,2026-09-07,2027-03-29
INV000365,HOSPITAL,H04,M033,B040331,318,5,2026-08-19,2026-12-29
INV000366,HOSPITAL,H04,M033,B040332,213,5,2026-08-18,2027-03-29
INV000367,HOSPITAL,H04,M034,B040341,329,23,2026-07-16,2027-09-30
INV000368,HOSPITAL,H04,M034,B040342,220,11,2026-07-23,2026-12-29
INV000369,HOSPITAL,H04,M035,B040351,271,10,2026-08-11,2027-03-29
INV000370,HOSPITAL,H04,M035,B040352,182,14,2026-08-13,2026-12-29
INV000371,HOSPITAL,H04,M036,B040361,328,8,2026-08-04,2026-12-29
INV000372,HOSPITAL,H04,M036,B040362,220,16,2026-07-28,2026-10-20
INV000373,HOSPITAL,H04,M037,B040371,328,2,2026-08-24,2026-12-29
INV000374,HOSPITAL,H04,M037,B040372,220,5,2026-09-04,2026-10-20
INV000375,HOSPITAL,H04,M038,B040381,686,28,2026-08-17,2027-09-30
INV000376,HOSPITAL,H04,M038,B040382,458,3,2026-07-05,2027-03-29
INV000377,HOSPITAL,H04,M039,B040391,916,22,2026-08-08,2026-12-29
INV000378,HOSPITAL,H04,M039,B040392,612,11,2026-08-08,2026-11-14
INV000379,HOSPITAL,H04,M040,B040401,517,29,2026-08-05,2026-12-29
INV000380,HOSPITAL,H04,M040,B040402,345,14,2026-08-28,2026-12-29
INV000381,HOSPITAL,H04,M041,B040411,358,19,2026-07-06,2026-10-20
INV000382,HOSPITAL,H04,M041,B040412,239,4,2026-09-08,2026-12-29
INV000383,HOSPITAL,H04,M042,B040421,219,0,2026-07-22,2026-10-20
INV000384,HOSPITAL,H04,M042,B040422,146,8,2026-08-07,2026-10-20
INV000385,HOSPITAL,H04,M043,B040431,600,34,2026-09-09,2026-10-20
INV000386,HOSPITAL,H04,M043,B040432,400,6,2026-09-05,2027-09-30
INV000387,HOSPITAL,H04,M044,B040441,609,42,2026-07-23,2026-12-29
INV000388,HOSPITAL,H04,M044,B040442,407,0,2026-09-10,2027-09-30
INV000389,HOSPITAL,H04,M045,B040451,196,10,2026-07-29,2027-03-29
INV000390,HOSPITAL,H04,M045,B040452,132,6,2026-09-08,2026-10-20
INV000391,HOSPITAL,H04,M046,B040461,517,1,2026-08-08,2026-11-14
INV000392,HOSPITAL,H04,M046,B040462,346,6,2026-07-28,2026-11-14
INV000393,HOSPITAL,H04,M047,B040471,420,28,2026-07-31,2026-10-20
INV000394,HOSPITAL,H04,M047,B040472,281,4,2026-09-17,2026-11-14
INV000395,HOSPITAL,H04,M048,B040481,1251,72,2026-08-02,2027-09-30
INV000396,HOSPITAL,H04,M048,B040482,834,53,2026-07-04,2026-12-29
INV000397,HOSPITAL,H04,M049,B040491,393,2,2026-09-03,2026-12-29
INV000398,HOSPITAL,H04,M049,B040492,263,18,2026-08-02,2026-10-20
INV000399,HOSPITAL,H04,M050,B040501,648,7,2026-09-20,2026-12-29
INV000400,HOSPITAL,H04,M050,B040502,433,24,2026-07-30,2026-12-29
INV000401,HOSPITAL,H05,M001,B050011,69,0,2026-07-30,2027-09-30
INV000402,HOSPITAL,H05,M001,B050012,47,2,2026-09-04,2026-10-20
INV000403,HOSPITAL,H05,M002,B050021,296,3,2026-08-08,2026-10-20
INV000404,HOSPITAL,H05,M002,B050022,198,5,2026-08-12,2027-09-30
INV000405,HOSPITAL,H05,M003,B050031,270,4,2026-08-25,2027-03-29
INV000406,HOSPITAL,H05,M003,B050032,180,3,2026-08-18,2027-03-29
INV000407,HOSPITAL,H05,M004,B050041,330,21,2026-08-14,2026-12-29
INV000408,HOSPITAL,H05,M004,B050042,220,0,2026-07-04,2027-09-30
INV000409,HOSPITAL,H05,M005,B050051,556,32,2026-09-19,2027-09-30
INV000410,HOSPITAL,H05,M005,B050052,371,1,2026-08-11,2026-11-14
INV000411,HOSPITAL,H05,M006,B050061,199,1,2026-07-17,2026-10-20
INV000412,HOSPITAL,H05,M006,B050062,133,3,2026-07-08,2026-12-29
INV000413,HOSPITAL,H05,M007,B050071,193,11,2026-08-12,2027-03-29
INV000414,HOSPITAL,H05,M007,B050072,130,6,2026-07-11,2027-03-29
INV000415,HOSPITAL,H05,M008,B050081,421,9,2026-07-04,2027-09-30
INV000416,HOSPITAL,H05,M008,B050082,281,0,2026-09-17,2026-10-20
INV000417,HOSPITAL,H05,M009,B050091,118,6,2026-08-04,2026-12-29
INV000418,HOSPITAL,H05,M009,B050092,79,6,2026-07-20,2026-11-14
INV000419,HOSPITAL,H05,M010,B050101,220,0,2026-07-23,2027-09-30
INV000420,HOSPITAL,H05,M010,B050102,147,9,2026-08-27,2026-10-20
INV000421,HOSPITAL,H05,M011,B050111,358,15,2026-07-15,2026-12-29
INV000422,HOSPITAL,H05,M011,B050112,240,5,2026-07-20,2026-11-14
INV000423,HOSPITAL,H05,M012,B050121,437,13,2026-08-21,2026-12-29
INV000424,HOSPITAL,H05,M012,B050122,292,11,2026-07-27,2026-10-20
INV000425,HOSPITAL,H05,M013,B050131,216,8,2026-08-18,2026-10-20
INV000426,HOSPITAL,H05,M013,B050132,145,11,2026-07-29,2026-11-14
INV000427,HOSPITAL,H05,M014,B050141,316,7,2026-07-28,2026-11-14
INV000428,HOSPITAL,H05,M014,B050142,211,1,2026-07-19,2027-09-30
INV000429,HOSPITAL,H05,M015,B050151,387,18,2026-07-16,2027-03-29
INV000430,HOSPITAL,H05,M015,B050152,259,1,2026-08-20,2027-09-30
INV000431,HOSPITAL,H05,M016,B050161,392,24,2026-09-03,2026-12-29
INV000432,HOSPITAL,H05,M016,B050162,262,8,2026-07-27,2026-12-29
INV000433,HOSPITAL,H05,M017,B050171,207,11,2026-08-18,2027-09-30
INV000434,HOSPITAL,H05,M017,B050172,139,8,2026-07-16,2026-10-20
INV000435,HOSPITAL,H05,M018,B050181,310,5,2026-07-04,2026-11-14
INV000436,HOSPITAL,H05,M018,B050182,207,12,2026-07-29,2026-12-29
INV000437,HOSPITAL,H05,M019,B050191,284,12,2026-07-11,2027-09-30
INV000438,HOSPITAL,H05,M019,B050192,190,0,2026-07-20,2026-12-29
INV000439,HOSPITAL,H05,M020,B050201,396,4,2026-08-07,2027-03-29
INV000440,HOSPITAL,H05,M020,B050202,264,9,2026-07-30,2026-10-20
INV000441,HOSPITAL,H05,M021,B050211,253,6,2026-08-03,2026-10-20
INV000442,HOSPITAL,H05,M021,B050212,169,11,2026-08-17,2027-09-30
INV000443,HOSPITAL,H05,M022,B050221,202,10,2026-07-12,2026-12-29
INV000444,HOSPITAL,H05,M022,B050222,135,8,2026-08-03,2026-10-20
INV000445,HOSPITAL,H05,M023,B050231,521,9,2026-09-19,2026-10-20
INV000446,HOSPITAL,H05,M023,B050232,348,19,2026-08-03,2027-03-29
INV000447,HOSPITAL,H05,M024,B050241,638,50,2026-07-31,2026-12-29
INV000448,HOSPITAL,H05,M024,B050242,426,24,2026-07-12,2026-10-20
INV000449,HOSPITAL,H05,M025,B050251,104,0,2026-08-20,2026-10-20
INV000450,HOSPITAL,H05,M025,B050252,70,1,2026-09-20,2026-11-14
INV000451,HOSPITAL,H05,M026,B050261,248,10,2026-08-09,2027-09-30
INV000452,HOSPITAL,H05,M026,B050262,166,6,2026-07-04,2026-10-20
INV000453,HOSPITAL,H05,M027,B050271,40,1,2026-08-03,2026-10-20
INV000454,HOSPITAL,H05,M027,B050272,27,1,2026-07-29,2026-12-29
INV000455,HOSPITAL,H05,M028,B050281,151,9,2026-08-21,2026-10-20
INV000456,HOSPITAL,H05,M028,B050282,102,3,2026-07-20,2026-10-20
INV000457,HOSPITAL,H05,M029,B050291,270,5,2026-09-18,2026-11-14
INV000458,HOSPITAL,H05,M029,B050292,180,3,2026-07-28,2026-12-29
INV000459,HOSPITAL,H05,M030,B050301,477,22,2026-07-11,2026-12-29
INV000460,HOSPITAL,H05,M030,B050302,318,19,2026-07-14,2026-11-14
INV000461,HOSPITAL,H05,M031,B050311,183,0,2026-07-14,2027-03-29
INV000462,HOSPITAL,H05,M031,B050312,122,3,2026-07-13,2027-03-29
INV000463,HOSPITAL,H05,M032,B050321,465,22,2026-08-28,2027-03-29
INV000464,HOSPITAL,H05,M032,B050322,311,22,2026-08-16,2026-10-20
INV000465,HOSPITAL,H05,M033,B050331,190,13,2026-07-14,2027-03-29
INV000466,HOSPITAL,H05,M033,B050332,128,1,2026-08-17,2027-09-30
INV000467,HOSPITAL,H05,M034,B050341,114,1,2026-09-10,2027-09-30
INV000468,HOSPITAL,H05,M034,B050342,77,3,2026-07-29,2027-09-30
INV000469,HOSPITAL,H05,M035,B050351,144,0,2026-07-30,2026-11-14
INV000470,HOSPITAL,H05,M035,B050352,96,2,2026-08-17,2026-10-20
INV000471,HOSPITAL,H05,M036,B050361,281,8,2026-07-31,2026-12-29
INV000472,HOSPITAL,H05,M036,B050362,188,8,2026-09-08,2027-09-30
INV000473,HOSPITAL,H05,M037,B050371,430,19,2026-09-18,2026-10-20
INV000474,HOSPITAL,H05,M037,B050372,288,3,2026-07-05,2027-03-29
INV000475,HOSPITAL,H05,M038,B050381,273,7,2026-08-05,2027-09-30
INV000476,HOSPITAL,H05,M038,B050382,182,4,2026-09-01,2026-10-20
INV000477,HOSPITAL,H05,M039,B050391,426,26,2026-07-25,2027-09-30
INV000478,HOSPITAL,H05,M039,B050392,284,18,2026-09-17,2027-03-29
INV000479,HOSPITAL,H05,M040,B050401,525,20,2026-09-09,2026-12-29
INV000480,HOSPITAL,H05,M040,B050402,350,13,2026-07-07,2026-11-14
INV000481,HOSPITAL,H05,M041,B050411,178,8,2026-08-02,2027-09-30
INV000482,HOSPITAL,H05,M041,B050412,119,5,2026-08-25,2026-12-29
INV000483,HOSPITAL,H05,M042,B050421,117,0,2026-08-01,2026-11-14
INV000484,HOSPITAL,H05,M042,B050422,79,5,2026-07-03,2027-09-30
INV000485,HOSPITAL,H05,M043,B050431,293,15,2026-09-13,2027-03-29
INV000486,HOSPITAL,H05,M043,B050432,196,9,2026-07-16,2026-12-29
INV000487,HOSPITAL,H05,M044,B050441,441,28,2026-08-22,2026-11-14
INV000488,HOSPITAL,H05,M044,B050442,295,11,2026-07-29,2026-10-20
INV000489,HOSPITAL,H05,M045,B050451,408,25,2026-08-19,2027-03-29
INV000490,HOSPITAL,H05,M045,B050452,273,1,2026-07-23,2026-11-14
INV000491,HOSPITAL,H05,M046,B050461,171,8,2026-07-23,2027-03-29
INV000492,HOSPITAL,H05,M046,B050462,115,8,2026-08-21,2026-12-29
INV000493,HOSPITAL,H05,M047,B050471,494,24,2026-08-17,2026-12-29
INV000494,HOSPITAL,H05,M047,B050472,330,8,2026-09-17,2026-12-29
INV000495,HOSPITAL,H05,M048,B050481,724,47,2026-07-31,2026-11-14
INV000496,HOSPITAL,H05,M048,B050482,484,37,2026-07-13,2026-10-20
INV000497,HOSPITAL,H05,M049,B050491,87,6,2026-07-21,2027-09-30
INV000498,HOSPITAL,H05,M049,B050492,59,3,2026-07-03,2026-12-29
INV000499,HOSPITAL,H05,M050,B050501,282,16,2026-08-25,2027-03-29
INV000500,HOSPITAL,H05,M050,B050502,189,11,2026-08-24,2027-09-30
INV000501,HOSPITAL,H06,M001,B060011,110,4,2026-09-13,2027-03-29
INV000502,HOSPITAL,H06,M001,B060012,74,1,2026-07-12,2026-11-14
INV000503,HOSPITAL,H06,M002,B060021,174,1,2026-08-18,2026-12-29
INV000504,HOSPITAL,H06,M002,B060022,117,2,2026-07-08,2026-11-14
INV000505,HOSPITAL,H06,M003,B060031,191,6,2026-08-25,2026-11-14
INV000506,HOSPITAL,H06,M003,B060032,128,0,2026-09-20,2026-11-14
INV000507,HOSPITAL,H06,M004,B060041,220,12,2026-08-28,2026-11-14
INV000508,HOSPITAL,H06,M004,B060042,147,4,2026-08-23,2027-09-30
INV000509,HOSPITAL,H06,M005,B060051,147,11,2026-08-16,2026-12-29
INV000510,HOSPITAL,H06,M005,B060052,99,0,2026-09-08,2027-09-30
INV000511,HOSPITAL,H06,M006,B060061,235,6,2026-08-12,2026-12-29
INV000512,HOSPITAL,H06,M006,B060062,158,0,2026-09-02,2026-11-14
INV000513,HOSPITAL,H06,M007,B060071,328,12,2026-07-31,2026-12-29
INV000514,HOSPITAL,H06,M007,B060072,220,10,2026-07-29,2026-12-29
INV000515,HOSPITAL,H06,M008,B060081,152,11,2026-07-26,2026-10-20
INV000516,HOSPITAL,H06,M008,B060082,102,2,2026-09-07,2026-10-20
INV000517,HOSPITAL,H06,M009,B060091,63,2,2026-09-01,2026-11-14
INV000518,HOSPITAL,H06,M009,B060092,43,1,2026-07-29,2027-09-30
INV000519,HOSPITAL,H06,M010,B060101,224,0,2026-08-26,2027-03-29
INV000520,HOSPITAL,H06,M010,B060102,150,1,2026-09-12,2027-03-29
INV000521,HOSPITAL,H06,M011,B060111,135,6,2026-07-17,2026-10-20
INV000522,HOSPITAL,H06,M011,B060112,91,6,2026-08-05,2027-03-29
INV000523,HOSPITAL,H06,M012,B060121,127,5,2026-07-22,2027-09-30
INV000524,HOSPITAL,H06,M012,B060122,85,6,2026-09-20,2026-11-14
INV000525,HOSPITAL,H06,M013,B060131,155,5,2026-07-17,2026-10-20
INV000526,HOSPITAL,H06,M013,B060132,104,3,2026-07-28,2027-03-29
INV000527,HOSPITAL,H06,M014,B060141,227,2,2026-07-04,2026-10-20
INV000528,HOSPITAL,H06,M014,B060142,152,7,2026-08-23,2026-10-20
INV000529,HOSPITAL,H06,M015,B060151,154,0,2026-08-23,2026-12-29
INV000530,HOSPITAL,H06,M015,B060152,103,6,2026-09-05,2026-12-29
INV000531,HOSPITAL,H06,M016,B060161,445,15,2026-08-18,2027-03-29
INV000532,HOSPITAL,H06,M016,B060162,298,15,2026-08-26,2026-10-20
INV000533,HOSPITAL,H06,M017,B060171,97,1,2026-07-28,2027-09-30
INV000534,HOSPITAL,H06,M017,B060172,66,2,2026-08-09,2026-12-29
INV000535,HOSPITAL,H06,M018,B060181,138,8,2026-08-02,2027-03-29
INV000536,HOSPITAL,H06,M018,B060182,93,2,2026-09-16,2027-09-30
INV000537,HOSPITAL,H06,M019,B060191,161,0,2026-09-04,2027-09-30
INV000538,HOSPITAL,H06,M019,B060192,108,7,2026-09-09,2026-12-29
INV000539,HOSPITAL,H06,M020,B060201,202,6,2026-08-08,2027-09-30
INV000540,HOSPITAL,H06,M020,B060202,136,2,2026-08-20,2026-10-20
INV000541,HOSPITAL,H06,M021,B060211,151,10,2026-07-16,2026-10-20
INV000542,HOSPITAL,H06,M021,B060212,102,4,2026-07-18,2026-10-20
INV000543,HOSPITAL,H06,M022,B060221,213,6,2026-08-10,2026-10-20
INV000544,HOSPITAL,H06,M022,B060222,142,3,2026-07-09,2026-10-20
INV000545,HOSPITAL,H06,M023,B060231,175,3,2026-08-31,2026-10-20
INV000546,HOSPITAL,H06,M023,B060232,117,2,2026-08-28,2027-03-29
INV000547,HOSPITAL,H06,M024,B060241,244,2,2026-07-31,2026-12-29
INV000548,HOSPITAL,H06,M024,B060242,164,8,2026-08-06,2026-11-14
INV000549,HOSPITAL,H06,M025,B060251,113,7,2026-08-22,2026-12-29
INV000550,HOSPITAL,H06,M025,B060252,76,4,2026-09-17,2026-12-29
INV000551,HOSPITAL,H06,M026,B060261,171,7,2026-07-26,2026-12-29
INV000552,HOSPITAL,H06,M026,B060262,114,2,2026-07-24,2026-10-20
INV000553,HOSPITAL,H06,M027,B060271,94,4,2026-08-12,2026-10-20
INV000554,HOSPITAL,H06,M027,B060272,63,4,2026-08-15,2027-09-30
INV000555,HOSPITAL,H06,M028,B060281,231,4,2026-07-03,2026-11-14
INV000556,HOSPITAL,H06,M028,B060282,154,8,2026-09-20,2026-12-29
INV000557,HOSPITAL,H06,M029,B060291,157,10,2026-09-12,2027-03-29
INV000558,HOSPITAL,H06,M029,B060292,106,5,2026-07-19,2026-10-20
INV000559,HOSPITAL,H06,M030,B060301,277,11,2026-08-24,2027-03-29
INV000560,HOSPITAL,H06,M030,B060302,186,4,2026-07-15,2026-11-14
INV000561,HOSPITAL,H06,M031,B060311,227,18,2026-08-14,2027-09-30
INV000562,HOSPITAL,H06,M031,B060312,152,4,2026-09-06,2026-12-29
INV000563,HOSPITAL,H06,M032,B060321,237,2,2026-07-10,2027-03-29
INV000564,HOSPITAL,H06,M032,B060322,159,12,2026-09-07,2027-09-30
INV000565,HOSPITAL,H06,M033,B060331,111,4,2026-07-22,2027-09-30
INV000566,HOSPITAL,H06,M033,B060332,74,5,2026-09-07,2027-09-30
INV000567,HOSPITAL,H06,M034,B060341,200,14,2026-07-17,2026-10-20
INV000568,HOSPITAL,H06,M034,B060342,134,9,2026-07-30,2026-11-14
INV000569,HOSPITAL,H06,M035,B060351,168,1,2026-07-23,2026-12-29
INV000570,HOSPITAL,H06,M035,B060352,112,5,2026-08-22,2026-10-20
INV000571,HOSPITAL,H06,M036,B060361,235,6,2026-08-05,2026-11-14
INV000572,HOSPITAL,H06,M036,B060362,158,0,2026-09-14,2026-10-20
INV000573,HOSPITAL,H06,M037,B060371,275,17,2026-09-06,2027-09-30
INV000574,HOSPITAL,H06,M037,B060372,184,9,2026-09-15,2027-03-29
INV000575,HOSPITAL,H06,M038,B060381,375,5,2026-09-13,2027-09-30
INV000576,HOSPITAL,H06,M038,B060382,251,19,2026-07-17,2026-11-14
INV000577,HOSPITAL,H06,M039,B060391,268,2,2026-09-13,2027-09-30
INV000578,HOSPITAL,H06,M039,B060392,180,7,2026-08-04,2027-09-30
INV000579,HOSPITAL,H06,M040,B060401,477,2,2026-08-08,2027-09-30
INV000580,HOSPITAL,H06,M040,B060402,318,4,2026-09-04,2027-03-29
INV000581,HOSPITAL,H06,M041,B060411,67,0,2026-09-20,2026-12-29
INV000582,HOSPITAL,H06,M041,B060412,45,1,2026-08-22,2027-09-30
INV000583,HOSPITAL,H06,M042,B060421,102,5,2026-07-23,2026-12-29
INV000584,HOSPITAL,H06,M042,B060422,68,0,2026-07-03,2026-11-14
INV000585,HOSPITAL,H06,M043,B060431,78,1,2026-09-20,2026-11-14
INV000586,HOSPITAL,H06,M043,B060432,52,1,2026-09-02,2026-10-20
INV000587,HOSPITAL,H06,M044,B060441,90,1,2026-08-26,2027-03-29
INV000588,HOSPITAL,H06,M044,B060442,61,0,2026-07-13,2026-10-20
INV000589,HOSPITAL,H06,M045,B060451,325,23,2026-08-20,2026-11-14
INV000590,HOSPITAL,H06,M045,B060452,218,3,2026-07-28,2027-03-29
INV000591,HOSPITAL,H06,M046,B060461,81,6,2026-08-09,2026-11-14
INV000592,HOSPITAL,H06,M046,B060462,54,3,2026-08-19,2027-03-29
INV000593,HOSPITAL,H06,M047,B060471,172,2,2026-07-12,2027-03-29
INV000594,HOSPITAL,H06,M047,B060472,116,4,2026-08-08,2026-10-20
INV000595,HOSPITAL,H06,M048,B060481,182,12,2026-07-24,2026-10-20
INV000596,HOSPITAL,H06,M048,B060482,122,0,2026-08-21,2027-09-30
INV000597,HOSPITAL,H06,M049,B060491,154,1,2026-08-07,2026-12-29
INV000598,HOSPITAL,H06,M049,B060492,103,2,2026-07-28,2027-09-30
INV000599,HOSPITAL,H06,M050,B060501,213,10,2026-08-06,2026-10-20
INV000600,HOSPITAL,H06,M050,B060502,142,9,2026-07-25,2026-10-20
INV000601,HOSPITAL,H07,M001,B070011,131,4,2026-08-11,2027-03-29
INV000602,HOSPITAL,H07,M001,B070012,88,6,2026-08-18,2027-09-30
INV000603,HOSPITAL,H07,M002,B070021,359,20,2026-08-26,2027-09-30
INV000604,HOSPITAL,H07,M002,B070022,240,18,2026-09-20,2026-11-14
INV000605,HOSPITAL,H07,M003,B070031,172,10,2026-08-15,2026-12-29
INV000606,HOSPITAL,H07,M003,B070032,115,6,2026-07-25,2027-03-29
INV000607,HOSPITAL,H07,M004,B070041,243,2,2026-07-22,2026-12-29
INV000608,HOSPITAL,H07,M004,B070042,162,9,2026-07-14,2027-09-30
INV000609,HOSPITAL,H07,M005,B070051,775,10,2026-09-09,2026-11-14
INV000610,HOSPITAL,H07,M005,B070052,517,39,2026-08-03,2027-09-30
INV000611,HOSPITAL,H07,M006,B070061,406,29,2026-08-25,2027-09-30
INV000612,HOSPITAL,H07,M006,B070062,272,12,2026-07-20,2026-12-29
INV000613,HOSPITAL,H07,M007,B070071,208,1,2026-09-15,2026-11-14
INV000614,HOSPITAL,H07,M007,B070072,139,4,2026-08-29,2027-09-30
INV000615,HOSPITAL,H07,M008,B070081,465,24,2026-07-24,2026-12-29
INV000616,HOSPITAL,H07,M008,B070082,311,15,2026-07-23,2027-09-30
INV000617,HOSPITAL,H07,M009,B070091,289,15,2026-07-31,2027-03-29
INV000618,HOSPITAL,H07,M009,B070092,193,11,2026-08-03,2027-03-29
INV000619,HOSPITAL,H07,M010,B070101,448,30,2026-07-24,2027-03-29
INV000620,HOSPITAL,H07,M010,B070102,300,17,2026-09-08,2027-09-30
INV000621,HOSPITAL,H07,M011,B070111,221,5,2026-08-18,2026-11-14
INV000622,HOSPITAL,H07,M011,B070112,148,10,2026-08-26,2027-09-30
INV000623,HOSPITAL,H07,M012,B070121,444,12,2026-08-18,2026-12-29
INV000624,HOSPITAL,H07,M012,B070122,296,6,2026-08-09,2026-10-20
INV000625,HOSPITAL,H07,M013,B070131,236,10,2026-09-18,2026-12-29
INV000626,HOSPITAL,H07,M013,B070132,158,6,2026-08-31,2027-09-30
INV000627,HOSPITAL,H07,M014,B070141,431,34,2026-08-09,2026-12-29
INV000628,HOSPITAL,H07,M014,B070142,288,14,2026-07-11,2026-11-14
INV000629,HOSPITAL,H07,M015,B070151,298,4,2026-09-18,2027-09-30
INV000630,HOSPITAL,H07,M015,B070152,200,11,2026-08-17,2027-03-29
INV000631,HOSPITAL,H07,M016,B070161,541,37,2026-08-19,2027-09-30
INV000632,HOSPITAL,H07,M016,B070162,362,7,2026-07-19,2027-03-29
INV000633,HOSPITAL,H07,M017,B070171,55,2,2026-09-10,2027-09-30
INV000634,HOSPITAL,H07,M017,B070172,37,1,2026-08-09,2026-11-14
INV000635,HOSPITAL,H07,M018,B070181,252,12,2026-07-21,2026-10-20
INV000636,HOSPITAL,H07,M018,B070182,169,9,2026-07-23,2027-03-29
INV000637,HOSPITAL,H07,M019,B070191,443,23,2026-07-18,2027-03-29
INV000638,HOSPITAL,H07,M019,B070192,296,17,2026-07-28,2027-09-30
INV000639,HOSPITAL,H07,M020,B070201,287,20,2026-09-19,2027-09-30
INV000640,HOSPITAL,H07,M020,B070202,192,11,2026-08-30,2026-10-20
INV000641,HOSPITAL,H07,M021,B070211,438,7,2026-09-12,2027-03-29
INV000642,HOSPITAL,H07,M021,B070212,292,20,2026-08-29,2026-11-14
INV000643,HOSPITAL,H07,M022,B070221,680,2,2026-08-11,2027-09-30
INV000644,HOSPITAL,H07,M022,B070222,454,34,2026-09-16,2026-10-20
INV000645,HOSPITAL,H07,M023,B070231,530,32,2026-07-03,2027-03-29
INV000646,HOSPITAL,H07,M023,B070232,354,12,2026-08-27,2026-11-14
INV000647,HOSPITAL,H07,M024,B070241,462,16,2026-08-21,2026-10-20
INV000648,HOSPITAL,H07,M024,B070242,309,23,2026-07-10,2027-03-29
INV000649,HOSPITAL,H07,M025,B070251,358,8,2026-07-18,2026-11-14
INV000650,HOSPITAL,H07,M025,B070252,239,7,2026-09-11,2027-09-30
INV000651,HOSPITAL,H07,M026,B070261,391,17,2026-07-18,2026-12-29
INV000652,HOSPITAL,H07,M026,B070262,262,2,2026-09-09,2026-10-20
INV000653,HOSPITAL,H07,M027,B070271,439,7,2026-09-05,2027-03-29
INV000654,HOSPITAL,H07,M027,B070272,294,22,2026-09-05,2026-11-14
INV000655,HOSPITAL,H07,M028,B070281,603,4,2026-07-20,2027-03-29
INV000656,HOSPITAL,H07,M028,B070282,402,7,2026-08-10,2026-11-14
INV000657,HOSPITAL,H07,M029,B070291,543,12,2026-07-19,2026-10-20
INV000658,HOSPITAL,H07,M029,B070292,363,25,2026-07-23,2027-03-29
INV000659,HOSPITAL,H07,M030,B070301,573,13,2026-07-09,2026-11-14
INV000660,HOSPITAL,H07,M030,B070302,383,21,2026-08-02,2027-09-30
INV000661,HOSPITAL,H07,M031,B070311,662,51,2026-07-26,2027-03-29
INV000662,HOSPITAL,H07,M031,B070312,442,5,2026-07-16,2027-03-29
INV000663,HOSPITAL,H07,M032,B070321,618,30,2026-07-08,2026-10-20
INV000664,HOSPITAL,H07,M032,B070322,412,16,2026-08-31,2027-03-29
INV000665,HOSPITAL,H07,M033,B070331,373,24,2026-09-18,2026-10-20
INV000666,HOSPITAL,H07,M033,B070332,250,7,2026-08-27,2027-09-30
INV000667,HOSPITAL,H07,M034,B070341,267,14,2026-08-17,2027-09-30
INV000668,HOSPITAL,H07,M034,B070342,179,7,2026-07-13,2027-03-29
INV000669,HOSPITAL,H07,M035,B070351,360,20,2026-08-21,2026-11-14
INV000670,HOSPITAL,H07,M035,B070352,241,4,2026-09-11,2026-12-29
INV000671,HOSPITAL,H07,M036,B070361,379,15,2026-08-05,2027-09-30
INV000672,HOSPITAL,H07,M036,B070362,253,18,2026-08-06,2026-12-29
INV000673,HOSPITAL,H07,M037,B070371,442,10,2026-07-23,2027-09-30
INV000674,HOSPITAL,H07,M037,B070372,296,17,2026-07-25,2026-12-29
INV000675,HOSPITAL,H07,M038,B070381,466,5,2026-07-29,2026-11-14
INV000676,HOSPITAL,H07,M038,B070382,312,8,2026-08-06,2026-11-14
INV000677,HOSPITAL,H07,M039,B070391,667,33,2026-08-16,2027-03-29
INV000678,HOSPITAL,H07,M039,B070392,445,17,2026-07-14,2027-03-29
INV000679,HOSPITAL,H07,M040,B070401,541,28,2026-09-05,2026-11-14
INV000680,HOSPITAL,H07,M040,B070402,362,15,2026-09-10,2027-03-29
INV000681,HOSPITAL,H07,M041,B070411,249,5,2026-08-13,2026-12-29
INV000682,HOSPITAL,H07,M041,B070412,166,6,2026-07-18,2026-10-20
INV000683,HOSPITAL,H07,M042,B070421,187,12,2026-09-16,2026-12-29
INV000684,HOSPITAL,H07,M042,B070422,126,10,2026-07-29,2027-03-29
INV000685,HOSPITAL,H07,M043,B070431,315,20,2026-07-14,2026-10-20
INV000686,HOSPITAL,H07,M043,B070432,211,7,2026-08-22,2027-09-30
INV000687,HOSPITAL,H07,M044,B070441,586,8,2026-07-20,2026-11-14
INV000688,HOSPITAL,H07,M044,B070442,391,3,2026-07-09,2026-11-14
INV000689,HOSPITAL,H07,M045,B070451,491,16,2026-07-27,2027-03-29
INV000690,HOSPITAL,H07,M045,B070452,328,16,2026-08-05,2027-09-30
INV000691,HOSPITAL,H07,M046,B070461,450,2,2026-07-28,2026-11-14
INV000692,HOSPITAL,H07,M046,B070462,300,7,2026-08-27,2027-03-29
INV000693,HOSPITAL,H07,M047,B070471,573,19,2026-09-20,2026-12-29
INV000694,HOSPITAL,H07,M047,B070472,382,14,2026-08-03,2026-10-20
INV000695,HOSPITAL,H07,M048,B070481,860,33,2026-09-07,2026-12-29
INV000696,HOSPITAL,H07,M048,B070482,574,0,2026-07-22,2027-03-29
INV000697,HOSPITAL,H07,M049,B070491,129,0,2026-08-30,2026-12-29
INV000698,HOSPITAL,H07,M049,B070492,86,4,2026-07-11,2026-10-20
INV000699,HOSPITAL,H07,M050,B070501,504,21,2026-07-23,2027-03-29
INV000700,HOSPITAL,H07,M050,B070502,336,4,2026-08-21,2026-12-29
INV000701,HOSPITAL,H08,M001,B080011,40,1,2026-07-31,2026-12-29
INV000702,HOSPITAL,H08,M001,B080012,27,1,2026-07-24,2026-12-29
INV000703,HOSPITAL,H08,M002,B080021,52,0,2026-07-14,2027-09-30
INV000704,HOSPITAL,H08,M002,B080022,36,1,2026-09-17,2026-12-29
INV000705,HOSPITAL,H08,M003,B080031,132,0,2026-08-26,2026-12-29
INV000706,HOSPITAL,H08,M003,B080032,88,6,2026-08-17,2027-03-29
INV000707,HOSPITAL,H08,M004,B080041,148,6,2026-07-06,2026-12-29
INV000708,HOSPITAL,H08,M004,B080042,100,4,2026-08-09,2026-10-20
INV000709,HOSPITAL,H08,M005,B080051,30,2,2026-08-08,2027-03-29
INV000710,HOSPITAL,H08,M005,B080052,21,1,2026-08-17,2027-03-29
INV000711,HOSPITAL,H08,M006,B080061,76,2,2026-08-03,2026-11-14
INV000712,HOSPITAL,H08,M006,B080062,52,0,2026-09-14,2027-03-29
INV000713,HOSPITAL,H08,M007,B080071,141,5,2026-07-19,2027-03-29
INV000714,HOSPITAL,H08,M007,B080072,94,0,2026-07-30,2026-12-29
INV000715,HOSPITAL,H08,M008,B080081,247,2,2026-08-06,2026-12-29
INV000716,HOSPITAL,H08,M008,B080082,165,0,2026-07-24,2026-10-20
INV000717,HOSPITAL,H08,M009,B080091,69,3,2026-08-26,2027-09-30
INV000718,HOSPITAL,H08,M009,B080092,47,2,2026-08-09,2027-03-29
INV000719,HOSPITAL,H08,M010,B080101,87,2,2026-07-28,2026-11-14
INV000720,HOSPITAL,H08,M010,B080102,58,1,2026-07-03,2027-09-30
INV000721,HOSPITAL,H08,M011,B080111,113,4,2026-07-30,2026-11-14
INV000722,HOSPITAL,H08,M011,B080112,76,0,2026-08-26,2026-11-14
INV000723,HOSPITAL,H08,M012,B080121,176,11,2026-07-17,2026-12-29
INV000724,HOSPITAL,H08,M012,B080122,118,2,2026-08-16,2026-11-14
INV000725,HOSPITAL,H08,M013,B080131,162,6,2026-09-06,2026-12-29
INV000726,HOSPITAL,H08,M013,B080132,109,4,2026-07-08,2027-09-30
INV000727,HOSPITAL,H08,M014,B080141,100,6,2026-08-15,2027-09-30
INV000728,HOSPITAL,H08,M014,B080142,68,3,2026-08-02,2026-10-20
INV000729,HOSPITAL,H08,M015,B080151,150,4,2026-07-27,2026-11-14
INV000730,HOSPITAL,H08,M015,B080152,101,5,2026-09-20,2026-10-20
INV000731,HOSPITAL,H08,M016,B080161,244,7,2026-08-28,2027-03-29
INV000732,HOSPITAL,H08,M016,B080162,163,2,2026-07-16,2026-12-29
INV000733,HOSPITAL,H08,M017,B080171,76,1,2026-07-30,2026-11-14
INV000734,HOSPITAL,H08,M017,B080172,51,0,2026-08-16,2026-10-20
INV000735,HOSPITAL,H08,M018,B080181,54,1,2026-08-01,2027-03-29
INV000736,HOSPITAL,H08,M018,B080182,37,0,2026-08-09,2027-09-30
INV000737,HOSPITAL,H08,M019,B080191,168,2,2026-08-18,2026-12-29
INV000738,HOSPITAL,H08,M019,B080192,113,0,2026-07-14,2027-03-29
INV000739,HOSPITAL,H08,M020,B080201,82,0,2026-08-21,2026-12-29
INV000740,HOSPITAL,H08,M020,B080202,56,1,2026-07-20,2026-10-20
INV000741,HOSPITAL,H08,M021,B080211,81,0,2026-07-27,2026-11-14
INV000742,HOSPITAL,H08,M021,B080212,54,0,2026-08-09,2026-10-20
INV000743,HOSPITAL,H08,M022,B080221,100,0,2026-09-19,2026-11-14
INV000744,HOSPITAL,H08,M022,B080222,67,2,2026-08-06,2026-10-20
INV000745,HOSPITAL,H08,M023,B080231,192,13,2026-09-20,2026-10-20
INV000746,HOSPITAL,H08,M023,B080232,128,7,2026-09-07,2026-11-14
INV000747,HOSPITAL,H08,M024,B080241,184,12,2026-09-10,2026-12-29
INV000748,HOSPITAL,H08,M024,B080242,124,6,2026-09-11,2027-03-29
INV000749,HOSPITAL,H08,M025,B080251,43,1,2026-07-08,2026-11-14
INV000750,HOSPITAL,H08,M025,B080252,29,1,2026-07-13,2026-10-20
INV000751,HOSPITAL,H08,M026,B080261,122,0,2026-09-18,2026-11-14
INV000752,HOSPITAL,H08,M026,B080262,82,3,2026-08-01,2026-12-29
INV000753,HOSPITAL,H08,M027,B080271,80,4,2026-08-29,2027-09-30
INV000754,HOSPITAL,H08,M027,B080272,54,1,2026-07-24,2027-09-30
INV000755,HOSPITAL,H08,M028,B080281,91,5,2026-09-13,2026-11-14
INV000756,HOSPITAL,H08,M028,B080282,62,3,2026-07-28,2027-03-29
INV000757,HOSPITAL,H08,M029,B080291,223,2,2026-08-07,2026-11-14
INV000758,HOSPITAL,H08,M029,B080292,150,7,2026-07-03,2026-12-29
INV000759,HOSPITAL,H08,M030,B080301,210,16,2026-08-24,2027-03-29
INV000760,HOSPITAL,H08,M030,B080302,141,3,2026-09-10,2026-12-29
INV000761,HOSPITAL,H08,M031,B080311,217,3,2026-08-19,2026-10-20
INV000762,HOSPITAL,H08,M031,B080312,145,8,2026-07-20,2027-09-30
INV000763,HOSPITAL,H08,M032,B080321,106,7,2026-07-10,2026-12-29
INV000764,HOSPITAL,H08,M032,B080322,71,5,2026-09-08,2026-10-20
INV000765,HOSPITAL,H08,M033,B080331,97,3,2026-07-05,2026-12-29
INV000766,HOSPITAL,H08,M033,B080332,65,1,2026-08-27,2026-10-20
INV000767,HOSPITAL,H08,M034,B080341,145,10,2026-09-16,2026-12-29
INV000768,HOSPITAL,H08,M034,B080342,97,3,2026-08-18,2027-03-29
INV000769,HOSPITAL,H08,M035,B080351,88,0,2026-08-16,2027-09-30
INV000770,HOSPITAL,H08,M035,B080352,60,4,2026-08-04,2026-10-20
INV000771,HOSPITAL,H08,M036,B080361,119,8,2026-07-16,2026-12-29
INV000772,HOSPITAL,H08,M036,B080362,80,2,2026-08-18,2026-11-14
INV000773,HOSPITAL,H08,M037,B080371,95,1,2026-07-15,2026-10-20
INV000774,HOSPITAL,H08,M037,B080372,64,1,2026-08-05,2026-11-14
INV000775,HOSPITAL,H08,M038,B080381,171,1,2026-07-12,2026-11-14
INV000776,HOSPITAL,H08,M038,B080382,114,0,2026-07-18,2026-10-20
INV000777,HOSPITAL,H08,M039,B080391,279,21,2026-08-23,2026-11-14
INV000778,HOSPITAL,H08,M039,B080392,187,9,2026-09-07,2027-09-30
INV000779,HOSPITAL,H08,M040,B080401,150,6,2026-07-05,2026-12-29
INV000780,HOSPITAL,H08,M040,B080402,101,3,2026-08-08,2026-11-14
INV000781,HOSPITAL,H08,M041,B080411,40,1,2026-07-15,2027-03-29
INV000782,HOSPITAL,H08,M041,B080412,27,1,2026-08-15,2027-09-30
INV000783,HOSPITAL,H08,M042,B080421,70,5,2026-08-30,2026-12-29
INV000784,HOSPITAL,H08,M042,B080422,47,0,2026-09-04,2026-11-14
INV000785,HOSPITAL,H08,M043,B080431,151,3,2026-07-20,2026-12-29
INV000786,HOSPITAL,H08,M043,B080432,102,7,2026-09-08,2026-10-20
INV000787,HOSPITAL,H08,M044,B080441,72,2,2026-07-25,2027-09-30
INV000788,HOSPITAL,H08,M044,B080442,49,3,2026-09-11,2026-10-20
INV000789,HOSPITAL,H08,M045,B080451,75,5,2026-08-27,2026-10-20
INV000790,HOSPITAL,H08,M045,B080452,51,2,2026-08-25,2027-03-29
INV000791,HOSPITAL,H08,M046,B080461,197,0,2026-08-30,2026-11-14
INV000792,HOSPITAL,H08,M046,B080462,132,6,2026-08-16,2027-03-29
INV000793,HOSPITAL,H08,M047,B080471,42,1,2026-09-10,2026-10-20
INV000794,HOSPITAL,H08,M047,B080472,28,0,2026-08-21,2026-10-20
INV000795,HOSPITAL,H08,M048,B080481,268,2,2026-07-08,2027-03-29
INV000796,HOSPITAL,H08,M048,B080482,179,4,2026-09-11,2026-12-29
INV000797,HOSPITAL,H08,M049,B080491,36,1,2026-08-18,2026-10-20
INV000798,HOSPITAL,H08,M049,B080492,24,0,2026-09-08,2027-09-30
INV000799,HOSPITAL,H08,M050,B080501,60,1,2026-07-07,2027-09-30
INV000800,HOSPITAL,H08,M050,B080502,41,1,2026-08-14,2026-11-14
INV000801,DISTRIBUTOR,S01,M002,B010021,185,0,2026-09-16,2026-11-29
INV000802,DISTRIBUTOR,S01,M006,B010061,206,5,2026-09-01,2026-10-30
INV000803,DISTRIBUTOR,S01,M007,B010071,1226,16,2026-09-03,2026-11-29
INV000804,DISTRIBUTOR,S01,M008,B010081,1275,15,2026-08-03,2026-10-30
INV000805,DISTRIBUTOR,S01,M017,B010171,1199,9,2026-09-20,2027-01-28
INV000806,DISTRIBUTOR,S01,M019,B010191,110,3,2026-08-19,2027-05-28
INV000807,DISTRIBUTOR,S01,M020,B010201,765,30,2026-09-24,2027-09-30
INV000808,DISTRIBUTOR,S01,M021,B010211,444,7,2026-09-22,2027-09-30
INV000809,DISTRIBUTOR,S01,M023,B010231,143,3,2026-08-22,2027-09-30
INV000810,DISTRIBUTOR,S01,M027,B010271,748,4,2026-09-16,2026-11-29
INV000811,DISTRIBUTOR,S01,M030,B010301,837,34,2026-09-12,2027-05-28
INV000812,DISTRIBUTOR,S01,M031,B010311,120,2,2026-08-06,2026-11-29
INV000813,DISTRIBUTOR,S01,M034,B010341,259,4,2026-08-02,2026-10-30
INV000814,DISTRIBUTOR,S01,M035,B010351,1358,3,2026-08-24,2027-05-28
INV000815,DISTRIBUTOR,S01,M036,B010361,780,36,2026-08-17,2026-11-29
INV000816,DISTRIBUTOR,S01,M039,B010391,682,23,2026-08-21,2026-11-29
INV000817,DISTRIBUTOR,S01,M042,B010421,1101,43,2026-08-21,2026-10-30
INV000818,DISTRIBUTOR,S01,M044,B010441,380,5,2026-09-02,2027-09-30
INV000819,DISTRIBUTOR,S01,M049,B010491,1416,6,2026-08-23,2026-10-30
INV000820,MANUFACTURER,S02,M002,B020021,297,9,2026-08-20,2026-11-29
INV000821,MANUFACTURER,S02,M003,B020031,1421,67,2026-08-30,2027-09-30
INV000822,MANUFACTURER,S02,M005,B020051,563,14,2026-08-21,2027-05-28
INV000823,MANUFACTURER,S02,M009,B020091,1275,39,2026-08-31,2027-01-28
INV000824,MANUFACTURER,S02,M011,B020111,202,0,2026-09-22,2027-05-28
INV000825,MANUFACTURER,S02,M012,B020121,316,13,2026-09-17,2026-10-30
INV000826,MANUFACTURER,S02,M014,B020141,577,20,2026-09-07,2027-01-28
INV000827,MANUFACTURER,S02,M017,B020171,894,28,2026-09-05,2027-09-30
INV000828,MANUFACTURER,S02,M018,B020181,1424,59,2026-09-19,2027-09-30
INV000829,MANUFACTURER,S02,M019,B020191,1330,48,2026-08-18,2027-09-30
INV000830,MANUFACTURER,S02,M021,B020211,1237,41,2026-09-09,2027-05-28
INV000831,MANUFACTURER,S02,M025,B020251,61,0,2026-08-17,2026-11-29
INV000832,MANUFACTURER,S02,M027,B020271,474,8,2026-09-08,2027-01-28
INV000833,MANUFACTURER,S02,M028,B020281,435,18,2026-08-14,2026-11-29
INV000834,MANUFACTURER,S02,M034,B020341,493,3,2026-08-29,2027-09-30
INV000835,MANUFACTURER,S02,M037,B020371,1464,54,2026-09-17,2026-10-30
INV000836,MANUFACTURER,S02,M040,B020401,1439,44,2026-09-14,2026-10-30
INV000837,MANUFACTURER,S02,M044,B020441,868,2,2026-08-02,2027-01-28
INV000838,MANUFACTURER,S02,M046,B020461,1495,68,2026-08-13,2027-09-30
INV000839,MANUFACTURER,S02,M048,B020481,316,6,2026-09-13,2026-11-29
INV000840,MANUFACTURER,S02,M050,B020501,770,11,2026-09-17,2027-05-28
INV000841,PHARMACY,S03,M003,B030031,694,24,2026-09-07,2027-09-30
INV000842,PHARMACY,S03,M004,B030041,109,1,2026-08-06,2027-09-30
INV000843,PHARMACY,S03,M005,B030051,461,10,2026-08-08,2026-11-29
INV000844,PHARMACY,S03,M007,B030071,1064,20,2026-08-27,2026-10-30
INV000845,PHARMACY,S03,M011,B030111,76,2,2026-08-11,2027-09-30
INV000846,PHARMACY,S03,M013,B030131,203,7,2026-09-05,2027-09-30
INV000847,PHARMACY,S03,M016,B030161,326,6,2026-09-09,2026-10-30
INV000848,PHARMACY,S03,M017,B030171,398,14,2026-08-03,2026-10-30
INV000849,PHARMACY,S03,M021,B030211,1113,26,2026-08-26,2027-01-28
INV000850,PHARMACY,S03,M026,B030261,177,6,2026-08-07,2027-01-28
INV000851,PHARMACY,S03,M027,B030271,367,3,2026-08-06,2027-05-28
INV000852,PHARMACY,S03,M028,B030281,800,30,2026-09-16,2027-01-28
INV000853,PHARMACY,S03,M030,B030301,740,16,2026-08-03,2027-05-28
INV000854,PHARMACY,S03,M034,B030341,1165,51,2026-08-23,2026-11-29
INV000855,PHARMACY,S03,M035,B030351,1486,72,2026-09-13,2027-09-30
INV000856,PHARMACY,S03,M037,B030371,1052,2,2026-08-30,2027-05-28
INV000857,PHARMACY,S03,M042,B030421,1177,40,2026-08-05,2027-09-30
INV000858,PHARMACY,S03,M043,B030431,866,29,2026-09-12,2026-11-29
INV000859,PHARMACY,S03,M050,B030501,775,20,2026-08-22,2026-11-29
INV000860,DISTRIBUTOR,S04,M001,B040011,1381,55,2026-08-22,2027-01-28
INV000861,DISTRIBUTOR,S04,M003,B040031,1087,11,2026-09-11,2027-09-30
INV000862,DISTRIBUTOR,S04,M004,B040041,492,4,2026-09-17,2027-05-28
INV000863,DISTRIBUTOR,S04,M005,B040051,294,4,2026-08-22,2027-09-30
INV000864,DISTRIBUTOR,S04,M010,B040101,1266,9,2026-09-07,2027-01-28
INV000865,DISTRIBUTOR,S04,M011,B040111,53,0,2026-09-12,2027-09-30
INV000866,DISTRIBUTOR,S04,M014,B040141,898,8,2026-09-08,2027-01-28
INV000867,DISTRIBUTOR,S04,M015,B040151,902,37,2026-09-07,2027-01-28
INV000868,DISTRIBUTOR,S04,M017,B040171,962,6,2026-09-07,2027-01-28
INV000869,DISTRIBUTOR,S04,M018,B040181,716,22,2026-08-25,2026-11-29
INV000870,DISTRIBUTOR,S04,M019,B040191,518,7,2026-08-10,2027-05-28
INV000871,DISTRIBUTOR,S04,M024,B040241,728,18,2026-08-17,2027-01-28
INV000872,DISTRIBUTOR,S04,M030,B040301,163,1,2026-09-14,2026-10-30
INV000873,DISTRIBUTOR,S04,M031,B040311,1010,47,2026-09-05,2027-01-28
INV000874,DISTRIBUTOR,S04,M034,B040341,376,9,2026-08-15,2026-11-29
INV000875,DISTRIBUTOR,S04,M038,B040381,910,0,2026-08-12,2027-01-28
INV000876,DISTRIBUTOR,S04,M039,B040391,1114,52,2026-09-19,2027-05-28
INV000877,DISTRIBUTOR,S04,M041,B040411,1177,5,2026-08-03,2026-11-29
INV000878,DISTRIBUTOR,S04,M044,B040441,1275,18,2026-09-19,2027-05-28
INV000879,DISTRIBUTOR,S04,M046,B040461,1462,59,2026-09-05,2027-01-28
INV000880,DISTRIBUTOR,S04,M047,B040471,986,17,2026-08-26,2027-05-28
INV000881,DISTRIBUTOR,S04,M048,B040481,1362,51,2026-09-13,2026-11-29
INV000882,DISTRIBUTOR,S04,M049,B040491,1478,34,2026-09-03,2027-01-28
INV000883,DISTRIBUTOR,S04,M050,B040501,1233,10,2026-09-02,2026-10-30
INV000884,MANUFACTURER,S05,M004,B050041,705,32,2026-08-02,2026-11-29
INV000885,MANUFACTURER,S05,M005,B050051,176,0,2026-08-24,2027-05-28
INV000886,MANUFACTURER,S05,M006,B050061,776,5,2026-09-08,2027-09-30
INV000887,MANUFACTURER,S05,M008,B050081,1293,52,2026-08-21,2026-11-29
INV000888,MANUFACTURER,S05,M010,B050101,874,26,2026-08-02,2027-09-30
INV000889,MANUFACTURER,S05,M011,B050111,149,7,2026-09-20,2027-09-30
INV000890,MANUFACTURER,S05,M012,B050121,923,30,2026-09-09,2027-09-30
INV000891,MANUFACTURER,S05,M015,B050151,1230,8,2026-09-05,2027-09-30
INV000892,MANUFACTURER,S05,M016,B050161,759,37,2026-09-17,2027-09-30
INV000893,MANUFACTURER,S05,M020,B050201,619,28,2026-09-12,2027-05-28
INV000894,MANUFACTURER,S05,M021,B050211,1152,19,2026-08-22,2027-01-28
INV000895,MANUFACTURER,S05,M023,B050231,195,0,2026-08-12,2026-10-30
INV000896,MANUFACTURER,S05,M024,B050241,1243,28,2026-09-04,2027-05-28
INV000897,MANUFACTURER,S05,M028,B050281,323,13,2026-09-05,2026-10-30
INV000898,MANUFACTURER,S05,M031,B050311,654,9,2026-08-12,2026-11-29
INV000899,MANUFACTURER,S05,M034,B050341,280,0,2026-09-03,2026-11-29
INV000900,MANUFACTURER,S05,M035,B050351,958,47,2026-09-20,2027-09-30
INV000901,MANUFACTURER,S05,M037,B050371,78,2,2026-09-21,2027-09-30
INV000902,MANUFACTURER,S05,M038,B050381,719,17,2026-09-24,2027-01-28
INV000903,MANUFACTURER,S05,M047,B050471,1168,14,2026-08-11,2027-09-30
INV000904,PHARMACY,S06,M001,B060011,492,7,2026-09-11,2026-11-29
INV000905,PHARMACY,S06,M003,B060031,239,11,2026-08-29,2026-11-29
INV000906,PHARMACY,S06,M011,B060111,1301,52,2026-08-07,2026-11-29
INV000907,PHARMACY,S06,M015,B060151,873,24,2026-08-09,2027-09-30
INV000908,PHARMACY,S06,M016,B060161,88,2,2026-09-25,2026-10-30
INV000909,PHARMACY,S06,M019,B060191,898,20,2026-08-12,2026-11-29
INV000910,PHARMACY,S06,M020,B060201,387,7,2026-08-17,2027-01-28
INV000911,PHARMACY,S06,M021,B060211,380,6,2026-08-16,2026-11-29
INV000912,PHARMACY,S06,M022,B060221,429,9,2026-08-28,2026-10-30
INV000913,PHARMACY,S06,M025,B060251,863,13,2026-09-25,2026-10-30
INV000914,PHARMACY,S06,M028,B060281,611,8,2026-09-02,2026-11-29
INV000915,PHARMACY,S06,M029,B060291,1055,16,2026-08-12,2027-05-28
INV000916,PHARMACY,S06,M036,B060361,643,19,2026-08-17,2026-10-30
INV000917,PHARMACY,S06,M038,B060381,997,40,2026-09-06,2026-10-30
INV000918,PHARMACY,S06,M041,B060411,121,1,2026-09-08,2026-10-30
INV000919,PHARMACY,S06,M043,B060431,1426,66,2026-08-02,2026-10-30
INV000920,PHARMACY,S06,M045,B060451,1002,6,2026-08-04,2027-09-30
INV000921,PHARMACY,S06,M049,B060491,166,2,2026-09-17,2027-05-28
INV000922,DISTRIBUTOR,S07,M004,B070041,1086,48,2026-09-10,2026-10-30
INV000923,DISTRIBUTOR,S07,M005,B070051,287,3,2026-09-17,2027-01-28
INV000924,DISTRIBUTOR,S07,M006,B070061,187,9,2026-08-19,2027-05-28
INV000925,DISTRIBUTOR,S07,M012,B070121,1471,50,2026-08-26,2027-09-30
INV000926,DISTRIBUTOR,S07,M013,B070131,1451,32,2026-09-08,2026-10-30
INV000927,DISTRIBUTOR,S07,M015,B070151,334,14,2026-09-17,2026-10-30
INV000928,DISTRIBUTOR,S07,M016,B070161,971,2,2026-08-13,2026-11-29
INV000929,DISTRIBUTOR,S07,M017,B070171,253,12,2026-09-07,2027-05-28
INV000930,DISTRIBUTOR,S07,M020,B070201,1175,11,2026-08-21,2026-10-30
INV000931,DISTRIBUTOR,S07,M022,B070221,500,19,2026-08-27,2026-10-30
INV000932,DISTRIBUTOR,S07,M024,B070241,1287,9,2026-09-17,2027-01-28
INV000933,DISTRIBUTOR,S07,M026,B070261,392,11,2026-09-03,2026-10-30
INV000934,DISTRIBUTOR,S07,M028,B070281,1075,53,2026-09-20,2027-05-28
INV000935,DISTRIBUTOR,S07,M033,B070331,286,11,2026-08-10,2027-01-28
INV000936,DISTRIBUTOR,S07,M034,B070341,676,17,2026-09-10,2027-09-30
INV000937,DISTRIBUTOR,S07,M038,B070381,399,5,2026-09-14,2027-01-28
INV000938,DISTRIBUTOR,S07,M039,B070391,1188,23,2026-08-29,2027-09-30
INV000939,DISTRIBUTOR,S07,M042,B070421,436,0,2026-08-12,2027-05-28
INV000940,DISTRIBUTOR,S07,M045,B070451,347,16,2026-08-15,2027-09-30
INV000941,DISTRIBUTOR,S07,M047,B070471,65,0,2026-09-24,2026-11-29
INV000942,DISTRIBUTOR,S07,M050,B070501,1317,2,2026-09-02,2027-05-28
INV000943,MANUFACTURER,S08,M004,B080041,1323,6,2026-08-27,2027-05-28
INV000944,MANUFACTURER,S08,M010,B080101,1485,20,2026-09-19,2027-09-30
INV000945,MANUFACTURER,S08,M012,B080121,1021,24,2026-08-16,2027-09-30
INV000946,MANUFACTURER,S08,M014,B080141,1074,52,2026-09-03,2026-11-29
INV000947,MANUFACTURER,S08,M019,B080191,102,2,2026-08-19,2027-01-28
INV000948,MANUFACTURER,S08,M020,B080201,773,20,2026-08-03,2027-09-30
INV000949,MANUFACTURER,S08,M024,B080241,822,31,2026-08-25,2027-09-30
INV000950,MANUFACTURER,S08,M025,B080251,1287,22,2026-08-17,2027-01-28
INV000951,MANUFACTURER,S08,M027,B080271,784,16,2026-09-19,2027-09-30
INV000952,MANUFACTURER,S08,M028,B080281,802,29,2026-08-12,2026-11-29
INV000953,MANUFACTURER,S08,M034,B080341,1468,67,2026-09-09,2027-01-28
INV000954,MANUFACTURER,S08,M036,B080361,415,3,2026-08-28,2026-10-30
INV000955,MANUFACTURER,S08,M037,B080371,1379,48,2026-09-08,2027-01-28
INV000956,MANUFACTURER,S08,M040,B080401,1396,45,2026-09-18,2027-05-28
INV000957,MANUFACTURER,S08,M042,B080421,972,19,2026-09-11,2027-01-28
INV000958,MANUFACTURER,S08,M045,B080451,1221,38,2026-09-08,2027-01-28
INV000959,MANUFACTURER,S08,M047,B080471,1199,51,2026-09-17,2027-05-28
INV000960,MANUFACTURER,S08,M048,B080481,749,5,2026-08-25,2026-10-30
INV000961,PHARMACY,S09,M002,B090021,1069,32,2026-08-28,2027-09-30
INV000962,PHARMACY,S09,M003,B090031,1171,23,2026-09-15,2027-09-30
INV000963,PHARMACY,S09,M004,B090041,1278,17,2026-09-25,2027-05-28
INV000964,PHARMACY,S09,M006,B090061,91,3,2026-09-15,2027-05-28
INV000965,PHARMACY,S09,M021,B090211,1350,2,2026-08-28,2027-09-30
INV000966,PHARMACY,S09,M023,B090231,1129,6,2026-09-20,2027-05-28
INV000967,PHARMACY,S09,M024,B090241,788,27,2026-08-22,2026-10-30
INV000968,PHARMACY,S09,M025,B090251,671,13,2026-08-03,2027-01-28
INV000969,PHARMACY,S09,M027,B090271,1275,63,2026-08-18,2026-10-30
INV000970,PHARMACY,S09,M029,B090291,301,1,2026-09-10,2027-09-30
INV000971,PHARMACY,S09,M032,B090321,55,0,2026-09-03,2027-09-30
INV000972,PHARMACY,S09,M035,B090351,1243,55,2026-09-14,2027-01-28
INV000973,PHARMACY,S09,M037,B090371,1477,8,2026-09-10,2026-11-29
INV000974,PHARMACY,S09,M039,B090391,1044,1,2026-09-01,2026-11-29
INV000975,PHARMACY,S09,M043,B090431,1334,29,2026-08-20,2027-01-28
INV000976,PHARMACY,S09,M045,B090451,606,6,2026-09-23,2027-05-28
INV000977,PHARMACY,S09,M046,B090461,84,0,2026-09-21,2027-05-28
INV000978,PHARMACY,S09,M048,B090481,295,14,2026-08-10,2027-05-28
INV000979,DISTRIBUTOR,S10,M001,B100011,850,35,2026-09-02,2026-11-29
INV000980,DISTRIBUTOR,S10,M005,B100051,421,3,2026-08-03,2027-05-28
INV000981,DISTRIBUTOR,S10,M006,B100061,1439,70,2026-08-24,2027-05-28
INV000982,DISTRIBUTOR,S10,M007,B100071,533,1,2026-09-03,2026-10-30
INV000983,DISTRIBUTOR,S10,M008,B100081,996,22,2026-09-18,2027-09-30
INV000984,DISTRIBUTOR,S10,M010,B100101,1032,29,2026-09-17,2026-10-30
INV000985,DISTRIBUTOR,S10,M011,B100111,884,28,2026-09-21,2026-11-29
INV000986,DISTRIBUTOR,S10,M012,B100121,200,5,2026-08-03,2027-05-28
INV000987,DISTRIBUTOR,S10,M014,B100141,897,38,2026-08-27,2027-05-28
INV000988,DISTRIBUTOR,S10,M015,B100151,1109,48,2026-08-16,2027-01-28
INV000989,DISTRIBUTOR,S10,M020,B100201,849,7,2026-09-12,2027-01-28
INV000990,DISTRIBUTOR,S10,M021,B100211,377,12,2026-08-14,2027-01-28
INV000991,DISTRIBUTOR,S10,M022,B100221,1173,47,2026-08-22,2027-09-30
INV000992,DISTRIBUTOR,S10,M026,B100261,178,4,2026-09-11,2026-11-29
INV000993,DISTRIBUTOR,S10,M028,B100281,605,29,2026-09-25,2027-09-30
INV000994,DISTRIBUTOR,S10,M031,B100311,537,20,2026-09-16,2026-11-29
INV000995,DISTRIBUTOR,S10,M032,B100321,574,0,2026-08-15,2026-10-30
INV000996,DISTRIBUTOR,S10,M034,B100341,77,0,2026-09-10,2027-09-30
INV000997,DISTRIBUTOR,S10,M050,B100501,172,5,2026-08-05,2027-05-28
INV000998,MANUFACTURER,S11,M003,B110031,1439,39,2026-08-22,2027-09-30
INV000999,MANUFACTURER,S11,M007,B110071,412,1,2026-09-22,2027-05-28
INV001000,MANUFACTURER,S11,M009,B110091,1452,29,2026-08-24,2026-10-30
INV001001,MANUFACTURER,S11,M011,B110111,448,21,2026-08-28,2027-09-30
INV001002,MANUFACTURER,S11,M013,B110131,1102,7,2026-09-20,2026-11-29
INV001003,MANUFACTURER,S11,M015,B110151,395,16,2026-08-22,2027-01-28
INV001004,MANUFACTURER,S11,M016,B110161,118,1,2026-08-14,2026-11-29
INV001005,MANUFACTURER,S11,M019,B110191,1163,16,2026-08-16,2026-11-29
INV001006,MANUFACTURER,S11,M022,B110221,561,3,2026-08-22,2026-10-30
INV001007,MANUFACTURER,S11,M023,B110231,665,4,2026-09-07,2026-11-29
INV001008,MANUFACTURER,S11,M027,B110271,413,11,2026-08-06,2026-11-29
INV001009,MANUFACTURER,S11,M030,B110301,75,3,2026-08-04,2026-11-29
INV001010,MANUFACTURER,S11,M036,B110361,1140,28,2026-09-01,2027-09-30
INV001011,MANUFACTURER,S11,M038,B110381,696,18,2026-08-19,2027-01-28
INV001012,MANUFACTURER,S11,M039,B110391,863,8,2026-09-05,2027-05-28
INV001013,MANUFACTURER,S11,M040,B110401,495,0,2026-09-15,2026-10-30
INV001014,MANUFACTURER,S11,M041,B110411,1246,42,2026-09-04,2026-10-30
INV001015,MANUFACTURER,S11,M043,B110431,559,10,2026-09-21,2027-05-28
INV001016,MANUFACTURER,S11,M045,B110451,646,10,2026-09-17,2027-09-30
INV001017,MANUFACTURER,S11,M046,B110461,293,7,2026-09-23,2027-09-30
INV001018,MANUFACTURER,S11,M049,B110491,1417,8,2026-08-18,2027-09-30
INV001019,MANUFACTURER,S11,M050,B110501,373,16,2026-08-03,2027-05-28
INV001020,PHARMACY,S12,M007,B120071,414,14,2026-08-29,2027-01-28
INV001021,PHARMACY,S12,M008,B120081,684,13,2026-09-25,2027-05-28
INV001022,PHARMACY,S12,M009,B120091,720,22,2026-08-03,2027-01-28
INV001023,PHARMACY,S12,M010,B120101,938,0,2026-09-24,2026-10-30
INV001024,PHARMACY,S12,M015,B120151,648,9,2026-09-07,2026-11-29
INV001025,PHARMACY,S12,M016,B120161,1216,53,2026-09-21,2027-09-30
INV001026,PHARMACY,S12,M019,B120191,938,40,2026-08-30,2027-01-28
INV001027,PHARMACY,S12,M022,B120221,435,6,2026-08-08,2027-05-28
INV001028,PHARMACY,S12,M023,B120231,771,38,2026-08-17,2027-01-28
INV001029,PHARMACY,S12,M027,B120271,965,13,2026-09-19,2026-10-30
INV001030,PHARMACY,S12,M029,B120291,991,5,2026-09-19,2026-10-30
INV001031,PHARMACY,S12,M036,B120361,1251,19,2026-09-10,2027-09-30
INV001032,PHARMACY,S12,M037,B120371,757,10,2026-09-01,2027-01-28
INV001033,PHARMACY,S12,M040,B120401,948,44,2026-08-10,2027-05-28
INV001034,PHARMACY,S12,M041,B120411,444,15,2026-08-14,2027-05-28
INV001035,PHARMACY,S12,M043,B120431,469,17,2026-08-08,2027-09-30
INV001036,PHARMACY,S12,M049,B120491,353,11,2026-08-02,2027-05-28
INV001037,PHARMACY,S12,M050,B120501,1051,29,2026-09-21,2027-09-30
