po_id,hospital_id,source_id,medicine_id,order_date,expected_delivery_date,ordered_quantity,received_quantity,status
PO00001,H01,S12,M042,2026-09-29,2026-10-04,50,0,ORDERED
PO00002,H01,S12,M027,2026-09-18,2026-09-23,50,50,RECEIVED
PO00003,H01,S03,M011,2026-09-16,2026-09-23,100,100,RECEIVED
PO00004,H01,S01,M002,2026-09-15,2026-09-16,50,50,RECEIVED
PO00005,H01,S05,M032,2026-09-17,2026-09-20,100,100,RECEIVED
PO00006,H01,S04,M033,2026-09-15,2026-09-19,100,100,RECEIVED
PO00007,H01,S12,M033,2026-09-12,2026-09-15,500,0,ORDERED
PO00008,H01,S03,M026,2026-09-11,2026-09-13,100,100,RECEIVED
PO00009,H01,S08,M005,2026-09-17,2026-09-24,200,200,RECEIVED
PO00010,H01,S08,M027,2026-09-21,2026-09-28,500,0,ORDERED
PO00011,H01,S03,M025,2026-09-15,2026-09-17,500,0,ORDERED
PO00012,H01,S11,M033,2026-09-18,2026-09-22,200,200,RECEIVED
PO00013,H01,S03,M044,2026-09-17,2026-09-18,500,0,ORDERED
PO00014,H01,S08,M023,2026-09-12,2026-09-14,50,50,RECEIVED
PO00015,H01,S04,M037,2026-09-19,2026-09-22,500,500,RECEIVED
PO00016,H01,S02,M028,2026-09-25,2026-09-29,50,50,RECEIVED
PO00017,H01,S05,M023,2026-09-27,2026-10-01,100,0,ORDERED
PO00018,H01,S12,M014,2026-09-11,2026-09-16,50,50,RECEIVED
PO00019,H01,S11,M049,2026-09-22,2026-09-26,200,200,RECEIVED
PO00020,H01,S07,M009,2026-09-12,2026-09-17,100,100,RECEIVED
PO00021,H02,S03,M026,2026-09-18,2026-09-20,200,200,RECEIVED
PO00022,H02,S07,M049,2026-09-25,2026-09-26,200,200,RECEIVED
PO00023,H02,S01,M040,2026-09-26,2026-09-28,500,0,ORDERED
PO00024,H02,S04,M012,2026-09-17,2026-09-20,100,100,RECEIVED
PO00025,H02,S09,M033,2026-09-26,2026-09-30,500,0,ORDERED
PO00026,H02,S10,M026,2026-09-23,2026-09-26,500,500,RECEIVED
PO00027,H02,S08,M004,2026-09-18,2026-09-25,50,50,RECEIVED
PO00028,H02,S03,M028,2026-09-15,2026-09-22,50,50,RECEIVED
PO00029,H02,S03,M002,2026-09-11,2026-09-14,500,500,RECEIVED
PO00030,H02,S06,M047,2026-09-12,2026-09-13,50,50,RECEIVED
PO00031,H02,S05,M050,2026-09-23,2026-09-26,100,100,RECEIVED
PO00032,H02,S01,M015,2026-09-30,2026-10-02,50,0,ORDERED
PO00033,H02,S04,M013,2026-09-27,2026-10-02,200,0,ORDERED
PO00034,H02,S08,M002,2026-09-13,2026-09-16,500,500,RECEIVED
PO00035,H02,S10,M012,2026-09-20,2026-09-25,500,0,ORDERED
PO00036,H02,S02,M023,2026-09-13,2026-09-17,50,50,RECEIVED
PO00037,H02,S03,M044,2026-09-15,2026-09-16,500,0,ORDERED
PO00038,H02,S05,M030,2026-09-30,2026-10-05,100,0,ORDERED
PO00039,H02,S03,M049,2026-09-12,2026-09-17,500,500,RECEIVED
PO00040,H02,S09,M025,2026-09-17,2026-09-19,50,50,RECEIVED
PO00041,H03,S01,M041,2026-09-11,2026-09-12,500,500,RECEIVED
PO00042,H03,S03,M035,2026-09-23,2026-09-25,100,100,RECEIVED
PO00043,H03,S12,M004,2026-09-16,2026-09-19,500,500,RECEIVED
PO00044,H03,S02,M010,2026-09-24,2026-09-25,100,100,RECEIVED
PO00045,H03,S02,M038,2026-09-29,2026-09-30,100,100,RECEIVED
PO00046,H03,S05,M017,2026-09-19,2026-09-26,50,0,ORDERED
PO00047,H03,S08,M012,2026-09-11,2026-09-13,50,50,RECEIVED
PO00048,H03,S11,M033,2026-09-14,2026-09-18,200,200,RECEIVED
PO00049,H03,S02,M037,2026-09-21,2026-09-23,100,100,RECEIVED
PO00050,H03,S08,M041,2026-09-28,2026-10-01,200,0,ORDERED
PO00051,H03,S08,M008,2026-09-11,2026-09-12,200,200,RECEIVED
PO00052,H03,S06,M033,2026-09-29,2026-10-02,50,0,ORDERED
PO00053,H03,S03,M025,2026-09-12,2026-09-14,50,50,RECEIVED
PO00054,H03,S06,M018,2026-09-24,2026-09-27,500,500,RECEIVED
PO00055,H03,S08,M042,2026-09-11,2026-09-12,50,0,ORDERED
PO00056,H03,S02,M019,2026-09-16,2026-09-18,50,50,RECEIVED
PO00057,H03,S09,M041,2026-09-29,2026-10-04,200,0,ORDERED
PO00058,H03,S05,M049,2026-09-23,2026-09-24,50,0,ORDERED
PO00059,H03,S12,M040,2026-09-28,2026-10-03,500,0,ORDERED
PO00060,H03,S12,M005,2026-09-16,2026-09-17,100,0,ORDERED
PO00061,H04,S07,M044,2026-09-16,2026-09-20,500,500,RECEIVED
PO00062,H04,S07,M010,2026-09-23,2026-09-28,50,50,RECEIVED
PO00063,H04,S12,M013,2026-09-29,2026-10-06,200,0,ORDERED
PO00064,H04,S06,M007,2026-09-27,2026-09-29,200,200,RECEIVED
PO00065,H04,S07,M021,2026-09-22,2026-09-25,500,500,RECEIVED
PO00066,H04,S07,M039,2026-09-11,2026-09-18,50,50,RECEIVED
PO00067,H04,S03,M006,2026-09-16,2026-09-19,100,100,RECEIVED
PO00068,H04,S05,M010,2026-09-21,2026-09-23,200,200,RECEIVED
PO00069,H04,S06,M015,2026-09-12,2026-09-17,50,50,RECEIVED
PO00070,H04,S12,M004,2026-09-28,2026-10-01,200,0,ORDERED
PO00071,H04,S09,M009,2026-09-21,2026-09-26,100,0,ORDERED
PO00072,H04,S09,M020,2026-09-23,2026-09-27,200,200,RECEIVED
PO00073,H04,S05,M006,2026-09-26,2026-09-29,500,500,RECEIVED
PO00074,H04,S04,M048,2026-09-25,2026-09-28,500,500,RECEIVED
PO00075,H04,S07,M020,2026-09-21,2026-09-23,200,200,RECEIVED
PO00076,H04,S02,M026,2026-09-27,2026-10-01,100,0,ORDERED
PO00077,H04,S08,M020,2026-09-14,2026-09-19,500,0,ORDERED
PO00078,H04,S12,M014,2026-09-30,2026-10-05,500,0,ORDERED
PO00079,H04,S10,M039,2026-09-21,2026-09-28,500,500,RECEIVED
PO00080,H04,S01,M013,2026-09-23,2026-09-24,50,50,RECEIVED
PO00081,H05,S10,M015,2026-09-18,2026-09-22,500,500,RECEIVED
PO00082,H05,S07,M044,2026-09-15,2026-09-19,500,500,RECEIVED
PO00083,H05,S04,M041,2026-09-23,2026-09-28,50,50,RECEIVED
PO00084,H05,S10,M006,2026-09-18,2026-09-25,200,200,RECEIVED
PO00085,H05,S10,M045,2026-09-30,2026-10-05,500,0,ORDERED
PO00086,H05,S05,M023,2026-09-30,2026-10-04,200,0,ORDERED
PO00087,H05,S03,M007,2026-09-13,2026-09-14,500,500,RECEIVED
PO00088,H05,S03,M035,2026-09-13,2026-09-15,500,500,RECEIVED
PO00089,H05,S11,M034,2026-09-16,2026-09-17,50,50,RECEIVED
PO00090,H05,S08,M042,2026-09-30,2026-10-01,50,0,ORDERED
PO00091,H05,S04,M011,2026-09-26,2026-10-03,50,0,ORDERED
PO00092,H05,S11,M016,2026-09-16,2026-09-17,50,0,ORDERED
PO00093,H05,S10,M011,2026-09-20,2026-09-23,50,50,RECEIVED
PO00094,H05,S09,M019,2026-09-19,2026-09-20,200,200,RECEIVED
PO00095,H05,S10,M020,2026-09-26,2026-09-29,200,0,ORDERED
PO00096,H05,S11,M034,2026-09-21,2026-09-22,500,0,ORDERED
PO00097,H05,S05,M029,2026-09-14,2026-09-19,200,200,RECEIVED
PO00098,H05,S10,M026,2026-09-15,2026-09-18,100,100,RECEIVED
PO00099,H05,S11,M029,2026-09-27,2026-09-30,200,200,RECEIVED
PO00100,H05,S03,M040,2026-09-13,2026-09-16,100,100,RECEIVED
PO00101,H06,S04,M033,2026-09-24,2026-09-28,100,100,RECEIVED
PO00102,H06,S11,M015,2026-09-11,2026-09-16,200,0,ORDERED
PO00103,H06,S09,M042,2026-09-25,2026-09-26,50,50,RECEIVED
PO00104,H06,S07,M049,2026-09-28,2026-09-29,50,50,RECEIVED
PO00105,H06,S01,M050,2026-09-24,2026-09-25,500,500,RECEIVED
PO00106,H06,S09,M048,2026-09-11,2026-09-13,200,200,RECEIVED
PO00107,H06,S09,M002,2026-09-19,2026-09-23,100,100,RECEIVED
PO00108,H06,S03,M007,2026-09-18,2026-09-19,200,0,ORDERED
PO00109,H06,S07,M035,2026-09-19,2026-09-22,500,0,ORDERED
PO00110,H06,S01,M036,2026-09-15,2026-09-19,200,0,ORDERED
PO00111,H06,S02,M020,2026-09-24,2026-09-27,500,500,RECEIVED
PO00112,H06,S11,M019,2026-09-14,2026-09-17,100,100,RECEIVED
PO00113,H06,S02,M032,2026-09-27,2026-10-01,50,0,ORDERED
PO00114,H06,S07,M007,2026-09-13,2026-09-17,50,50,RECEIVED
PO00115,H06,S11,M030,2026-09-15,2026-09-19,200,200,RECEIVED
PO00116,H06,S10,M017,2026-09-27,2026-09-28,100,100,RECEIVED
PO00117,H06,S01,M036,2026-09-15,2026-09-19,50,0,ORDERED
PO00118,H06,S06,M022,2026-09-24,2026-09-28,200,0,ORDERED
PO00119,H06,S12,M033,2026-09-29,2026-10-02,200,0,ORDERED
PO00120,H06,S06,M049,2026-09-13,2026-09-18,100,100,RECEIVED
PO00121,H07,S05,M029,2026-09-24,2026-09-29,100,0,ORDERED
PO00122,H07,S02,M014,2026-09-22,2026-09-29,100,100,RECEIVED
PO00123,H07,S08,M043,2026-09-29,2026-10-04,100,0,ORDERED
PO00124,H07,S02,M004,2026-09-21,2026-09-26,200,200,RECEIVED
PO00125,H07,S05,M012,2026-09-28,2026-10-05,100,0,ORDERED
PO00126,H07,S03,M005,2026-09-26,2026-10-03,500,0,ORDERED
PO00127,H07,S06,M005,2026-09-21,2026-09-28,50,50,RECEIVED
PO00128,H07,S03,M047,2026-09-26,2026-10-01,50,0,ORDERED
PO00129,H07,S04,M004,2026-09-18,2026-09-19,200,200,RECEIVED
PO00130,H07,S01,M013,2026-09-19,2026-09-20,50,50,RECEIVED
PO00131,H07,S05,M007,2026-09-17,2026-09-18,50,50,RECEIVED
PO00132,H07,S12,M003,2026-09-16,2026-09-18,100,100,RECEIVED
PO00133,H07,S09,M001,2026-09-27,2026-10-02,500,0,ORDERED
PO00134,H07,S09,M030,2026-09-17,2026-09-20,100,100,RECEIVED
PO00135,H07,S08,M037,2026-09-30,2026-10-05,200,0,ORDERED
PO00136,H07,S04,M034,2026-09-20,2026-09-25,500,500,RECEIVED
PO00137,H07,S01,M012,2026-09-23,2026-09-24,200,200,RECEIVED
PO00138,H07,S02,M022,2026-09-27,2026-09-28,100,100,RECEIVED
PO00139,H07,S09,M039,2026-09-20,2026-09-25,50,50,RECEIVED
PO00140,H07,S09,M027,2026-09-22,2026-09-25,100,100,RECEIVED
PO00141,H08,S01,M020,2026-09-24,2026-09-26,50,50,RECEIVED
PO00142,H08,S04,M009,2026-09-29,2026-10-02,50,0,ORDERED
PO00143,H08,S07,M041,2026-09-24,2026-09-28,200,200,RECEIVED
PO00144,H08,S07,M044,2026-09-15,2026-09-19,100,100,RECEIVED
PO00145,H08,S06,M036,2026-09-13,2026-09-16,100,100,RECEIVED
PO00146,H08,S03,M039,2026-09-12,2026-09-13,500,0,ORDERED
PO00147,H08,S10,M038,2026-09-18,2026-09-22,50,0,ORDERED
PO00148,H08,S06,M027,2026-09-17,2026-09-20,50,50,RECEIVED
PO00149,H08,S10,M022,2026-09-23,2026-09-24,100,100,RECEIVED
PO00150,H08,S05,M016,2026-09-22,2026-09-25,200,0,ORDERED
PO00151,H08,S04,M046,2026-09-27,2026-10-04,50,0,ORDERED
PO00152,H08,S11,M009,2026-09-15,2026-09-22,200,200,RECEIVED
PO00153,H08,S10,M012,2026-09-11,2026-09-16,500,500,RECEIVED
PO00154,H08,S03,M042,2026-09-11,2026-09-15,100,100,RECEIVED
PO00155,H08,S12,M007,2026-09-29,2026-10-03,200,0,ORDERED
PO00156,H08,S10,M019,2026-09-27,2026-10-01,500,0,ORDERED
PO00157,H08,S11,M019,2026-09-16,2026-09-19,50,50,RECEIVED
PO00158,H08,S04,M009,2026-09-27,2026-09-30,500,500,RECEIVED
PO00159,H08,S06,M003,2026-09-23,2026-09-27,100,100,RECEIVED
PO00160,H08,S09,M011,2026-09-26,2026-09-29,50,50,RECEIVED
