source_id,medicine_id,lead_time_days,unit_price,minimum_order_quantity
S01,M001,7,123.41,50
S01,M002,1,210.49,10
S01,M006,4,43.08,10
S01,M007,4,201.91,25
S01,M008,2,26.83,25
S01,M009,3,13.92,50
S01,M010,7,77.49,200
S01,M011,7,184.75,50
S01,M012,1,193.64,25
S01,M013,1,70.88,100
S01,M015,2,112.12,50
S01,M016,1,67.84,200
S01,M018,4,142.45,10
S01,M019,4,13.7,10
S01,M020,2,41.4,25
S01,M021,1,49.04,100
S01,M022,2,87.96,50
S01,M023,1,50.01,50
S01,M024,4,208.18,10
S01,M027,7,37.67,10
S01,M028,1,157.14,100
S01,M031,1,244.48,100
S01,M032,5,217.55,50
S01,M034,2,85.33,200
S01,M035,7,66.3,100
S01,M036,4,107.07,200
S01,M037,4,207.24,25
S01,M038,2,52.91,10
S01,M039,1,77.25,100
S01,M040,2,174.46,50
S01,M041,1,165.63,10
S01,M042,2,40.07,50
S01,M043,1,76.46,200
S01,M045,1,146.84,50
S01,M046,5,58.76,25
S01,M048,3,12.82,10
S01,M049,3,237.52,10
S01,M050,1,8.58,50
S02,M001,7,61.1,25
S02,M003,3,21.36,100
S02,M004,5,113.46,100
S02,M006,1,47.87,50
S02,M008,4,61.95,25
S02,M010,1,109.32,10
S02,M011,4,84.86,25
S02,M013,2,121.34,25
S02,M014,7,159.54,50
S02,M016,4,8.65,10
S02,M017,7,224.24,10
S02,M018,7,242.21,25
S02,M019,2,215.85,10
S02,M020,3,90.4,25
S02,M021,5,223.88,100
S02,M022,1,39.44,10
S02,M023,4,238.59,100
S02,M024,7,13.31,10
S02,M026,4,56.67,100
S02,M028,4,206.43,25
S02,M029,2,27.24,50
S02,M030,4,64.75,25
S02,M032,4,148.01,10
S02,M034,1,39.87,200
S02,M036,4,64.8,200
S02,M037,2,172.64,25
S02,M038,1,115.37,50
S02,M040,1,33.34,10
S02,M041,3,148.53,25
S02,M042,5,231.06,25
S02,M044,1,134.89,10
S02,M045,2,104.95,10
S02,M047,2,131.26,100
S02,M049,7,145.41,25
S03,M002,3,226.98,200
S03,M003,7,141.51,100
S03,M005,7,116.26,10
S03,M006,3,175.15,10
S03,M007,1,238.42,50
S03,M008,5,222.66,200
S03,M009,4,204.9,200
S03,M011,7,22.32,10
S03,M013,5,67.05,200
S03,M015,3,58.94,25
S03,M017,7,186.5,10
S03,M018,4,188.5,200
S03,M022,7,184.06,100
S03,M023,4,53.64,10
S03,M024,1,176.95,10
S03,M025,2,110.35,50
S03,M026,2,160.6,100
S03,M028,7,77.3,50
S03,M029,4,14.59,25
S03,M030,4,199.41,200
S03,M032,2,229.4,200
S03,M034,5,140.42,100
S03,M035,2,219.23,100
S03,M037,3,210.62,100
S03,M038,1,45.01,25
S03,M039,1,75.76,10
S03,M040,3,9.69,10
S03,M042,4,167.97,50
S03,M044,1,65.49,10
S03,M046,4,236.98,100
S03,M047,5,207.91,100
S03,M048,1,48.76,10
S03,M049,5,227.47,50
S03,M050,5,26.0,200
S04,M003,5,152.03,200
S04,M004,1,70.92,50
S04,M005,4,177.46,200
S04,M006,3,229.57,10
S04,M007,3,208.97,200
S04,M008,7,226.65,200
S04,M009,3,195.59,10
S04,M010,4,7.17,50
S04,M011,7,14.34,200
S04,M012,3,7.29,25
S04,M013,5,176.91,25
S04,M014,7,183.5,100
S04,M019,5,66.88,25
S04,M020,7,45.49,25
S04,M022,5,216.58,10
S04,M023,7,195.56,100
S04,M025,5,205.26,200
S04,M029,7,228.83,200
S04,M032,2,236.67,25
S04,M033,4,29.02,200
S04,M034,5,235.73,50
S04,M036,3,245.83,50
S04,M037,3,103.86,25
S04,M038,1,88.18,10
S04,M039,7,80.41,25
S04,M040,3,147.95,10
S04,M041,5,15.18,100
S04,M042,5,216.76,10
S04,M043,4,222.75,100
S04,M045,1,64.89,50
S04,M046,7,110.68,10
S04,M047,2,181.01,200
S04,M048,3,148.41,50
S04,M049,1,122.22,50
S05,M002,3,47.27,10
S05,M003,5,78.3,50
S05,M004,7,196.48,10
S05,M006,3,152.39,10
S05,M007,1,8.25,200
S05,M008,3,227.48,25
S05,M009,7,204.48,10
S05,M010,2,10.31,200
S05,M011,5,193.64,100
S05,M012,7,170.86,100
S05,M013,3,99.67,10
S05,M016,3,202.99,200
S05,M017,7,55.84,25
S05,M018,4,103.24,50
S05,M022,7,177.17,50
S05,M023,4,18.5,25
S05,M024,7,151.34,100
S05,M025,2,7.65,10
S05,M026,5,239.32,25
S05,M027,4,12.7,10
S05,M028,3,78.59,100
S05,M029,5,237.04,100
S05,M030,5,131.45,200
S05,M031,1,208.0,25
S05,M032,3,113.56,10
S05,M035,7,206.46,50
S05,M036,4,243.04,100
S05,M037,4,237.58,50
S05,M038,2,48.07,10
S05,M039,2,37.79,50
S05,M042,3,193.66,50
S05,M045,7,63.02,100
S05,M046,2,7.77,50
S05,M047,1,109.63,50
S05,M048,5,104.2,25
S05,M049,1,145.12,50
S05,M050,3,63.26,10
S06,M003,4,180.66,100
S06,M004,5,96.57,100
S06,M005,7,41.65,50
S06,M006,7,59.77,25
S06,M007,2,208.45,50
S06,M008,4,165.96,50
S06,M009,3,150.31,10
S06,M010,3,109.67,100
S06,M013,1,131.02,10
S06,M014,7,25.2,25
S06,M015,5,46.54,25
S06,M016,4,65.96,200
S06,M017,1,103.78,50
S06,M018,3,213.22,200
S06,M019,4,171.34,100
S06,M021,2,190.0,50
S06,M022,4,77.6,25
S06,M023,1,215.11,25
S06,M024,1,125.43,10
S06,M026,4,166.49,50
S06,M027,3,246.63,25
S06,M028,2,121.9,10
S06,M029,2,59.45,100
S06,M030,4,180.0,10
S06,M033,3,9.27,10
S06,M034,7,70.52,25
S06,M035,1,139.34,50
S06,M036,3,23.7,100
S06,M037,1,17.34,100
S06,M039,5,52.73,25
S06,M040,3,198.63,100
S06,M041,4,75.66,10
S06,M043,7,76.35,10
S06,M044,4,203.03,10
S06,M045,1,78.9,200
S06,M046,3,214.94,50
S06,M047,1,15.93,10
S06,M048,3,105.23,10
S06,M049,5,8.39,10
S07,M001,2,108.46,10
S07,M004,3,214.25,10
S07,M005,3,121.35,50
S07,M006,1,134.68,200
S07,M007,4,218.27,200
S07,M008,7,101.62,50
S07,M009,5,102.41,100
S07,M010,5,159.56,50
S07,M011,7,15.67,100
S07,M012,5,17.23,200
S07,M013,3,57.75,200
S07,M016,3,76.68,50
S07,M017,2,8.1,50
S07,M019,2,229.47,10
S07,M020,2,5.04,100
S07,M021,3,157.3,200
S07,M024,3,23.62,100
S07,M025,3,226.33,50
S07,M026,2,58.64,25
S07,M027,5,24.24,50
S07,M028,5,153.42,25
S07,M029,1,119.96,50
S07,M030,5,213.7,200
S07,M031,2,98.63,50
S07,M032,7,109.66,10
S07,M034,1,110.04,200
S07,M035,3,235.09,100
S07,M036,2,241.99,25
S07,M038,7,119.01,50
S07,M039,7,96.39,200
S07,M040,2,54.95,100
S07,M041,4,136.75,200
S07,M044,4,194.1,25
S07,M046,3,183.84,10
S07,M047,5,11.99,50
S07,M048,4,201.64,10
S07,M049,1,216.35,100
S08,M001,1,9.66,10
S08,M002,3,110.07,25
S08,M003,2,99.87,25
S08,M004,7,144.08,10
S08,M005,7,35.96,25
S08,M007,7,125.63,10
S08,M008,1,61.22,100
S08,M010,4,62.8,200
S08,M011,7,227.42,25
S08,M012,2,234.12,100
S08,M013,2,184.8,50
S08,M018,7,109.2,10
S08,M019,1,227.82,10
S08,M020,5,87.86,200
S08,M021,5,223.4,200
S08,M023,2,62.4,25
S08,M024,4,70.46,25
S08,M026,1,197.23,50
S08,M027,7,98.77,100
S08,M028,4,138.11,100
S08,M029,2,177.51,50
S08,M030,1,205.17,10
S08,M031,3,225.5,10
S08,M033,1,201.96,10
S08,M035,4,184.39,100
S08,M036,1,34.41,25
S08,M037,5,207.6,25
S08,M041,3,179.77,50
S08,M042,1,101.39,10
S08,M043,5,152.28,200
S08,M044,7,73.6,10
S08,M047,3,76.72,10
S09,M001,5,234.58,25
S09,M002,4,105.09,25
S09,M003,4,117.33,100
S09,M004,2,236.91,10
S09,M005,5,168.41,10
S09,M009,5,175.2,25
S09,M010,4,154.39,50
S09,M011,3,146.0,200
S09,M017,7,139.31,200
S09,M018,2,38.39,25
S09,M019,1,117.6,25
S09,M020,4,90.32,100
S09,M022,2,244.6,10
S09,M024,3,62.72,100
S09,M025,2,45.78,200
S09,M026,2,123.75,10
S09,M027,3,235.58,200
S09,M028,2,19.32,200
S09,M029,4,171.76,100
S09,M030,3,31.56,50
S09,M031,5,72.91,200
S09,M032,1,156.62,25
S09,M033,4,8.32,100
S09,M034,3,98.63,10
S09,M038,5,6.0,200
S09,M039,5,190.55,200
S09,M040,2,126.49,25
S09,M041,5,37.13,25
S09,M042,1,233.67,50
S09,M044,4,229.05,100
S09,M045,3,239.46,200
S09,M046,5,200.26,100
S09,M047,3,242.78,10
S09,M048,2,36.51,25
S09,M049,5,201.91,200
S09,M050,1,240.34,10
S10,M002,2,130.66,50
S10,M003,2,225.48,200
S10,M004,7,249.37,100
S10,M006,7,22.74,10
S10,M007,7,27.69,100
S10,M008,4,149.51,25
S10,M009,3,8.46,10
S10,M010,7,11.92,100
S10,M011,3,45.31,10
S10,M012,5,220.17,10
S10,M013,2,169.81,50
S10,M014,2,90.55,10
S10,M015,4,130.66,25
S10,M016,7,24.03,25
S10,M017,1,185.51,25
S10,M019,4,67.34,10
S10,M020,3,9.02,10
S10,M022,1,42.22,10
S10,M024,1,129.12,100
S10,M026,3,61.26,25
S10,M027,3,244.69,100
S10,M028,5,228.47,25
S10,M030,7,100.06,10
S10,M032,5,47.92,25
S10,M035,1,134.92,100
S10,M036,3,143.84,50
S10,M038,4,36.11,10
S10,M039,7,150.02,100
S10,M042,2,92.48,200
S10,M045,5,130.98,10
S10,M046,1,55.99,200
S10,M047,4,148.38,100
S10,M048,4,195.45,25
S10,M049,4,150.94,50
S11,M002,1,183.5,100
S11,M006,2,222.02,200
S11,M007,2,97.85,100
S11,M008,1,51.89,50
S11,M009,7,31.5,10
S11,M010,2,79.85,200
S11,M011,5,70.44,10
S11,M012,7,103.36,50
S11,M015,5,41.14,100
S11,M016,1,140.26,100
S11,M017,1,110.15,10
S11,M018,3,172.67,100
S11,M019,3,211.81,25
S11,M020,7,12.74,10
S11,M024,2,62.72,100
S11,M025,3,172.7,200
S11,M026,3,115.43,200
S11,M027,4,117.01,200
S11,M028,5,70.86,200
S11,M029,3,120.2,200
S11,M030,4,92.33,200
S11,M033,4,131.94,25
S11,M034,1,174.04,50
S11,M035,5,218.36,10
S11,M036,4,52.28,10
S11,M037,3,231.68,200
S11,M038,1,5.79,50
S11,M040,1,23.09,25
S11,M041,7,231.03,200
S11,M042,1,46.49,100
S11,M043,5,79.38,200
S11,M044,7,197.34,25
S11,M045,1,65.65,25
S11,M046,5,143.69,10
S11,M049,4,66.85,50
S11,M050,3,133.26,10
S12,M001,4,213.37,50
S12,M002,3,133.83,100
S12,M003,2,176.67,200
S12,M004,3,248.29,200
S12,M005,1,192.74,25
S12,M006,5,25.57,50
S12,M007,4,48.24,10
S12,M008,1,126.56,25
S12,M010,5,48.98,50
S12,M011,7,70.98,10
S12,M013,7,203.51,10
S12,M014,5,238.2,100
S12,M016,1,195.85,10
S12,M017,1,221.6,100
S12,M019,3,234.7,10
S12,M021,2,237.99,50
S12,M022,5,79.98,25
S12,M024,7,75.8,200
S12,M025,7,12.14,10
S12,M027,5,103.32,10
S12,M030,2,236.96,50
S12,M032,3,158.96,200
S12,M033,3,186.1,10
S12,M034,7,51.2,200
S12,M035,2,219.21,200
S12,M037,4,143.45,10
S12,M039,3,214.89,100
S12,M040,5,230.65,100
S12,M042,5,142.12,100
S12,M044,3,212.84,25
S12,M045,4,231.15,50
S12,M048,7,240.04,100
S12,M049,2,87.19,200
