id,hospital_id,name,department_type,is_active
251d182a-5766-4e37-bc5f-961b02cd0d1e,920ef48e-37f7-4885-9e7f-ef5f2970a521,Central Pharmacy,PHARMACY,True
cd482cf9-cdc3-4cd9-a686-dc340c3f6e0f,920ef48e-37f7-4885-9e7f-ef5f2970a521,Emergency,EMERGENCY,True
6862da19-1fd3-45dd-b2b7-d132a49031fe,920ef48e-37f7-4885-9e7f-ef5f2970a521,ICU,ICU,True
0637ee2a-49a3-4b74-b800-2db8c5e61c24,920ef48e-37f7-4885-9e7f-ef5f2970a521,General Medicine,CLINICAL,True
1a948fbe-8e3a-4cc6-94ec-6b968d7a28d7,920ef48e-37f7-4885-9e7f-ef5f2970a521,Pediatrics,CLINICAL,True
9cc8b9b8-575c-4f99-aa0c-c0f04fef917d,920ef48e-37f7-4885-9e7f-ef5f2970a521,Surgery,CLINICAL,True
bf23550d-7f34-4429-975b-e11ac0f24255,920ef48e-37f7-4885-9e7f-ef5f2970a521,Oncology,CLINICAL,True
73c0737f-0228-4c4c-ba89-89efc35b6c86,920ef48e-37f7-4885-9e7f-ef5f2970a521,Cardiology,CLINICAL,True
26d85875-e28f-478e-9eca-a6c4d79f7e2d,e9ce1e40-149e-4ce9-9fa9-805e7fe159fa,Central Pharmacy,PHARMACY,True
681cc0ef-e26c-4974-92f3-84a1602b2ce5,e9ce1e40-149e-4ce9-9fa9-805e7fe159fa,Emergency,EMERGENCY,True
98f34f02-8b58-44a9-ab76-97750148a481,e9ce1e40-149e-4ce9-9fa9-805e7fe159fa,ICU,ICU,True
996193c8-0b04-4d90-a338-79ea1e384f7c,e9ce1e40-149e-4ce9-9fa9-805e7fe159fa,General Medicine,CLINICAL,True
97a0968e-a76f-4090-8b64-12d54da563d2,e9ce1e40-149e-4ce9-9fa9-805e7fe159fa,Pediatrics,CLINICAL,True
c84bb394-fa19-4578-a18d-16dd18ca6df3,e9ce1e40-149e-4ce9-9fa9-805e7fe159fa,Surgery,CLINICAL,True
dc2b487f-c1d0-4934-b36f-5b47dc165827,e9ce1e40-149e-4ce9-9fa9-805e7fe159fa,Oncology,CLINICAL,True
356aec76-6b22-46b5-9764-21aed52eee33,e9ce1e40-149e-4ce9-9fa9-805e7fe159fa,Cardiology,CLINICAL,True
c6468a56-ea12-4963-9bae-da73f588e7b9,e3bbe120-0a9b-4cd8-b137-17f5c377e253,Central Pharmacy,PHARMACY,True
f1414b95-e1a3-4fd5-97be-de607cb1009c,e3bbe120-0a9b-4cd8-b137-17f5c377e253,Emergency,EMERGENCY,True
d01d88d5-118a-4882-91aa-575d3d1b2b87,e3bbe120-0a9b-4cd8-b137-17f5c377e253,ICU,ICU,True
6e9238c5-b8b6-4dca-9ab4-e5df5776d295,e3bbe120-0a9b-4cd8-b137-17f5c377e253,General Medicine,CLINICAL,True
a7df801b-4eed-4be9-a93a-91a369a654b5,e3bbe120-0a9b-4cd8-b137-17f5c377e253,Pediatrics,CLINICAL,True
5099657a-e077-41d3-826d-e201172814d6,e3bbe120-0a9b-4cd8-b137-17f5c377e253,Surgery,CLINICAL,True
3b852496-d5ab-47a1-b3d9-42b05be2f453,e3bbe120-0a9b-4cd8-b137-17f5c377e253,Oncology,CLINICAL,True
94ed242e-7c30-4244-8711-5ca2853498ce,e3bbe120-0a9b-4cd8-b137-17f5c377e253,Cardiology,CLINICAL,True
855cc3db-8cb9-4f63-a025-750a978dc5cd,08edb0d0-edbf-44ce-9d32-b74a11e02048,Central Pharmacy,PHARMACY,True
e680d798-d62b-4cda-8a53-5fab429a21b3,08edb0d0-edbf-44ce-9d32-b74a11e02048,Emergency,EMERGENCY,True
e92d7ee6-6331-47b2-a13f-e3a19c574c3c,08edb0d0-edbf-44ce-9d32-b74a11e02048,ICU,ICU,True
7d3db71c-8a6e-4421-b2a1-e9f4f35deef4,08edb0d0-edbf-44ce-9d32-b74a11e02048,General Medicine,CLINICAL,True
8019af56-e03a-481b-ad1e-04d0dc43b4d2,08edb0d0-edbf-44ce-9d32-b74a11e02048,Pediatrics,CLINICAL,True
5a2c6e36-8214-4ff4-bb65-b74d8aded11a,08edb0d0-edbf-44ce-9d32-b74a11e02048,Surgery,CLINICAL,True
46b87b01-5d25-4d4b-99f5-a33c43b7931d,08edb0d0-edbf-44ce-9d32-b74a11e02048,Oncology,CLINICAL,True
a63b7518-e1bd-485e-854c-8e1045851ac8,08edb0d0-edbf-44ce-9d32-b74a11e02048,Cardiology,CLINICAL,True
d8fe054d-a602-4881-871d-cf921352520d,a7373a90-b4e1-4e4c-8f0b-7ad06a9fa600,Central Pharmacy,PHARMACY,True
1f48c145-a917-43ff-8126-68c2769471a4,a7373a90-b4e1-4e4c-8f0b-7ad06a9fa600,Emergency,EMERGENCY,True
11169653-a3f8-49c8-a8aa-62e87168d691,a7373a90-b4e1-4e4c-8f0b-7ad06a9fa600,ICU,ICU,True
29d1b6c4-70ea-4f70-a60d-efaf14a852a0,a7373a90-b4e1-4e4c-8f0b-7ad06a9fa600,General Medicine,CLINICAL,True
962229ba-aa58-4d33-86e0-590ab0487987,a7373a90-b4e1-4e4c-8f0b-7ad06a9fa600,Pediatrics,CLINICAL,True
e2da6bf4-96b8-4077-8b12-f6ea6d489010,a7373a90-b4e1-4e4c-8f0b-7ad06a9fa600,Surgery,CLINICAL,True
8db0bbe7-c295-4b8e-8272-e0169942706d,a7373a90-b4e1-4e4c-8f0b-7ad06a9fa600,Oncology,CLINICAL,True
1704e896-25bf-4016-be18-7b0c18681e99,a7373a90-b4e1-4e4c-8f0b-7ad06a9fa600,Cardiology,CLINICAL,True
9a73c954-9c60-42ce-bee2-57fc3c105a34,85ae4cf3-51bf-45d7-8011-bb994eb602a6,Central Pharmacy,PHARMACY,True
3ffdf008-79f1-42fd-9520-0f1d0131339c,85ae4cf3-51bf-45d7-8011-bb994eb602a6,Emergency,EMERGENCY,True
9d12e678-ab36-4033-a15f-5871c8139fd4,85ae4cf3-51bf-45d7-8011-bb994eb602a6,ICU,ICU,True
46457e37-be60-4cf2-a2d5-a6e239884bda,85ae4cf3-51bf-45d7-8011-bb994eb602a6,General Medicine,CLINICAL,True
187c424f-ba0e-4d66-ae38-c35eb0fc7fb9,85ae4cf3-51bf-45d7-8011-bb994eb602a6,Pediatrics,CLINICAL,True
4fc8001e-d21e-4faa-be76-092c26967a3f,85ae4cf3-51bf-45d7-8011-bb994eb602a6,Surgery,CLINICAL,True
759f8cd4-e656-4753-98e5-6d405d0ce513,85ae4cf3-51bf-45d7-8011-bb994eb602a6,Oncology,CLINICAL,True
5b817dee-08ce-4f24-869f-345a438d4300,85ae4cf3-51bf-45d7-8011-bb994eb602a6,Cardiology,CLINICAL,True
bec81e84-f47f-4fcd-8de2-f7abc634db47,9454a900-be26-4a3d-ad53-b449210cffb4,Central Pharmacy,PHARMACY,True
a6c50ee3-0323-403c-9c9d-53d938045d5f,9454a900-be26-4a3d-ad53-b449210cffb4,Emergency,EMERGENCY,True
a2d7024f-e58b-493e-b4a9-baffbac7eba4,9454a900-be26-4a3d-ad53-b449210cffb4,ICU,ICU,True
00cd022b-9c8b-4fa1-a4fb-2fe583ee174f,9454a900-be26-4a3d-ad53-b449210cffb4,General Medicine,CLINICAL,True
bf0e3ded-0ee8-440b-b11b-0c7d2c101540,9454a900-be26-4a3d-ad53-b449210cffb4,Pediatrics,CLINICAL,True
92360006-8307-4f23-a355-687cf6e0f7e6,9454a900-be26-4a3d-ad53-b449210cffb4,Surgery,CLINICAL,True
2587380b-1fe1-4560-b5bc-58f4dcd5caca,9454a900-be26-4a3d-ad53-b449210cffb4,Oncology,CLINICAL,True
089fff8c-56ab-4194-bf21-cf720efc8771,9454a900-be26-4a3d-ad53-b449210cffb4,Cardiology,CLINICAL,True
a1022336-293c-4327-8b69-4cd134afbc1f,0d84597b-6ea1-4332-bd4a-8451cde06855,Central Pharmacy,PHARMACY,True
d29be547-ab72-4a28-802d-7a986b2bc086,0d84597b-6ea1-4332-bd4a-8451cde06855,Emergency,EMERGENCY,True
bbbad3af-7943-4673-83ee-9b8de4f662b7,0d84597b-6ea1-4332-bd4a-8451cde06855,ICU,ICU,True
9c57bb5a-e50e-4e71-8ce5-dbc07f79ed88,0d84597b-6ea1-4332-bd4a-8451cde06855,General Medicine,CLINICAL,True
42b3ece4-846e-4dbc-a66a-64df1f2ed4bb,0d84597b-6ea1-4332-bd4a-8451cde06855,Pediatrics,CLINICAL,True
2c6caca1-809c-4320-9bba-a49bd0b2c87d,0d84597b-6ea1-4332-bd4a-8451cde06855,Surgery,CLINICAL,True
2565dbf7-3635-44bb-b99e-98e5172f4ffd,0d84597b-6ea1-4332-bd4a-8451cde06855,Oncology,CLINICAL,True
34b52a3a-ff15-4899-ac27-ac302540749e,0d84597b-6ea1-4332-bd4a-8451cde06855,Cardiology,CLINICAL,True
