id,hospital_id,medicine_id,available_quantity,minimum_reserved_quantity,available_until,availability_type,status
b21a1dfe-387d-440b-a0c9-f64b16664ceb,920ef48e-37f7-4885-9e7f-ef5f2970a521,f1b95f47-94a2-4979-a411-02444c727d3e,71,23,2026-12-07,RECIPROCAL,AVAILABLE
11b3fc00-ceec-45e9-9ac8-bf78031b8561,920ef48e-37f7-4885-9e7f-ef5f2970a521,8cb385ca-cfdc-404f-8298-512a7c8578b3,51,11,2026-11-15,RECIPROCAL,AVAILABLE
9c5e2ea8-afc5-484f-b30a-7e4c7ec929ea,920ef48e-37f7-4885-9e7f-ef5f2970a521,a7d4d675-bb94-424a-b6e4-1709b9e91e6d,28,25,2026-11-20,RECIPROCAL,AVAILABLE
cfaa0297-0251-4930-8cb0-8430ee10e8f8,920ef48e-37f7-4885-9e7f-ef5f2970a521,27bdd8c0-778d-42ea-ae25-964ce81e391d,43,28,2026-10-25,RECIPROCAL,AVAILABLE
dfbb18a2-0b24-415b-ac0e-3689e5836d0a,920ef48e-37f7-4885-9e7f-ef5f2970a521,9c06c388-c751-407e-9c97-3b46b1db5e7c,95,21,2026-10-15,RECIPROCAL,AVAILABLE
752d63c1-2d7d-4bc7-a60b-a6ef26cfebed,920ef48e-37f7-4885-9e7f-ef5f2970a521,99f2ef21-d83e-4cde-a73a-10b587a903a3,26,15,2026-10-30,RECIPROCAL,AVAILABLE
d33978a4-a994-4af6-8641-b1a12f224859,920ef48e-37f7-4885-9e7f-ef5f2970a521,dee6b134-5f4e-4d83-8133-35e34f0b48e8,41,13,2026-12-29,RECIPROCAL,AVAILABLE
cee46592-c762-4740-80fc-02daa69208a7,920ef48e-37f7-4885-9e7f-ef5f2970a521,b699a59a-a0ec-49d9-b327-482e55347adf,84,17,2026-12-08,RECIPROCAL,AVAILABLE
9da72223-bad1-4004-93e6-85e1b9769b91,920ef48e-37f7-4885-9e7f-ef5f2970a521,b261960f-23be-4297-9c50-f27ceac7eedb,90,14,2026-11-17,RECIPROCAL,AVAILABLE
5f661393-ea41-4ac9-b51a-49e99e0d26ef,920ef48e-37f7-4885-9e7f-ef5f2970a521,b3163dc0-3ac7-41cc-b4fc-244bcbe446ad,28,16,2026-11-17,RECIPROCAL,AVAILABLE
00202d2f-5fee-4a76-beed-ada3f6003ce2,920ef48e-37f7-4885-9e7f-ef5f2970a521,24bad869-7045-4954-b58f-10edc0407e69,71,13,2026-12-13,RECIPROCAL,AVAILABLE
d16427c6-5bf4-4e14-aa24-feea08365511,920ef48e-37f7-4885-9e7f-ef5f2970a521,1640337f-9614-4c3f-bda8-20c0eb4c6bce,98,5,2026-11-14,RECIPROCAL,AVAILABLE
764d8e0f-5ed0-4255-a118-30fe8bd62db3,920ef48e-37f7-4885-9e7f-ef5f2970a521,67f10774-4e14-4f09-90b6-00a732111449,94,13,2026-12-24,RECIPROCAL,AVAILABLE
69bd049b-3a6b-4e86-b579-c677d6e921d4,920ef48e-37f7-4885-9e7f-ef5f2970a521,3e98e5ab-52e7-4056-8353-5ac655247948,62,23,2026-10-25,RECIPROCAL,AVAILABLE
1c21922d-2bf1-4739-8265-b967a0741cd9,920ef48e-37f7-4885-9e7f-ef5f2970a521,bd5b3f87-5b53-4347-ac00-12fb9d5cd5a6,15,16,2026-10-22,RECIPROCAL,AVAILABLE
5bd60ac0-b409-4027-aa90-264b8a50e735,e9ce1e40-149e-4ce9-9fa9-805e7fe159fa,831a67ea-b75d-494e-8ba6-e91b1b1eae6e,39,29,2026-11-28,RECIPROCAL,AVAILABLE
2461c92e-4b91-454f-9793-4d94e8384e5e,e9ce1e40-149e-4ce9-9fa9-805e7fe159fa,957c588f-5e69-469f-b353-4b24fef25a65,16,29,2026-10-18,RECIPROCAL,AVAILABLE
5b25a113-4250-4ed5-9ad8-2a6130b0cc20,e9ce1e40-149e-4ce9-9fa9-805e7fe159fa,43110ae2-2c0b-4654-936a-72afad56219d,87,13,2026-12-16,RECIPROCAL,AVAILABLE
c2da9abe-c72b-46f1-91d1-151202eba1e2,e9ce1e40-149e-4ce9-9fa9-805e7fe159fa,fdd23e22-960c-4a44-af67-60d832b98217,98,24,2026-12-18,RECIPROCAL,AVAILABLE
0297dda6-671d-4303-8fcd-0462b267b444,e9ce1e40-149e-4ce9-9fa9-805e7fe159fa,27bdd8c0-778d-42ea-ae25-964ce81e391d,20,9,2026-12-28,RECIPROCAL,AVAILABLE
00fc18e1-59b8-43c9-941f-e0fddb6a78cb,e9ce1e40-149e-4ce9-9fa9-805e7fe159fa,f6dc8117-e75f-4920-a0cf-04c7bafc7542,49,12,2026-11-02,RECIPROCAL,AVAILABLE
46d1f07b-d77c-4f32-a8c0-5a1b14a674fc,e9ce1e40-149e-4ce9-9fa9-805e7fe159fa,419b95a7-17e5-4918-ad68-d58ee6b6e6f5,61,10,2026-11-28,RECIPROCAL,AVAILABLE
7d3d1d94-c45c-4524-bee6-ddfd3ca19f54,e9ce1e40-149e-4ce9-9fa9-805e7fe159fa,2aceb2a6-c859-4f95-a238-9ad796b698fa,13,29,2026-11-10,RECIPROCAL,AVAILABLE
4f917ed6-cdab-4978-b2e3-dd65486b75db,e9ce1e40-149e-4ce9-9fa9-805e7fe159fa,8cb385ca-cfdc-404f-8298-512a7c8578b3,60,23,2026-10-20,RECIPROCAL,AVAILABLE
dc8d2ffb-6a7e-4fa8-879f-bd24a026c91c,e9ce1e40-149e-4ce9-9fa9-805e7fe159fa,573f39b9-7855-4b4d-8a9e-14a5e9d8b2cd,17,24,2026-11-16,RECIPROCAL,AVAILABLE
7c54de2f-02f8-45fc-b8d6-d51f17e03e65,e9ce1e40-149e-4ce9-9fa9-805e7fe159fa,33e37cdb-690b-4dd6-aa0b-3e189bf6bc51,62,24,2026-10-15,RECIPROCAL,AVAILABLE
528de82b-c292-425d-bad6-28ebd45e94a3,e9ce1e40-149e-4ce9-9fa9-805e7fe159fa,ca8399a1-143e-4717-be95-7836c2f21dcb,58,29,2026-10-21,RECIPROCAL,AVAILABLE
e39d7a53-5be6-4639-8ff6-18afab70f9e1,e9ce1e40-149e-4ce9-9fa9-805e7fe159fa,b261960f-23be-4297-9c50-f27ceac7eedb,75,23,2026-12-14,RECIPROCAL,AVAILABLE
682e283d-f0c4-4995-8725-671895b61d45,e9ce1e40-149e-4ce9-9fa9-805e7fe159fa,24856ba7-ab81-4f22-985e-e30a3b9397cb,71,26,2026-11-18,RECIPROCAL,AVAILABLE
35c02861-4c0a-4ab1-8118-4b96b828869f,e9ce1e40-149e-4ce9-9fa9-805e7fe159fa,831a67ea-b75d-494e-8ba6-e91b1b1eae6e,51,6,2026-12-12,RECIPROCAL,AVAILABLE
ff1a2d20-1530-48b4-a18b-2b7be2985d20,e3bbe120-0a9b-4cd8-b137-17f5c377e253,f6dc8117-e75f-4920-a0cf-04c7bafc7542,49,9,2026-11-07,RECIPROCAL,AVAILABLE
9461adee-1511-4ff8-83fe-3bd308f66e35,e3bbe120-0a9b-4cd8-b137-17f5c377e253,3e8ecc15-190b-4bcd-a7fd-92ec541c75f4,63,7,2026-12-04,RECIPROCAL,AVAILABLE
9f0dbe4b-2bdd-4a3c-812f-a2c722d00393,e3bbe120-0a9b-4cd8-b137-17f5c377e253,b261960f-23be-4297-9c50-f27ceac7eedb,58,28,2026-11-05,RECIPROCAL,AVAILABLE
c28abc72-ce2f-4042-b42f-374952799bf6,e3bbe120-0a9b-4cd8-b137-17f5c377e253,e5b7da92-602a-4a8f-9b36-3acfc3414ba7,83,10,2026-10-30,RECIPROCAL,AVAILABLE
851d59d8-447d-405a-94ba-e5d0ebd1c719,e3bbe120-0a9b-4cd8-b137-17f5c377e253,987c980e-f5ed-4388-b102-971ff25870b1,96,7,2026-12-21,RECIPROCAL,AVAILABLE
54b8d03f-d9db-47d8-b214-04ebad6a1246,e3bbe120-0a9b-4cd8-b137-17f5c377e253,27bdd8c0-778d-42ea-ae25-964ce81e391d,37,8,2026-10-31,RECIPROCAL,AVAILABLE
6443d9ec-62ee-4055-b4d4-61c5eb790798,e3bbe120-0a9b-4cd8-b137-17f5c377e253,bd5b3f87-5b53-4347-ac00-12fb9d5cd5a6,32,10,2026-10-15,RECIPROCAL,AVAILABLE
f88c9123-e359-4247-bdae-24a12738e0b2,e3bbe120-0a9b-4cd8-b137-17f5c377e253,c037d58f-eb63-482e-81f7-b1f739423cdf,10,19,2026-10-18,RECIPROCAL,AVAILABLE
deb67620-ab8b-4b7b-97f9-4b7a4bd13849,e3bbe120-0a9b-4cd8-b137-17f5c377e253,97a16fda-9cba-4dc2-8770-0b5104c507d2,67,11,2026-12-05,RECIPROCAL,AVAILABLE
d57450ab-dff3-4d04-9c12-2c9d96791f3e,e3bbe120-0a9b-4cd8-b137-17f5c377e253,fda2f8a3-95ba-4f42-97f3-dbce57a916f1,83,23,2027-01-05,RECIPROCAL,AVAILABLE
f7bc8f9f-7cec-41ee-a0c0-bca234f5378d,e3bbe120-0a9b-4cd8-b137-17f5c377e253,24856ba7-ab81-4f22-985e-e30a3b9397cb,34,28,2026-11-06,RECIPROCAL,AVAILABLE
16ea9f57-88ab-42c2-8962-45ac44c9e1e6,e3bbe120-0a9b-4cd8-b137-17f5c377e253,2aceb2a6-c859-4f95-a238-9ad796b698fa,43,15,2026-11-04,RECIPROCAL,AVAILABLE
64ca49a9-5893-4319-8b24-51138ff6cebc,e3bbe120-0a9b-4cd8-b137-17f5c377e253,9d6f82ea-a6c1-4ee5-bd74-c517ba546a27,31,20,2026-11-15,RECIPROCAL,AVAILABLE
ecde3e98-5f01-4040-aea3-1990044e831d,e3bbe120-0a9b-4cd8-b137-17f5c377e253,d6c64038-55ae-44a3-863b-be781e1a4649,32,12,2026-11-03,RECIPROCAL,AVAILABLE
f0090a93-6194-4ed9-86e1-7af8323ec88f,e3bbe120-0a9b-4cd8-b137-17f5c377e253,f00273a7-acae-43ae-a0b4-b85c0ed6d4d3,99,6,2026-12-02,RECIPROCAL,AVAILABLE
e4980717-9a7a-406b-8ceb-af017d6208d0,e3bbe120-0a9b-4cd8-b137-17f5c377e253,2b376704-d06b-441d-a2bf-f0973873411c,41,28,2026-11-09,RECIPROCAL,AVAILABLE
7cb4e988-7466-4908-9804-8f5245117763,e3bbe120-0a9b-4cd8-b137-17f5c377e253,0a915249-7e9b-4a22-be4b-d5a6c9628e04,38,22,2026-12-24,RECIPROCAL,AVAILABLE
c2e3de2e-8037-49af-a052-29aa5e12470d,e3bbe120-0a9b-4cd8-b137-17f5c377e253,fdd23e22-960c-4a44-af67-60d832b98217,26,5,2026-11-01,RECIPROCAL,AVAILABLE
03507d3f-37eb-4fe0-a9f8-b131a14b8389,e3bbe120-0a9b-4cd8-b137-17f5c377e253,1d534fd0-ecdb-47f7-8df1-911899944ac3,98,25,2026-11-28,RECIPROCAL,AVAILABLE
adfac1d3-b804-4ee0-a58b-0f6385c9c04e,e3bbe120-0a9b-4cd8-b137-17f5c377e253,d2219992-909f-48be-967e-2e3f1c3ddfa9,31,22,2026-12-11,RECIPROCAL,AVAILABLE
935b05de-85c9-469a-bd4c-6d1d8754d90c,08edb0d0-edbf-44ce-9d32-b74a11e02048,8e67a041-f702-4f16-b57b-c66dff30e18b,67,28,2026-10-18,RECIPROCAL,AVAILABLE
272ce80b-b64d-408a-b186-dd7e9420030a,08edb0d0-edbf-44ce-9d32-b74a11e02048,6f12778d-43ca-4220-8b3b-11201ac91209,25,28,2026-12-21,RECIPROCAL,AVAILABLE
07937baf-47be-43e4-bbd1-2c4fe5af41e2,08edb0d0-edbf-44ce-9d32-b74a11e02048,9f081f26-ba8d-47d6-870e-ca0ca1cae51f,66,11,2026-10-27,RECIPROCAL,AVAILABLE
2ea21e37-e88a-42e2-933a-3e2e292f4429,08edb0d0-edbf-44ce-9d32-b74a11e02048,522740d6-f3db-4ac1-a547-6b62598fe57f,96,29,2026-11-20,RECIPROCAL,AVAILABLE
c8101a52-a44b-4e1c-96a7-bacd828ec104,08edb0d0-edbf-44ce-9d32-b74a11e02048,a041cc1e-bb11-4e03-9969-5026c46ed837,90,7,2026-12-24,RECIPROCAL,AVAILABLE
cf04c8d6-8052-4e16-8158-dc349be5bc47,08edb0d0-edbf-44ce-9d32-b74a11e02048,b261960f-23be-4297-9c50-f27ceac7eedb,62,14,2026-12-01,RECIPROCAL,AVAILABLE
3a1538f7-3b45-44fd-b042-80c070d6be71,08edb0d0-edbf-44ce-9d32-b74a11e02048,a88fd15f-1bbb-4271-941e-899867a89583,19,29,2026-10-17,RECIPROCAL,AVAILABLE
f2c195e4-fd7f-4b77-8f72-d75a5b4ce3c6,08edb0d0-edbf-44ce-9d32-b74a11e02048,97a16fda-9cba-4dc2-8770-0b5104c507d2,13,8,2026-12-25,RECIPROCAL,AVAILABLE
db043d57-6a66-45f9-a2ae-a78223ae6747,08edb0d0-edbf-44ce-9d32-b74a11e02048,b8b41174-e4bb-41e0-8dc8-fbdaf9d470ec,99,24,2026-11-03,RECIPROCAL,AVAILABLE
2f289778-542b-4d5a-a7e3-d1477b37947e,08edb0d0-edbf-44ce-9d32-b74a11e02048,ebb48eae-a1ef-4da9-8ae1-b2f70e717661,54,22,2026-12-28,RECIPROCAL,AVAILABLE
b74372fb-e337-4844-a077-f8a6f0817ee5,08edb0d0-edbf-44ce-9d32-b74a11e02048,27bdd8c0-778d-42ea-ae25-964ce81e391d,62,23,2026-11-25,RECIPROCAL,AVAILABLE
36e07f71-9809-46d5-ba34-28cc68f4f932,08edb0d0-edbf-44ce-9d32-b74a11e02048,33e37cdb-690b-4dd6-aa0b-3e189bf6bc51,83,15,2027-01-01,RECIPROCAL,AVAILABLE
12b9aabd-0cd7-45da-9b54-32bf690f5f85,08edb0d0-edbf-44ce-9d32-b74a11e02048,99f2ef21-d83e-4cde-a73a-10b587a903a3,97,23,2026-11-03,RECIPROCAL,AVAILABLE
e55cd164-267c-4e38-a8a3-9e4402d6e75a,08edb0d0-edbf-44ce-9d32-b74a11e02048,ea61edd3-7fbd-4c08-b312-d866041879c2,88,18,2026-12-02,RECIPROCAL,AVAILABLE
8683d5aa-fc4d-4465-b203-cf639e1be739,08edb0d0-edbf-44ce-9d32-b74a11e02048,522740d6-f3db-4ac1-a547-6b62598fe57f,83,29,2026-11-28,RECIPROCAL,AVAILABLE
d8d2d3c5-f22d-4ace-9714-363728e72ae4,85ae4cf3-51bf-45d7-8011-bb994eb602a6,2c10bfc8-d106-4422-b38f-e414215c8def,28,11,2026-10-27,RECIPROCAL,AVAILABLE
c8d00e50-c980-4c55-9809-9bbe8a326264,85ae4cf3-51bf-45d7-8011-bb994eb602a6,4f7512b2-6b9d-434f-807e-2fc43528691e,19,23,2026-12-31,RECIPROCAL,AVAILABLE
ce86a5a7-8b4e-4a3f-81f9-490a7a377c19,85ae4cf3-51bf-45d7-8011-bb994eb602a6,6cbb6f57-d6cb-41b0-aca5-9ea4e8c5be47,56,28,2026-12-24,RECIPROCAL,AVAILABLE
5acb4be1-20ab-40b9-a3b8-3229a209e211,85ae4cf3-51bf-45d7-8011-bb994eb602a6,b8b41174-e4bb-41e0-8dc8-fbdaf9d470ec,38,12,2026-11-18,RECIPROCAL,AVAILABLE
f5c7f701-3cbf-473a-be96-ccbe6162860c,85ae4cf3-51bf-45d7-8011-bb994eb602a6,2cd10b6d-063e-4f55-a0b6-37edb93b63a6,78,10,2026-12-10,RECIPROCAL,AVAILABLE
db7efc04-d6ef-4408-bcbe-8962254e27f4,9454a900-be26-4a3d-ad53-b449210cffb4,58bf12e5-ee8a-4194-a34c-aa820079144d,67,26,2026-12-05,RECIPROCAL,AVAILABLE
bd17569c-f7d1-41eb-8b9d-a3ce73ec332e,9454a900-be26-4a3d-ad53-b449210cffb4,3b4f2db0-078e-4414-849b-1ba2782649be,67,23,2026-10-28,RECIPROCAL,AVAILABLE
bc53fe2c-563a-423c-b305-5044b50b5b11,9454a900-be26-4a3d-ad53-b449210cffb4,3a19d3ca-1898-4db4-b347-55af1376c897,21,15,2026-10-31,RECIPROCAL,AVAILABLE
4d75d65c-fd16-40ba-8838-1a4ce2588236,9454a900-be26-4a3d-ad53-b449210cffb4,9c021848-0377-486f-a048-370334cce953,39,9,2026-12-19,RECIPROCAL,AVAILABLE
b814008d-90ca-4768-82d2-9a173eab754b,9454a900-be26-4a3d-ad53-b449210cffb4,fdd23e22-960c-4a44-af67-60d832b98217,67,15,2026-11-18,RECIPROCAL,AVAILABLE
