id,hospital_id,batch_id,medicine_id,quantity_at_risk,expiry_date,expected_consumption_before_expiry,expected_wastage,recommendation_type,priority_score,status
aa37d9d9-a4b5-4ced-a426-e733f9ae1af2,920ef48e-37f7-4885-9e7f-ef5f2970a521,8979ba3d-34f0-4aa0-ba9e-b03ce9ac34b2,fda2f8a3-95ba-4f42-97f3-dbce57a916f1,751,2026-10-08,481.95,348.65,INTERNAL_TRANSFER,1.0,PENDING
553e8910-a94d-4bc8-a50e-1213a5a393e5,85ae4cf3-51bf-45d7-8011-bb994eb602a6,f2a9683e-f040-464c-b489-2372151b7c90,b1b122eb-1ba2-4148-b9ac-5d21b2adf647,694,2026-10-31,354.26,452.84,PRIORITIZE_USAGE,0.6167,PENDING
753f1b08-1344-4f0c-aeb3-b8a5e77e02bb,85ae4cf3-51bf-45d7-8011-bb994eb602a6,69dc9ea0-11c5-428e-b61c-57b4d2431526,27bdd8c0-778d-42ea-ae25-964ce81e391d,367,2026-10-22,144.89,206.11,PRIORITIZE_USAGE,0.7667,PENDING
06babba7-ae10-4ac8-a318-b437165c2f4d,08edb0d0-edbf-44ce-9d32-b74a11e02048,0cd719f5-9ef9-4b50-9f26-bb4dae4fd7bd,6b615b69-ae0e-4f1b-a6dc-2d69233addaa,960,2026-10-28,430.12,331.96,PRIORITIZE_USAGE,0.6667,PENDING
108cebab-9ec8-4301-a283-733b2ac780fb,0d84597b-6ea1-4332-bd4a-8451cde06855,79f8bfe2-677c-442b-9360-40e0c74e917c,8cb385ca-cfdc-404f-8298-512a7c8578b3,773,2026-10-26,354.99,399.7,INTERNAL_TRANSFER,0.7,PENDING
539a253c-0a17-4d42-8606-9251d53dfd69,9454a900-be26-4a3d-ad53-b449210cffb4,0af37166-2f89-4ad3-af72-e82714f8c16d,9c06c388-c751-407e-9c97-3b46b1db5e7c,367,2026-11-12,203.72,52.39,RETURN_TO_SUPPLIER,0.4167,PENDING
03239b20-ec61-427a-aa1e-098cca892245,0d84597b-6ea1-4332-bd4a-8451cde06855,3a972f78-32ac-4a48-a592-544ff821d332,d2219992-909f-48be-967e-2e3f1c3ddfa9,909,2026-11-06,538.53,267.05,PRIORITIZE_USAGE,0.5167,PENDING
09bbc5b8-edaa-4a37-a69f-03d72bbc3cb1,85ae4cf3-51bf-45d7-8011-bb994eb602a6,3fa45088-8231-4879-a884-5aafde326e69,ceee2775-c68b-4199-9eb8-21746763c4ba,464,2026-10-22,252.29,312.46,INTERNAL_TRANSFER,0.7667,PENDING
c7137a30-9843-4e8c-adcb-6d672fabf1fc,0d84597b-6ea1-4332-bd4a-8451cde06855,3911d9cd-112b-424f-aec5-cb9c1d931ced,24d1b68c-2a5b-464e-bb4e-c1071b3b4f3d,424,2026-10-27,148.95,186.37,PRIORITIZE_USAGE,0.6833,PENDING
f0856b70-1f9e-4b86-aabc-75df53941984,9454a900-be26-4a3d-ad53-b449210cffb4,2076fc68-586e-49c4-be58-bba7fcab5d5d,13cd9912-56bb-4721-abb1-986f20a370cb,846,2026-10-11,194.27,236.57,PRIORITIZE_USAGE,0.95,PENDING
abd61f6a-a426-4bf7-ba96-a6c57f6b64f7,e3bbe120-0a9b-4cd8-b137-17f5c377e253,e6823d5b-a270-48a0-9035-c7fdbf1c5bc6,1941089d-b192-4af2-b696-484fa9286d80,351,2026-11-05,153.77,166.43,INTERNAL_TRANSFER,0.5333,PENDING
c92ed70f-b82d-41db-ab4e-9b4e0d6da821,a7373a90-b4e1-4e4c-8f0b-7ad06a9fa600,7d8b0159-727b-4157-817d-820a1825433a,1b0a2521-7dda-4bed-8313-954689f28c33,692,2026-11-21,387.21,153.23,RETURN_TO_SUPPLIER,0.2667,PENDING
e77a55e0-4d64-4d5a-b330-4ebb69a43adc,9454a900-be26-4a3d-ad53-b449210cffb4,c360acb7-0fc9-45a6-81a8-9457e982786e,1b0a2521-7dda-4bed-8313-954689f28c33,890,2026-10-11,670.26,253.33,INTERNAL_TRANSFER,0.95,PENDING
05db8133-cfcc-4e61-8ec4-431a305788e0,0d84597b-6ea1-4332-bd4a-8451cde06855,b7e30803-0f14-434f-a0f0-6ef4702a6353,a88fd15f-1bbb-4271-941e-899867a89583,780,2026-10-16,581.35,187.88,RETURN_TO_SUPPLIER,0.8667,PENDING
bed00ea8-c314-4a2d-93b5-fa1dd9eee9d9,a7373a90-b4e1-4e4c-8f0b-7ad06a9fa600,dde0271b-85e0-40a7-b8ef-f1bf123710cc,ceee2775-c68b-4199-9eb8-21746763c4ba,247,2026-12-02,90.96,87.98,PRIORITIZE_USAGE,0.0833,PENDING
ede43921-4180-4c4e-a9b3-48f4616085a0,a7373a90-b4e1-4e4c-8f0b-7ad06a9fa600,543dbc73-531f-4d8c-ab37-6e2bf70d4972,fdd23e22-960c-4a44-af67-60d832b98217,196,2026-11-25,62.04,29.2,INTERNAL_TRANSFER,0.2,PENDING
764af8c8-d077-4209-9875-7bda8230157e,85ae4cf3-51bf-45d7-8011-bb994eb602a6,6fc1c2f6-a858-4d00-9947-01639f3a077f,27bdd8c0-778d-42ea-ae25-964ce81e391d,159,2026-10-23,100.03,106.91,PRIORITIZE_USAGE,0.75,PENDING
610c3bb1-d596-4cab-ad56-f26e426d73fe,e9ce1e40-149e-4ce9-9fa9-805e7fe159fa,9fe62033-3901-41ef-ab9f-096cd36f7bc1,378ef267-9155-41bc-a431-7c700c1731e3,330,2026-11-15,164.8,94.11,PRIORITIZE_USAGE,0.3667,PENDING
1b0d2445-b9ef-463a-b355-22ee90ba7f20,e3bbe120-0a9b-4cd8-b137-17f5c377e253,ad1933ed-7be3-4ab8-a82e-f7a391780c07,58bf12e5-ee8a-4194-a34c-aa820079144d,395,2026-10-27,178.16,259.88,PRIORITIZE_USAGE,0.6833,PENDING
22fbc3ea-eb66-4cd8-bd4d-de2cccdd9f52,0d84597b-6ea1-4332-bd4a-8451cde06855,c341d620-baa9-4b59-a04f-a239afa97553,3e6ecca3-9ad1-49a9-ad9a-5509b28de79d,537,2026-11-22,106.19,198.11,PRIORITIZE_USAGE,0.25,PENDING
352dd2b3-fe0f-453c-99fe-259bab8d1c9e,e9ce1e40-149e-4ce9-9fa9-805e7fe159fa,aa3e7fe4-b799-4071-9dbe-b0bc27a751df,6f12778d-43ca-4220-8b3b-11201ac91209,255,2026-12-03,50.73,80.5,INTERNAL_TRANSFER,0.0667,PENDING
4d597581-1506-4969-8aed-6161836f5726,e3bbe120-0a9b-4cd8-b137-17f5c377e253,44459055-0bdb-414c-8b81-c9f3e7a823f9,9c021848-0377-486f-a048-370334cce953,337,2026-12-03,61.26,138.25,RETURN_TO_SUPPLIER,0.0667,PENDING
22160dc5-1180-4caa-af98-ac55790bfefe,85ae4cf3-51bf-45d7-8011-bb994eb602a6,0ec26e9b-a28b-4522-bd98-91457c785487,33e37cdb-690b-4dd6-aa0b-3e189bf6bc51,251,2026-10-31,65.04,167.38,INTERNAL_TRANSFER,0.6167,PENDING
9da15cc2-40df-4dc6-80c6-1841645948df,9454a900-be26-4a3d-ad53-b449210cffb4,1644df40-3891-4877-8f30-39dc9add3494,43110ae2-2c0b-4654-936a-72afad56219d,432,2026-11-05,255.85,166.71,RETURN_TO_SUPPLIER,0.5333,PENDING
756d5c91-10bd-4815-9d9c-dcafa43540bf,0d84597b-6ea1-4332-bd4a-8451cde06855,d5c08e18-f5ae-4944-813b-4e5ddf20902d,b8b41174-e4bb-41e0-8dc8-fbdaf9d470ec,342,2026-10-15,141.9,121.15,INTERNAL_TRANSFER,0.8833,PENDING
6537e589-4b46-493f-9592-6bf679aa0b3f,9454a900-be26-4a3d-ad53-b449210cffb4,90ffdc90-c4c2-4016-8e95-86f82b1c5226,9c06c388-c751-407e-9c97-3b46b1db5e7c,940,2026-11-18,405.82,248.95,RETURN_TO_SUPPLIER,0.3167,PENDING
af54f770-ffa1-4380-b8f0-9f18ceeb7dad,08edb0d0-edbf-44ce-9d32-b74a11e02048,d1d46f89-9ce5-4529-8897-bdb3e2b3cf90,cbb4966e-7bea-4df2-82bc-5fcfe9617ff8,111,2026-10-12,42.25,16.03,INTERNAL_TRANSFER,0.9333,PENDING
b162c042-b98f-4300-9ff5-a12aed190693,e9ce1e40-149e-4ce9-9fa9-805e7fe159fa,586c494a-b64f-49c1-a3df-e043865ba3e6,6989db76-adcc-4a3d-b3c0-61fb496a0f5d,701,2026-11-22,303.31,204.83,INTERNAL_TRANSFER,0.25,PENDING
f872c11e-62da-49de-9c7b-a1de626903e8,920ef48e-37f7-4885-9e7f-ef5f2970a521,7c5364fa-548b-4b88-87d1-c0ea73812e78,c037d58f-eb63-482e-81f7-b1f739423cdf,923,2026-10-19,474.97,567.25,INTERNAL_TRANSFER,0.8167,PENDING
d291e2c5-a53e-4800-a4cc-6eb36d06b650,08edb0d0-edbf-44ce-9d32-b74a11e02048,d2ab3bc8-d4e5-4bcc-ad59-933f17a5a9b2,c51619a8-ba83-483f-9b52-064f926d96a2,830,2026-10-09,148.54,439.1,RETURN_TO_SUPPLIER,0.9833,PENDING
690e68c9-6c81-439f-ab89-c7328ad22155,920ef48e-37f7-4885-9e7f-ef5f2970a521,722b6745-5a2d-46df-bb15-a3b2d32f7361,8cb385ca-cfdc-404f-8298-512a7c8578b3,87,2026-11-24,36.2,35.44,PRIORITIZE_USAGE,0.2167,PENDING
c592abf6-48b1-4cb2-a9e6-1530c524a211,08edb0d0-edbf-44ce-9d32-b74a11e02048,98a9a9bb-5567-4e1a-9a89-4cfa54c3c674,8e67a041-f702-4f16-b57b-c66dff30e18b,129,2026-11-22,62.17,40.24,PRIORITIZE_USAGE,0.25,PENDING
b3651847-6f7b-41b8-ab01-58669312bda1,920ef48e-37f7-4885-9e7f-ef5f2970a521,85c39dad-bf7c-4b67-be76-fb23eefc3d1b,6b615b69-ae0e-4f1b-a6dc-2d69233addaa,633,2026-11-04,441.88,102.21,PRIORITIZE_USAGE,0.55,PENDING
45081132-0e07-437d-8885-27099e0b874b,08edb0d0-edbf-44ce-9d32-b74a11e02048,2abeeb81-cfa9-4d16-9ab9-d5313e2f6741,58bf12e5-ee8a-4194-a34c-aa820079144d,868,2026-11-20,362.43,430.3,PRIORITIZE_USAGE,0.2833,PENDING
8e2899fc-8bdf-47f7-b35a-a85e58738496,08edb0d0-edbf-44ce-9d32-b74a11e02048,4e99d851-00f6-4cfc-9ddc-7445f1535372,b699a59a-a0ec-49d9-b327-482e55347adf,178,2026-11-22,73.46,51.73,INTERNAL_TRANSFER,0.25,PENDING
a186a529-faaf-4b73-8b22-b36e7e7543e2,e3bbe120-0a9b-4cd8-b137-17f5c377e253,b2dafaae-c48e-4f5b-a13c-d8570e7e245c,b8b41174-e4bb-41e0-8dc8-fbdaf9d470ec,371,2026-11-14,79.06,77.25,RETURN_TO_SUPPLIER,0.3833,PENDING
f1436b74-93b3-43e0-951e-7f815d58b7da,9454a900-be26-4a3d-ad53-b449210cffb4,d36291fb-9f48-4a66-af2b-8e5cd764ecd8,d6c64038-55ae-44a3-863b-be781e1a4649,806,2026-11-26,501.32,276.19,PRIORITIZE_USAGE,0.1833,PENDING
ebede8b5-5b4e-4bf5-967c-61e486300323,9454a900-be26-4a3d-ad53-b449210cffb4,6707f5dd-82a6-4c81-91e4-33ce42786203,a041cc1e-bb11-4e03-9969-5026c46ed837,112,2026-11-27,63.92,67.97,PRIORITIZE_USAGE,0.1667,PENDING
526f66b2-f1cc-4bf6-a48f-d58a7a35de79,920ef48e-37f7-4885-9e7f-ef5f2970a521,a202b69f-0e6e-484c-a2a3-eee8a18a5866,d2219992-909f-48be-967e-2e3f1c3ddfa9,176,2026-11-14,44.28,53.72,RETURN_TO_SUPPLIER,0.3833,PENDING
4d4f6e2a-d8ed-4779-84b9-2ed890552b0c,e3bbe120-0a9b-4cd8-b137-17f5c377e253,c634ec76-77f1-474d-a563-52d96d28276f,6cbb6f57-d6cb-41b0-aca5-9ea4e8c5be47,967,2026-10-10,542.05,342.52,INTERNAL_TRANSFER,0.9667,PENDING
64b2bd45-6460-4866-baea-66d2b6839fc9,e9ce1e40-149e-4ce9-9fa9-805e7fe159fa,85fa0eb3-b780-4d41-9f42-9911f45279a2,2c4e6d71-0152-4e82-9c16-bfc9c81ea55e,665,2026-10-20,455.7,89.74,RETURN_TO_SUPPLIER,0.8,PENDING
3cf0ef55-35ad-4bb3-bc0a-682b97ffa239,08edb0d0-edbf-44ce-9d32-b74a11e02048,c0e9020f-8960-4b14-a84b-a232772bfdeb,24db962d-9a6b-4de6-982b-b719e504efb9,289,2026-10-14,84.0,102.92,RETURN_TO_SUPPLIER,0.9,PENDING
05e05c6a-e3de-4736-a23c-e73e5bb21ded,e3bbe120-0a9b-4cd8-b137-17f5c377e253,bf1eae50-838e-4cd6-9556-81629a596aa8,0073cc32-e309-402c-96aa-1fb03de469f1,355,2026-11-17,155.48,131.29,PRIORITIZE_USAGE,0.3333,PENDING
cf04f2d0-b5a9-473f-9655-4669092b10a4,920ef48e-37f7-4885-9e7f-ef5f2970a521,5f852741-e6e5-4713-93e4-ddcfdbf5f700,c51619a8-ba83-483f-9b52-064f926d96a2,173,2026-10-25,89.27,56.67,PRIORITIZE_USAGE,0.7167,PENDING
9f2ab95f-46a2-4068-950d-3ad5badb9927,08edb0d0-edbf-44ce-9d32-b74a11e02048,1a27a000-d655-4eb6-ae8f-1694b065bf7e,9c06c388-c751-407e-9c97-3b46b1db5e7c,817,2026-11-06,366.19,94.14,PRIORITIZE_USAGE,0.5167,PENDING
3bb529f5-27a1-4f9d-8754-7eaae47a8b17,9454a900-be26-4a3d-ad53-b449210cffb4,98791f86-be6a-4146-8f9c-e86e7fa2f0fc,8e15b3a9-915f-4bf0-84c7-182f335e062c,215,2026-11-20,46.31,74.71,INTERNAL_TRANSFER,0.2833,PENDING
6583f1a5-e491-4081-a310-50fdee549229,920ef48e-37f7-4885-9e7f-ef5f2970a521,b3330b6b-6fff-4243-acfb-33e61d6c7a37,85b186aa-f3a1-45ba-8d0c-349f8a13c3d4,129,2026-11-12,101.37,13.66,RETURN_TO_SUPPLIER,0.4167,PENDING
245e0ee9-9c70-4861-82d1-e0ec31206be2,0d84597b-6ea1-4332-bd4a-8451cde06855,8221e685-c23f-42fc-abc9-3f9658cce8be,2f7de1c2-cb62-4261-83f5-d8323f438333,280,2026-10-11,73.85,191.75,PRIORITIZE_USAGE,0.95,PENDING
2883cce0-449d-4483-9d3f-ea4ab1e21f38,a7373a90-b4e1-4e4c-8f0b-7ad06a9fa600,17bc9f06-7b4c-40b9-bb04-ff0d0505c31f,c037d58f-eb63-482e-81f7-b1f739423cdf,68,2026-11-12,25.85,7.39,PRIORITIZE_USAGE,0.4167,PENDING
98131cca-5461-4b4e-b472-db78c44a766e,0d84597b-6ea1-4332-bd4a-8451cde06855,9bd8d97f-f00b-4bc1-8a1c-97fc1c24fbe3,43110ae2-2c0b-4654-936a-72afad56219d,248,2026-11-19,89.27,154.13,PRIORITIZE_USAGE,0.3,PENDING
0bb5c37b-31c6-4598-9c5b-243114c5eb18,e3bbe120-0a9b-4cd8-b137-17f5c377e253,9018b8cc-9c06-4dcd-a516-f2c498150e58,6b615b69-ae0e-4f1b-a6dc-2d69233addaa,739,2026-11-20,542.04,404.68,PRIORITIZE_USAGE,0.2833,PENDING
273fca69-d882-4171-bce4-43a1b30a340b,a7373a90-b4e1-4e4c-8f0b-7ad06a9fa600,c3bfcbea-ada3-440f-8984-322c2d012af9,58bf12e5-ee8a-4194-a34c-aa820079144d,66,2026-11-07,15.97,38.85,RETURN_TO_SUPPLIER,0.5,PENDING
ee5bee48-555c-4e56-89ea-69f0e278539a,a7373a90-b4e1-4e4c-8f0b-7ad06a9fa600,42324bce-ea52-44aa-be9e-edae47367eb2,8cb385ca-cfdc-404f-8298-512a7c8578b3,595,2026-10-22,102.9,190.17,PRIORITIZE_USAGE,0.7667,PENDING
ee6a3b68-992d-4952-afd6-c939e0ebb722,920ef48e-37f7-4885-9e7f-ef5f2970a521,408275e9-d656-41a8-a56d-1e24531244bc,063be93d-6835-4b65-a8a1-c36e83278d83,758,2026-11-21,253.57,145.88,PRIORITIZE_USAGE,0.2667,PENDING
bcbdd8cc-9483-486e-b5a3-cc1cf6dcda57,85ae4cf3-51bf-45d7-8011-bb994eb602a6,b7f32f11-05ad-4793-ab43-f662ccc4946b,6cbb6f57-d6cb-41b0-aca5-9ea4e8c5be47,452,2026-12-02,173.19,205.45,INTERNAL_TRANSFER,0.0833,PENDING
529690f5-6502-4dfc-ad38-e0efd8b6318c,920ef48e-37f7-4885-9e7f-ef5f2970a521,e84cbb15-b96e-470c-86b0-2fc8d9289fb3,c5533566-0e57-4058-9e8f-cc921a574da9,536,2026-10-31,137.94,113.03,RETURN_TO_SUPPLIER,0.6167,PENDING
915dd4d9-c5e4-4a6c-8164-6670fddf374f,0d84597b-6ea1-4332-bd4a-8451cde06855,bcf603d0-45b1-4792-8c63-2d7553d768f8,378ef267-9155-41bc-a431-7c700c1731e3,906,2026-10-15,214.72,608.77,RETURN_TO_SUPPLIER,0.8833,PENDING
bec53aed-12bd-4fe9-91f2-2e87574c2a7b,08edb0d0-edbf-44ce-9d32-b74a11e02048,0e03b201-8fc9-49c1-9236-4c13b19a8045,a88fd15f-1bbb-4271-941e-899867a89583,488,2026-10-13,152.9,225.27,INTERNAL_TRANSFER,0.9167,PENDING
c4a464cc-5893-499f-bb32-3648ff926418,920ef48e-37f7-4885-9e7f-ef5f2970a521,5db737e1-d9c1-4a25-b07a-fe8f65037e9b,16d1b73f-8881-425f-82b2-7ab4974b08ef,731,2026-12-02,452.32,409.58,PRIORITIZE_USAGE,0.0833,PENDING
a178faf8-a492-4fe5-b7d9-b64fe699f0d6,85ae4cf3-51bf-45d7-8011-bb994eb602a6,54279a25-3901-40fb-b3bd-00b57c473368,2c4e6d71-0152-4e82-9c16-bfc9c81ea55e,481,2026-10-21,83.51,199.91,INTERNAL_TRANSFER,0.7833,PENDING
7c43801f-59d3-44bd-8070-8059ad9790a4,a7373a90-b4e1-4e4c-8f0b-7ad06a9fa600,36fcbad3-1785-470e-95be-22002a4015bf,b3163dc0-3ac7-41cc-b4fc-244bcbe446ad,634,2026-11-18,115.69,360.79,RETURN_TO_SUPPLIER,0.3167,PENDING
e49d0a92-11eb-4592-9eac-41d966aaa464,e3bbe120-0a9b-4cd8-b137-17f5c377e253,55a8596b-d01f-45ee-a4ea-e697e9f16e8b,0d430ec5-4d86-4820-8a2c-9a0885280906,522,2026-10-12,156.05,282.76,INTERNAL_TRANSFER,0.9333,PENDING
ddf1f076-ec3c-4a78-ad44-b6cb4f491186,920ef48e-37f7-4885-9e7f-ef5f2970a521,9d33b56a-842f-4916-8178-9dacfb601a30,9f081f26-ba8d-47d6-870e-ca0ca1cae51f,670,2026-12-01,205.26,281.56,INTERNAL_TRANSFER,0.1,PENDING
8a858333-c110-42ae-85d9-96d16bc2cd56,a7373a90-b4e1-4e4c-8f0b-7ad06a9fa600,f7150e56-08f9-46f9-a7a0-e0782430d9a3,67f10774-4e14-4f09-90b6-00a732111449,517,2026-12-07,347.59,63.34,RETURN_TO_SUPPLIER,0.0,PENDING
46cbe410-84c4-4517-bb8a-5231da4d20bd,920ef48e-37f7-4885-9e7f-ef5f2970a521,95d7e614-3067-49ff-8329-e2a55e58b1f2,0d430ec5-4d86-4820-8a2c-9a0885280906,131,2026-10-09,53.05,61.97,RETURN_TO_SUPPLIER,0.9833,PENDING
c0275a6e-7ba6-46ae-88c3-5f0df7ce13dc,0d84597b-6ea1-4332-bd4a-8451cde06855,19a2fe24-751c-4732-a597-a4700120b7aa,fdd23e22-960c-4a44-af67-60d832b98217,757,2026-12-01,318.57,392.82,PRIORITIZE_USAGE,0.1,PENDING
343e4c68-3bd9-41ac-9581-6976138ce354,0d84597b-6ea1-4332-bd4a-8451cde06855,040fed79-4ed1-4c89-960f-9524b3882a97,24d1b68c-2a5b-464e-bb4e-c1071b3b4f3d,599,2026-11-21,159.01,62.98,PRIORITIZE_USAGE,0.2667,PENDING
07847cc4-5e31-456c-9d0d-cabae7c5b279,e3bbe120-0a9b-4cd8-b137-17f5c377e253,e8f862dd-3ce0-42a3-8a40-1b37acc1c837,4fda6990-76da-4515-8f85-4b5ce64dd1ce,305,2026-11-08,115.13,110.85,RETURN_TO_SUPPLIER,0.4833,PENDING
f95e503d-cb7f-4ff0-9a75-95d0780fa94f,9454a900-be26-4a3d-ad53-b449210cffb4,68db2ac8-5615-4a1e-b2ce-d8f5e3841eff,6f12778d-43ca-4220-8b3b-11201ac91209,283,2026-11-05,217.5,46.64,PRIORITIZE_USAGE,0.5333,PENDING
b335602a-9438-478d-aa0f-1ccbaa538796,e3bbe120-0a9b-4cd8-b137-17f5c377e253,4ed60a8b-0b9a-4ca0-a914-cf86084cea56,2cd10b6d-063e-4f55-a0b6-37edb93b63a6,431,2026-10-29,321.19,94.96,INTERNAL_TRANSFER,0.65,PENDING
4a500251-56ed-4147-af37-ae322d1662ae,e3bbe120-0a9b-4cd8-b137-17f5c377e253,74958b7b-a642-4b3a-a092-44c244fb7fc1,b3fa980f-96f4-474d-8999-454117e0d5d6,677,2026-10-25,192.62,274.22,PRIORITIZE_USAGE,0.7167,PENDING
09f7e3c9-f377-487b-abc0-162d5e12702b,85ae4cf3-51bf-45d7-8011-bb994eb602a6,1ad44c47-d31d-4acc-8bb9-1610aad27b66,0df67422-0ffe-4855-b4b7-0f4e8676cbdb,737,2026-11-04,506.71,328.16,PRIORITIZE_USAGE,0.55,PENDING
fd2371ba-ed58-4b78-b28e-8705765239e6,85ae4cf3-51bf-45d7-8011-bb994eb602a6,4fb7dd1b-2d67-4fc4-a05c-77f2c31f2db5,2b376704-d06b-441d-a2bf-f0973873411c,335,2026-10-27,205.11,151.53,INTERNAL_TRANSFER,0.6833,PENDING
c4971d38-744f-4061-b7b1-365e1e93ad2a,e3bbe120-0a9b-4cd8-b137-17f5c377e253,136da88b-f734-4c22-ba2e-895f9da0419c,c51619a8-ba83-483f-9b52-064f926d96a2,463,2026-11-14,182.78,144.04,INTERNAL_TRANSFER,0.3833,PENDING
1b41957a-6a05-41ff-b5eb-5b06974073fa,920ef48e-37f7-4885-9e7f-ef5f2970a521,6bb157cd-90bd-42fb-8fc8-8b9af76edc80,9d6f82ea-a6c1-4ee5-bd74-c517ba546a27,761,2026-11-17,240.73,252.52,RETURN_TO_SUPPLIER,0.3333,PENDING
0f8eeef3-dcc8-4aa4-8ad0-5ad5e86f2e8e,0d84597b-6ea1-4332-bd4a-8451cde06855,41ec01fb-f2c3-462d-8c81-81e3808ea2be,24db962d-9a6b-4de6-982b-b719e504efb9,871,2026-12-05,630.35,472.99,PRIORITIZE_USAGE,0.0333,PENDING
7fc140c5-fed5-4d2c-9a0f-6051347d3f11,85ae4cf3-51bf-45d7-8011-bb994eb602a6,f5585317-4860-4944-baa7-6d7f5dbecbd1,27bdd8c0-778d-42ea-ae25-964ce81e391d,856,2026-11-04,368.37,453.53,INTERNAL_TRANSFER,0.55,PENDING
73e5bb68-a258-43e0-9f02-4129718e13a9,e3bbe120-0a9b-4cd8-b137-17f5c377e253,cff8390c-cb41-4a67-9c67-b479c36bd6d5,0eecbfea-7628-487c-b590-fece2c687e7a,217,2026-12-03,118.44,112.05,RETURN_TO_SUPPLIER,0.0667,PENDING
5780048d-ab40-4dac-9e6e-63ddc06fc499,e3bbe120-0a9b-4cd8-b137-17f5c377e253,5f5733e1-dd0c-48d1-afcc-624dd99e94ec,b699a59a-a0ec-49d9-b327-482e55347adf,272,2026-11-01,70.49,38.01,PRIORITIZE_USAGE,0.6,PENDING
da469637-9f8d-43c2-82d3-0fb929acb9db,08edb0d0-edbf-44ce-9d32-b74a11e02048,9497bc56-31f6-4c4d-a9f4-b86fb856adfa,2c4e6d71-0152-4e82-9c16-bfc9c81ea55e,283,2026-11-19,89.87,149.04,RETURN_TO_SUPPLIER,0.3,PENDING
671770ff-262c-4413-8222-1227833997b8,e9ce1e40-149e-4ce9-9fa9-805e7fe159fa,fc930581-f72d-4079-8736-9ef88120da54,378ef267-9155-41bc-a431-7c700c1731e3,261,2026-11-06,185.01,75.69,PRIORITIZE_USAGE,0.5167,PENDING
1d533aae-00bd-414c-92bc-7f9fc5659b08,08edb0d0-edbf-44ce-9d32-b74a11e02048,fda62f4a-e3b9-452a-9baa-54e8870440f1,1640337f-9614-4c3f-bda8-20c0eb4c6bce,471,2026-10-14,81.91,159.6,INTERNAL_TRANSFER,0.9,PENDING
1e5a684b-fa53-400a-9a39-41a6c757658b,9454a900-be26-4a3d-ad53-b449210cffb4,bc30c289-80dc-4775-ac02-93e17ba3066d,cbb4966e-7bea-4df2-82bc-5fcfe9617ff8,533,2026-10-27,193.32,168.2,INTERNAL_TRANSFER,0.6833,PENDING
19af6374-6128-4d29-8b60-be99b61468ee,920ef48e-37f7-4885-9e7f-ef5f2970a521,34ea8251-9b44-42dc-9131-82b1cdcc8239,9f081f26-ba8d-47d6-870e-ca0ca1cae51f,449,2026-11-08,350.87,51.53,PRIORITIZE_USAGE,0.4833,PENDING
9ff37ab4-7137-443f-a82a-e7c87fb1f615,a7373a90-b4e1-4e4c-8f0b-7ad06a9fa600,72deb284-915a-414c-81cd-7e698b0b3b8b,24bad869-7045-4954-b58f-10edc0407e69,715,2026-11-03,202.73,217.11,INTERNAL_TRANSFER,0.5667,PENDING
f8a1626d-9940-4f2c-bbb8-d57d99d84cd7,9454a900-be26-4a3d-ad53-b449210cffb4,0d9f17a6-b887-44e0-b168-002c105a9139,063be93d-6835-4b65-a8a1-c36e83278d83,865,2026-10-24,518.4,534.9,PRIORITIZE_USAGE,0.7333,PENDING
105f4879-1435-4768-925d-dd6045108abc,e9ce1e40-149e-4ce9-9fa9-805e7fe159fa,8da1547d-de4b-4366-b495-f3a12fb4e34e,2f7de1c2-cb62-4261-83f5-d8323f438333,961,2026-11-17,568.28,504.64,RETURN_TO_SUPPLIER,0.3333,PENDING
a98cf558-0e79-4059-b00a-3a1fee79c759,e3bbe120-0a9b-4cd8-b137-17f5c377e253,95d953b3-bb94-4c3a-a90a-e176ea7655ab,220f964e-a351-4ad0-827e-502f5ded939c,864,2026-12-05,570.98,568.5,PRIORITIZE_USAGE,0.0333,PENDING
41e67abf-4900-4681-858d-4cadbcac7597,85ae4cf3-51bf-45d7-8011-bb994eb602a6,5b40d0dc-bdc9-4aec-9126-1e995fb4d68d,a041cc1e-bb11-4e03-9969-5026c46ed837,875,2026-12-01,319.42,104.11,INTERNAL_TRANSFER,0.1,PENDING
f3573281-5ad2-4a12-8408-0ab61484898a,9454a900-be26-4a3d-ad53-b449210cffb4,d5d0e733-9edc-48cc-85ba-dceb75b25b2f,b3163dc0-3ac7-41cc-b4fc-244bcbe446ad,219,2026-10-24,148.02,142.56,PRIORITIZE_USAGE,0.7333,PENDING
f998d508-22b3-4f5e-b5f1-8ac65d13128e,920ef48e-37f7-4885-9e7f-ef5f2970a521,80fe972f-5a60-416d-8f04-5332266434b0,061b886b-98ed-480e-9810-63995f2f47ed,418,2026-11-27,326.14,96.87,PRIORITIZE_USAGE,0.1667,PENDING
e492aaac-751c-4842-8953-52d50730d2e8,0d84597b-6ea1-4332-bd4a-8451cde06855,96b07fb5-17ee-41b3-8819-c010ee14d0c8,2f7de1c2-cb62-4261-83f5-d8323f438333,569,2026-10-08,269.07,306.56,INTERNAL_TRANSFER,1.0,PENDING
f6699ae3-08e5-41b6-b266-1b5adf5bc000,e3bbe120-0a9b-4cd8-b137-17f5c377e253,55dd2dc1-ea1f-420c-a9e1-154e95157473,1941089d-b192-4af2-b696-484fa9286d80,951,2026-11-10,635.46,628.49,PRIORITIZE_USAGE,0.45,PENDING
e9058e56-cbbd-4557-89b9-a6194823c5ac,85ae4cf3-51bf-45d7-8011-bb994eb602a6,7ecdb11f-e7b3-4fa2-9e2c-e8722e568a88,85b186aa-f3a1-45ba-8d0c-349f8a13c3d4,166,2026-12-01,114.62,54.84,RETURN_TO_SUPPLIER,0.1,PENDING
977fd89a-01a8-4df7-b2ca-7385e12270c1,0d84597b-6ea1-4332-bd4a-8451cde06855,9e22c694-cba9-4826-aa68-78b85045b60c,522740d6-f3db-4ac1-a547-6b62598fe57f,621,2026-10-11,446.06,182.92,INTERNAL_TRANSFER,0.95,PENDING
ba8e2142-714f-4d48-b25c-c7b4d63ec75b,9454a900-be26-4a3d-ad53-b449210cffb4,7cfb2b15-4c5b-4bcf-87f2-8cb198d3025f,3b4f2db0-078e-4414-849b-1ba2782649be,691,2026-11-20,472.91,124.03,PRIORITIZE_USAGE,0.2833,PENDING
6ef0e4ce-f8e7-43ed-b9e2-072cfe8a625c,85ae4cf3-51bf-45d7-8011-bb994eb602a6,5c773ad9-9596-4e44-9f10-a57084df26b8,e5b7da92-602a-4a8f-9b36-3acfc3414ba7,290,2026-11-15,124.77,58.63,RETURN_TO_SUPPLIER,0.3667,PENDING
0f900623-4648-40a3-8bff-aca2259e843a,08edb0d0-edbf-44ce-9d32-b74a11e02048,1f3e3731-e9d4-48df-ad24-d048dc7d7393,67f10774-4e14-4f09-90b6-00a732111449,426,2026-11-26,301.54,253.82,RETURN_TO_SUPPLIER,0.1833,PENDING
15490ee0-901e-4fa1-b2bc-d89000596b6a,85ae4cf3-51bf-45d7-8011-bb994eb602a6,39ecf285-8ee9-4462-935d-134dc1a5635e,c037d58f-eb63-482e-81f7-b1f739423cdf,565,2026-11-23,315.53,224.95,INTERNAL_TRANSFER,0.2333,PENDING
68ece8c2-938e-4d99-91e4-c5ae9a884318,9454a900-be26-4a3d-ad53-b449210cffb4,e3051985-20d9-41cd-aaaf-32705d27502b,16d1b73f-8881-425f-82b2-7ab4974b08ef,79,2026-10-24,44.14,48.83,PRIORITIZE_USAGE,0.7333,PENDING
19aea35f-63de-4185-9142-cac2d957131b,a7373a90-b4e1-4e4c-8f0b-7ad06a9fa600,7ba3d8b2-96fa-4814-8980-43aacc17b4ea,9c06c388-c751-407e-9c97-3b46b1db5e7c,502,2026-11-17,276.82,86.69,PRIORITIZE_USAGE,0.3333,PENDING
0e9d9653-be7f-4733-bc5a-937c4673eb17,e3bbe120-0a9b-4cd8-b137-17f5c377e253,825dc4c5-e484-488c-88b0-b8d9a32c040c,b3163dc0-3ac7-41cc-b4fc-244bcbe446ad,318,2026-11-22,83.81,59.07,RETURN_TO_SUPPLIER,0.25,PENDING
f2e17588-e4c9-457c-b3d9-b015ac6d8c37,920ef48e-37f7-4885-9e7f-ef5f2970a521,83363eaa-bbd9-48ea-81ac-1a2cbf227bcc,fda2f8a3-95ba-4f42-97f3-dbce57a916f1,88,2026-10-18,67.89,59.87,PRIORITIZE_USAGE,0.8333,PENDING
05889602-a222-482d-b6a1-8562482fff96,e3bbe120-0a9b-4cd8-b137-17f5c377e253,bf291724-1da2-4dc7-a68e-398c3117faa8,c51619a8-ba83-483f-9b52-064f926d96a2,396,2026-10-30,202.17,140.72,PRIORITIZE_USAGE,0.6333,PENDING
b00365bc-7122-49da-9b6d-b69dc5506472,08edb0d0-edbf-44ce-9d32-b74a11e02048,ebb5bc2d-70f5-4250-9c61-91db9502edff,063be93d-6835-4b65-a8a1-c36e83278d83,122,2026-10-12,63.75,15.73,PRIORITIZE_USAGE,0.9333,PENDING
0fd9503b-0af0-4d3c-9f83-6cbd62b5501f,a7373a90-b4e1-4e4c-8f0b-7ad06a9fa600,38bac4d3-6277-4efe-a1db-7492489b0c49,220f964e-a351-4ad0-827e-502f5ded939c,780,2026-11-07,160.13,211.58,PRIORITIZE_USAGE,0.5,PENDING
461dd150-698b-428f-a397-6fde4e40f275,a7373a90-b4e1-4e4c-8f0b-7ad06a9fa600,a28d17cc-d026-412f-8e2b-9234599b55b6,1b0a2521-7dda-4bed-8313-954689f28c33,614,2026-12-06,140.33,71.78,INTERNAL_TRANSFER,0.0167,PENDING
910a25f2-5dcb-4844-afe7-860dc0b6d196,e3bbe120-0a9b-4cd8-b137-17f5c377e253,ea4db3be-99fa-4548-919a-4dfe31048d1f,24db962d-9a6b-4de6-982b-b719e504efb9,385,2026-11-27,175.5,263.23,RETURN_TO_SUPPLIER,0.1667,PENDING
0a39dad8-a26d-4f9b-96c0-c2f86c5f2487,08edb0d0-edbf-44ce-9d32-b74a11e02048,3acb5a99-c93c-41ed-9954-0933ebfc739e,01d77a5e-a466-4d48-b24b-31edb500e5fa,839,2026-11-29,400.1,178.35,INTERNAL_TRANSFER,0.1333,PENDING
809a4d59-edcf-404d-a664-2704cb4df381,a7373a90-b4e1-4e4c-8f0b-7ad06a9fa600,b33fe112-5386-4a8a-86b5-86bf39034534,0d430ec5-4d86-4820-8a2c-9a0885280906,506,2026-11-22,293.82,110.8,RETURN_TO_SUPPLIER,0.25,PENDING
5a66597b-369f-437a-9be2-ea4db7eba28d,85ae4cf3-51bf-45d7-8011-bb994eb602a6,7c6661f4-041a-45b4-aefa-fa27946e0e6a,8e15b3a9-915f-4bf0-84c7-182f335e062c,810,2026-10-31,251.22,348.92,RETURN_TO_SUPPLIER,0.6167,PENDING
fb877b6e-0695-49d2-9d0b-08f163611852,0d84597b-6ea1-4332-bd4a-8451cde06855,f5a0cf7c-0ded-44e3-8be4-782e53f04ea1,ca8399a1-143e-4717-be95-7836c2f21dcb,71,2026-11-04,51.37,11.43,PRIORITIZE_USAGE,0.55,PENDING
4932c940-6a17-4731-a533-085b26c3a281,e3bbe120-0a9b-4cd8-b137-17f5c377e253,58492f5f-c6df-41e5-b577-79a555a1922d,957c588f-5e69-469f-b353-4b24fef25a65,586,2026-11-02,299.85,199.92,INTERNAL_TRANSFER,0.5833,PENDING
0f4d608e-0baf-4c30-9d05-3ed919803270,85ae4cf3-51bf-45d7-8011-bb994eb602a6,ec12276a-dca8-4fe1-a8de-7322484e915b,24bad869-7045-4954-b58f-10edc0407e69,320,2026-10-21,229.03,115.58,INTERNAL_TRANSFER,0.7833,PENDING
b73ff7cb-4757-4184-aef5-45e889fe50bb,920ef48e-37f7-4885-9e7f-ef5f2970a521,58acdca1-7af0-4107-8148-a94147ece765,27bdd8c0-778d-42ea-ae25-964ce81e391d,696,2026-11-16,279.18,232.63,PRIORITIZE_USAGE,0.35,PENDING
3e79f527-6b75-48ff-a3a3-ee072b46d718,9454a900-be26-4a3d-ad53-b449210cffb4,60b2593e-2c14-420a-adb9-607034556e4d,378ef267-9155-41bc-a431-7c700c1731e3,303,2026-10-13,153.34,40.1,INTERNAL_TRANSFER,0.9167,PENDING
bc86da28-b1c5-4203-909e-1b390267bf2e,85ae4cf3-51bf-45d7-8011-bb994eb602a6,908dc935-48a4-4467-aaa9-e28a7e8516f1,f6dc8117-e75f-4920-a0cf-04c7bafc7542,160,2026-11-27,102.34,34.78,RETURN_TO_SUPPLIER,0.1667,PENDING
be2d27fa-978e-4c65-81b4-410d4367b31c,0d84597b-6ea1-4332-bd4a-8451cde06855,a53c2342-bab4-427b-b990-3772beb775d5,13cd9912-56bb-4721-abb1-986f20a370cb,694,2026-10-28,364.39,398.16,PRIORITIZE_USAGE,0.6667,PENDING
f80a8345-495e-4413-ba29-4aac9077a654,08edb0d0-edbf-44ce-9d32-b74a11e02048,283661b2-b5be-4c31-b60d-5066312bda28,a88fd15f-1bbb-4271-941e-899867a89583,188,2026-12-04,71.52,122.69,PRIORITIZE_USAGE,0.05,PENDING
5459e980-5ff1-4830-b92d-0f6590bb78d2,08edb0d0-edbf-44ce-9d32-b74a11e02048,4701bdb7-7654-4173-a11c-99b458985b1a,cf8bc62c-4d72-4142-8ab6-03524280a750,796,2026-10-14,347.49,476.88,PRIORITIZE_USAGE,0.9,PENDING
2902cd95-c036-46b1-9d43-286f9e1bdd9c,920ef48e-37f7-4885-9e7f-ef5f2970a521,4341fa36-f667-4ef2-817b-4b114519d94c,4bd504ed-a1c0-48c9-bff0-b66723a5f08d,34,2026-11-01,23.58,23.1,RETURN_TO_SUPPLIER,0.6,PENDING
aea8b268-28a3-4c25-bbf5-66a70d621b4d,08edb0d0-edbf-44ce-9d32-b74a11e02048,67e7db40-8d25-4364-9136-78b616aa0c85,8cb385ca-cfdc-404f-8298-512a7c8578b3,505,2026-10-18,397.89,57.24,RETURN_TO_SUPPLIER,0.8333,PENDING
e9c69211-071b-4b94-8b8f-73a273a93596,e9ce1e40-149e-4ce9-9fa9-805e7fe159fa,3416c7aa-4fa5-4044-8e4c-23603aeca07e,1941089d-b192-4af2-b696-484fa9286d80,190,2026-11-25,140.36,86.79,RETURN_TO_SUPPLIER,0.2,PENDING
3d6273c4-db3f-4d6e-8eed-1075379b836a,a7373a90-b4e1-4e4c-8f0b-7ad06a9fa600,f2f81f45-fbe1-4227-a368-dcc3190e90c1,4bd504ed-a1c0-48c9-bff0-b66723a5f08d,333,2026-10-29,197.86,178.58,RETURN_TO_SUPPLIER,0.65,PENDING
43a2d59a-057b-497f-a968-86c38ac540dd,85ae4cf3-51bf-45d7-8011-bb994eb602a6,d2a419d0-c6b3-45fc-b368-76b41cbedcd1,33e37cdb-690b-4dd6-aa0b-3e189bf6bc51,531,2026-10-09,137.24,88.37,RETURN_TO_SUPPLIER,0.9833,PENDING
a8ddde80-75ad-4d02-bf15-18e446617eb9,a7373a90-b4e1-4e4c-8f0b-7ad06a9fa600,9f730111-64c2-45e2-9122-5f675ed3c88a,0c98fcbf-9121-467b-910d-10fcfbcd35b6,786,2026-11-15,418.62,103.24,INTERNAL_TRANSFER,0.3667,PENDING
716a4ee4-5b92-4bf9-9d7c-1e6a92da7b0f,e9ce1e40-149e-4ce9-9fa9-805e7fe159fa,ad2c1b4d-6e1e-4a37-b8ac-8af1cf98fc9f,3b4f2db0-078e-4414-849b-1ba2782649be,224,2026-11-23,110.77,99.12,INTERNAL_TRANSFER,0.2333,PENDING
c30a0d40-9661-44b2-a2fd-41bc58ee602d,85ae4cf3-51bf-45d7-8011-bb994eb602a6,887f3773-26d5-4543-bbf4-3168db5db742,573f39b9-7855-4b4d-8a9e-14a5e9d8b2cd,683,2026-11-28,368.52,128.71,INTERNAL_TRANSFER,0.15,PENDING
21c2a79d-7823-448f-9600-0143e35f6dd2,e3bbe120-0a9b-4cd8-b137-17f5c377e253,8cde345b-afe7-4832-b0c2-0206bd52f1a5,c51619a8-ba83-483f-9b52-064f926d96a2,984,2026-12-04,535.6,216.55,INTERNAL_TRANSFER,0.05,PENDING
4f1cc7ff-d948-407f-85e1-024c83b3a6bd,85ae4cf3-51bf-45d7-8011-bb994eb602a6,c7ed9842-f256-414a-8da2-9bc301c3ad0e,8e67a041-f702-4f16-b57b-c66dff30e18b,139,2026-11-28,22.07,72.24,PRIORITIZE_USAGE,0.15,PENDING
f9c6e6ef-ae99-469d-b764-985cd00820e2,920ef48e-37f7-4885-9e7f-ef5f2970a521,df4271d8-09e2-422f-9eda-973ec84c4db2,0eecbfea-7628-487c-b590-fece2c687e7a,884,2026-10-15,433.78,484.34,INTERNAL_TRANSFER,0.8833,PENDING
e51ebe38-f349-4b15-a5b1-2546fbda6bf5,920ef48e-37f7-4885-9e7f-ef5f2970a521,121eef39-c56f-47ca-bc22-7d46d7921c3e,b1b122eb-1ba2-4148-b9ac-5d21b2adf647,978,2026-12-05,330.27,360.35,INTERNAL_TRANSFER,0.0333,PENDING
56769cb2-ea7e-4f39-8882-8375af8144a4,920ef48e-37f7-4885-9e7f-ef5f2970a521,062e315c-66af-43c0-89a3-8cec8f3d7ac3,0c98fcbf-9121-467b-910d-10fcfbcd35b6,512,2026-12-01,104.08,296.56,RETURN_TO_SUPPLIER,0.1,PENDING
9cb1190f-bc2e-44c6-97f1-e275ce45bc6e,9454a900-be26-4a3d-ad53-b449210cffb4,0703be77-fd89-43d4-aaa3-1f3622276819,378ef267-9155-41bc-a431-7c700c1731e3,361,2026-10-08,165.56,246.01,PRIORITIZE_USAGE,1.0,PENDING
e4f9b487-2a07-41bb-87ce-84ae76ace944,a7373a90-b4e1-4e4c-8f0b-7ad06a9fa600,08cef233-c630-438e-87da-b2ed33b48731,1b0a2521-7dda-4bed-8313-954689f28c33,509,2026-11-15,129.74,328.17,PRIORITIZE_USAGE,0.3667,PENDING
bbaac1ed-f709-4437-b94a-957711722799,e9ce1e40-149e-4ce9-9fa9-805e7fe159fa,f04b9492-6edb-4c2c-b191-7d0ec668f232,9d6f82ea-a6c1-4ee5-bd74-c517ba546a27,97,2026-10-15,48.85,64.35,PRIORITIZE_USAGE,0.8833,PENDING
95d43290-111c-403a-8d86-8da20e37701f,e3bbe120-0a9b-4cd8-b137-17f5c377e253,12582021-20af-415d-8300-89e8af6e22e6,522740d6-f3db-4ac1-a547-6b62598fe57f,684,2026-11-21,401.01,182.06,PRIORITIZE_USAGE,0.2667,PENDING
113fa641-7250-4be9-97c6-63bfc833dca0,9454a900-be26-4a3d-ad53-b449210cffb4,17c592e5-d552-4490-bf3a-10f5ac13a9ba,8cb385ca-cfdc-404f-8298-512a7c8578b3,469,2026-11-17,333.7,293.02,RETURN_TO_SUPPLIER,0.3333,PENDING
6c6de6c1-3686-4a7f-b6ed-31441e2d2f05,85ae4cf3-51bf-45d7-8011-bb994eb602a6,2555ec99-8eab-415c-b02f-964e79900b19,2cd10b6d-063e-4f55-a0b6-37edb93b63a6,214,2026-11-28,161.41,103.94,RETURN_TO_SUPPLIER,0.15,PENDING
2189fa34-679b-4eae-a366-c1a32edfe49c,e9ce1e40-149e-4ce9-9fa9-805e7fe159fa,45e1f019-6ebe-4f88-baae-6aa90b6fc749,d6c64038-55ae-44a3-863b-be781e1a4649,888,2026-11-30,390.54,435.06,PRIORITIZE_USAGE,0.1167,PENDING
e8963d77-2d1c-4556-ae2e-55f997729966,9454a900-be26-4a3d-ad53-b449210cffb4,010da7dd-111c-4b68-abfb-978770aa0206,dee6b134-5f4e-4d83-8133-35e34f0b48e8,842,2026-10-18,297.85,425.83,INTERNAL_TRANSFER,0.8333,PENDING
186e0a3f-4314-4061-a0c3-7778e0fc3522,85ae4cf3-51bf-45d7-8011-bb994eb602a6,372b687b-b048-4fb3-80c8-970a93d34ecd,6cbb6f57-d6cb-41b0-aca5-9ea4e8c5be47,699,2026-11-14,423.57,236.66,RETURN_TO_SUPPLIER,0.3833,PENDING
e57f4e89-71f7-40d3-b93e-d769a0d68795,a7373a90-b4e1-4e4c-8f0b-7ad06a9fa600,1ea6292f-01a2-4273-ab55-14c9fcb92c5d,e5b7da92-602a-4a8f-9b36-3acfc3414ba7,633,2026-10-13,349.92,224.38,PRIORITIZE_USAGE,0.9167,PENDING
dca5331d-d31c-419b-a30a-053afad42248,920ef48e-37f7-4885-9e7f-ef5f2970a521,20cb8b1e-719d-445d-bcdd-b286c368660e,c51619a8-ba83-483f-9b52-064f926d96a2,323,2026-11-21,147.85,187.96,INTERNAL_TRANSFER,0.2667,PENDING
fe2b8f4f-95cb-4bbd-b24c-07446739dbc8,0d84597b-6ea1-4332-bd4a-8451cde06855,9511f0a3-b14e-4988-9a65-1d7e1c2dfb26,9d6f82ea-a6c1-4ee5-bd74-c517ba546a27,143,2026-11-11,53.84,51.49,PRIORITIZE_USAGE,0.4333,PENDING
89f38a97-2606-460d-a4d7-9a12642f8d5c,a7373a90-b4e1-4e4c-8f0b-7ad06a9fa600,027dd398-6c1c-4bcc-b904-14078b2175aa,fdd23e22-960c-4a44-af67-60d832b98217,761,2026-11-03,284.82,396.82,INTERNAL_TRANSFER,0.5667,PENDING
0c29aee5-8e8c-48d7-b4b1-e495fbb3b8bb,9454a900-be26-4a3d-ad53-b449210cffb4,dc930e9d-eb77-462b-aaa3-02f7837bddc5,ea61edd3-7fbd-4c08-b312-d866041879c2,437,2026-10-25,235.25,115.84,PRIORITIZE_USAGE,0.7167,PENDING
7555348f-4e94-4850-abc2-1939d7ceb5da,920ef48e-37f7-4885-9e7f-ef5f2970a521,ea77167e-9c8d-439a-802f-f0a45cc25c40,0a915249-7e9b-4a22-be4b-d5a6c9628e04,264,2026-11-25,168.4,61.63,PRIORITIZE_USAGE,0.2,PENDING
f7e27cda-9655-4110-b7d8-3fe0ba422c55,0d84597b-6ea1-4332-bd4a-8451cde06855,997a9f39-e2ae-41d0-91d9-96c54290c76b,f1b95f47-94a2-4979-a411-02444c727d3e,594,2026-10-11,313.96,155.59,INTERNAL_TRANSFER,0.95,PENDING
f76eaaac-3e9c-48a0-8b64-b5c9d3f97613,e3bbe120-0a9b-4cd8-b137-17f5c377e253,9d001088-72e9-4eb6-856f-3eb41fed2894,dee6b134-5f4e-4d83-8133-35e34f0b48e8,655,2026-11-04,126.53,285.8,RETURN_TO_SUPPLIER,0.55,PENDING
372dad35-1bb9-43d9-8ab4-52390ef0d08d,9454a900-be26-4a3d-ad53-b449210cffb4,0b3fa74b-92c4-47b3-834f-9f408f57c8ef,70745aec-f24f-4b18-807e-6adb80d01ba0,958,2026-11-24,588.92,388.65,RETURN_TO_SUPPLIER,0.2167,PENDING
a8139cc4-c004-4702-81be-a61f0d5563a0,0d84597b-6ea1-4332-bd4a-8451cde06855,fe73133a-653d-4b6f-90a7-c679e321ac98,a197882a-31bc-40ba-be53-5a7c2f5930f7,460,2026-11-13,349.19,200.64,INTERNAL_TRANSFER,0.4,PENDING
d71b62ff-cba2-409b-8ba3-363503662d88,e3bbe120-0a9b-4cd8-b137-17f5c377e253,d0a432e1-1c38-4e84-a476-9371830257bc,522740d6-f3db-4ac1-a547-6b62598fe57f,209,2026-11-06,113.91,141.55,INTERNAL_TRANSFER,0.5167,PENDING
e8923550-519b-478b-96f8-267c21b0053c,920ef48e-37f7-4885-9e7f-ef5f2970a521,759c568b-35a7-4ecf-8b8d-7aefe521682d,b3163dc0-3ac7-41cc-b4fc-244bcbe446ad,695,2026-10-29,438.57,368.39,INTERNAL_TRANSFER,0.65,PENDING
72c6f412-5928-4b3f-9558-5fe5621d8680,e9ce1e40-149e-4ce9-9fa9-805e7fe159fa,dcd099b8-f9ae-4498-a254-65f5bcce8598,3e9b0bad-6728-4523-be87-a00adf0fff30,163,2026-10-10,120.46,87.22,INTERNAL_TRANSFER,0.9667,PENDING
509ba235-6a88-4f89-8db3-bbe3ad5b2a4f,a7373a90-b4e1-4e4c-8f0b-7ad06a9fa600,568ef6cf-8721-4f22-9e5a-f8b7c8fc6907,6989db76-adcc-4a3d-b3c0-61fb496a0f5d,449,2026-11-27,197.71,205.86,RETURN_TO_SUPPLIER,0.1667,PENDING
ef8f3eec-b6b0-4c66-8ad3-05a8d02f892a,85ae4cf3-51bf-45d7-8011-bb994eb602a6,ebabd7ed-efbc-4c1e-9c21-be6c4095e9d4,9c021848-0377-486f-a048-370334cce953,358,2026-12-02,124.39,154.0,RETURN_TO_SUPPLIER,0.0833,PENDING
f8a43e5a-2822-4eb2-943b-f5b8b81a1d6f,85ae4cf3-51bf-45d7-8011-bb994eb602a6,a650bb04-c85f-4114-b9ce-7dcbc16e5a5a,6b615b69-ae0e-4f1b-a6dc-2d69233addaa,714,2026-11-02,281.94,209.16,PRIORITIZE_USAGE,0.5833,PENDING
12f70fa3-0a5c-4eed-80c9-7b36c14b3e17,920ef48e-37f7-4885-9e7f-ef5f2970a521,1ac1c6ee-d0dd-498a-89f2-59f99c293e2f,2b376704-d06b-441d-a2bf-f0973873411c,874,2026-11-09,540.95,505.06,INTERNAL_TRANSFER,0.4667,PENDING
5796d9de-6f19-4ace-aa15-4646689da2b6,0d84597b-6ea1-4332-bd4a-8451cde06855,7dbf5983-c09f-4829-9197-f3392edd4476,e5b7da92-602a-4a8f-9b36-3acfc3414ba7,752,2026-11-01,308.86,230.35,INTERNAL_TRANSFER,0.6,PENDING
469bf12c-0fd0-4aaa-b165-6aa049cdb0ee,9454a900-be26-4a3d-ad53-b449210cffb4,37d50a80-1ef1-4b7c-aeb1-8f3d4260a3e3,1941089d-b192-4af2-b696-484fa9286d80,705,2026-11-30,558.11,154.95,PRIORITIZE_USAGE,0.1167,PENDING
e07b230c-6c61-48ec-baa7-5260efc4222a,920ef48e-37f7-4885-9e7f-ef5f2970a521,258f1c08-e4cf-4ba3-87d1-ccfc40bd380e,16d1b73f-8881-425f-82b2-7ab4974b08ef,678,2026-11-02,329.67,329.76,INTERNAL_TRANSFER,0.5833,PENDING
5e8ef3e6-7725-400d-b7af-a23bfca8da5e,85ae4cf3-51bf-45d7-8011-bb994eb602a6,4d6a3b82-4be0-420b-a174-a69b218d29af,b8b41174-e4bb-41e0-8dc8-fbdaf9d470ec,245,2026-10-14,42.89,122.93,PRIORITIZE_USAGE,0.9,PENDING
f63a06ca-e95d-466e-98f0-f3ba17ab418b,920ef48e-37f7-4885-9e7f-ef5f2970a521,1614cf9b-2670-4315-b0ea-97756a299815,b699a59a-a0ec-49d9-b327-482e55347adf,634,2026-11-14,137.02,429.66,RETURN_TO_SUPPLIER,0.3833,PENDING
09538d61-b8bd-43b9-a023-fa601afe89e7,08edb0d0-edbf-44ce-9d32-b74a11e02048,a0fb63a9-07a1-4f08-aa5f-f2fa409c3b7d,b8b41174-e4bb-41e0-8dc8-fbdaf9d470ec,645,2026-11-29,494.87,204.28,RETURN_TO_SUPPLIER,0.1333,PENDING
33292e53-d03a-41c3-bb8b-014971a17d91,920ef48e-37f7-4885-9e7f-ef5f2970a521,b975647e-5614-44b8-92a9-baea6bd152dd,be0b42c5-6bfe-48dc-8f33-e20d29d25a48,962,2026-10-09,568.0,252.41,RETURN_TO_SUPPLIER,0.9833,PENDING
d54678a5-3531-4681-9402-d511274c2bf5,85ae4cf3-51bf-45d7-8011-bb994eb602a6,d2693c67-3a83-4587-ae53-e1e350d7fa3e,33e37cdb-690b-4dd6-aa0b-3e189bf6bc51,720,2026-10-15,418.98,113.95,INTERNAL_TRANSFER,0.8833,PENDING
5f6b2562-b18e-4bc0-8f03-9e3659b21af1,a7373a90-b4e1-4e4c-8f0b-7ad06a9fa600,958ddc28-18f7-49d1-b8ec-078a2d7bc5bc,fda2f8a3-95ba-4f42-97f3-dbce57a916f1,497,2026-10-10,367.88,159.98,PRIORITIZE_USAGE,0.9667,PENDING
126ef796-4805-48e8-91fc-899f705859d1,85ae4cf3-51bf-45d7-8011-bb994eb602a6,6b699b4e-9763-481b-ac79-41df1f7ffcf3,85b186aa-f3a1-45ba-8d0c-349f8a13c3d4,109,2026-12-05,60.39,55.25,INTERNAL_TRANSFER,0.0333,PENDING
2d871d0e-72d9-43ae-843c-35d16a59de1e,9454a900-be26-4a3d-ad53-b449210cffb4,33b5b750-6ec3-4e62-8f17-b1d7a73ed5f5,ec00005f-8d61-4b61-825c-d8c696ae49aa,408,2026-12-01,278.82,183.5,PRIORITIZE_USAGE,0.1,PENDING
3e6fe3ad-4d87-43a7-b883-6340146813e5,a7373a90-b4e1-4e4c-8f0b-7ad06a9fa600,f938f614-579a-4d8e-becf-29706fa59101,a7d4d675-bb94-424a-b6e4-1709b9e91e6d,987,2026-10-25,186.68,539.46,PRIORITIZE_USAGE,0.7167,PENDING
3005205f-72b4-4689-b770-829b1e861474,e9ce1e40-149e-4ce9-9fa9-805e7fe159fa,a81ce444-2d1b-4903-bed7-783561b8377d,a88fd15f-1bbb-4271-941e-899867a89583,93,2026-11-15,68.47,43.89,PRIORITIZE_USAGE,0.3667,PENDING
05e63ec7-fa45-4f0f-9217-d5764de9a63b,a7373a90-b4e1-4e4c-8f0b-7ad06a9fa600,70ccb287-1e4d-4bb1-ad5a-c1836d93b41e,2aceb2a6-c859-4f95-a238-9ad796b698fa,447,2026-11-03,205.02,112.49,INTERNAL_TRANSFER,0.5667,PENDING
fcf040c9-9820-42be-9e92-cd4bc05f3979,08edb0d0-edbf-44ce-9d32-b74a11e02048,4d60a8b4-a030-422f-891b-dd69942d6694,24856ba7-ab81-4f22-985e-e30a3b9397cb,303,2026-11-29,210.68,116.46,RETURN_TO_SUPPLIER,0.1333,PENDING
92d898d7-f989-4ba4-9fba-d94d03be648d,0d84597b-6ea1-4332-bd4a-8451cde06855,6327e7f4-7e6d-413f-96b9-860dd1f599e7,16d1b73f-8881-425f-82b2-7ab4974b08ef,757,2026-10-14,512.36,228.32,RETURN_TO_SUPPLIER,0.9,PENDING
0de35c4c-198a-46fe-a584-34d5fdf2f6b9,9454a900-be26-4a3d-ad53-b449210cffb4,57987845-8567-493d-9ee8-7a6ba467089d,6cbb6f57-d6cb-41b0-aca5-9ea4e8c5be47,836,2026-11-22,315.55,135.81,PRIORITIZE_USAGE,0.25,PENDING
59a4a615-956f-40d1-9231-ab924b5f75df,e3bbe120-0a9b-4cd8-b137-17f5c377e253,c0f5816e-eceb-45c2-a0a5-7f95b47756c6,b3163dc0-3ac7-41cc-b4fc-244bcbe446ad,198,2026-11-23,137.71,121.75,RETURN_TO_SUPPLIER,0.2333,PENDING
b64a10ce-14ae-4188-b3e4-68a2f9fc273f,9454a900-be26-4a3d-ad53-b449210cffb4,806cd34d-fdbb-46eb-89ab-4de3aba59b13,3a19d3ca-1898-4db4-b347-55af1376c897,656,2026-11-12,448.17,208.6,INTERNAL_TRANSFER,0.4167,PENDING
17761bd9-98d0-4dce-a0b4-8da03837497f,e9ce1e40-149e-4ce9-9fa9-805e7fe159fa,868068dd-586b-4ffe-a534-bef302f570a9,b699a59a-a0ec-49d9-b327-482e55347adf,952,2026-10-15,286.8,598.79,RETURN_TO_SUPPLIER,0.8833,PENDING
1a080ed2-46a6-44f6-9e5a-44c18ca2062a,e9ce1e40-149e-4ce9-9fa9-805e7fe159fa,bf0dfa79-f85a-49f3-bea4-b9295c93d249,b261960f-23be-4297-9c50-f27ceac7eedb,185,2026-11-01,142.45,37.6,INTERNAL_TRANSFER,0.6,PENDING
19cf5481-5fe6-4303-9aef-20ab1cd64d09,0d84597b-6ea1-4332-bd4a-8451cde06855,b2c68be1-fd42-4107-a20e-fc03d9470cad,3e6ecca3-9ad1-49a9-ad9a-5509b28de79d,852,2026-11-15,423.01,311.57,RETURN_TO_SUPPLIER,0.3667,PENDING
db4937ed-6248-4340-acbf-75bfa67f76f0,a7373a90-b4e1-4e4c-8f0b-7ad06a9fa600,17ad458e-b13c-4e0e-8c80-66181b4e6dd3,a88fd15f-1bbb-4271-941e-899867a89583,576,2026-11-20,287.53,145.57,PRIORITIZE_USAGE,0.2833,PENDING
222d0299-2b1d-4402-b3d9-cb3275c44be0,e9ce1e40-149e-4ce9-9fa9-805e7fe159fa,8a8b6f89-eacb-4d12-b0a9-384843ae0902,be0b42c5-6bfe-48dc-8f33-e20d29d25a48,217,2026-10-12,132.35,141.91,RETURN_TO_SUPPLIER,0.9333,PENDING
2e82c7c0-7324-4599-9a20-ed3622d07b32,08edb0d0-edbf-44ce-9d32-b74a11e02048,c0b28932-cd2e-48e5-9e07-bb7b1ec4c554,b8b41174-e4bb-41e0-8dc8-fbdaf9d470ec,957,2026-12-06,614.22,517.63,INTERNAL_TRANSFER,0.0167,PENDING
c2bfc71e-bdb5-4485-ace8-9800f6ffc065,a7373a90-b4e1-4e4c-8f0b-7ad06a9fa600,2bab9854-4947-4c77-b874-b8a65295538a,fda2f8a3-95ba-4f42-97f3-dbce57a916f1,559,2026-11-08,93.68,362.98,RETURN_TO_SUPPLIER,0.4833,PENDING
668823a0-d3cc-4b07-9abb-6d3e9a443131,920ef48e-37f7-4885-9e7f-ef5f2970a521,80d8bd9b-8c64-42fa-85a5-875914db1845,8cb385ca-cfdc-404f-8298-512a7c8578b3,408,2026-10-25,179.26,144.87,RETURN_TO_SUPPLIER,0.7167,PENDING
ea674e96-89ec-42fd-a2b4-37b3aad17029,9454a900-be26-4a3d-ad53-b449210cffb4,e9ed0093-41c5-4458-8921-af1f6ee04333,43110ae2-2c0b-4654-936a-72afad56219d,661,2026-11-05,215.62,87.38,PRIORITIZE_USAGE,0.5333,PENDING
dc700e93-4486-4c10-8499-17e1e24d6c6a,0d84597b-6ea1-4332-bd4a-8451cde06855,7a1916fa-c4ad-4043-94b6-964cd720e404,16d1b73f-8881-425f-82b2-7ab4974b08ef,299,2026-10-11,89.68,143.83,PRIORITIZE_USAGE,0.95,PENDING
fb7e328d-f589-427c-9397-d8d9ea1cb4e8,e3bbe120-0a9b-4cd8-b137-17f5c377e253,a7b8b288-d843-431d-bf88-88748092d147,2c10bfc8-d106-4422-b38f-e414215c8def,710,2026-10-08,193.68,482.86,INTERNAL_TRANSFER,1.0,PENDING
5954d6b0-b83e-4366-9c68-6739cf3e0a06,e9ce1e40-149e-4ce9-9fa9-805e7fe159fa,66775cbf-c71a-413d-a12e-2625f3a405d1,a197882a-31bc-40ba-be53-5a7c2f5930f7,240,2026-11-01,182.74,166.33,INTERNAL_TRANSFER,0.6,PENDING
a660ec83-f64c-4c1a-9e0a-e24b282659b7,85ae4cf3-51bf-45d7-8011-bb994eb602a6,b536101f-daa5-417d-ba66-e111841c5359,e5b7da92-602a-4a8f-9b36-3acfc3414ba7,346,2026-12-04,157.81,99.44,RETURN_TO_SUPPLIER,0.05,PENDING
7261b8d9-12c4-4e1e-bc28-383018130cdc,0d84597b-6ea1-4332-bd4a-8451cde06855,fa10c1bd-cd58-48a6-8c8c-75225577337a,0d430ec5-4d86-4820-8a2c-9a0885280906,211,2026-10-21,65.49,128.6,RETURN_TO_SUPPLIER,0.7833,PENDING
ecab83df-ea66-45d5-888d-4ac97fcfcc41,e9ce1e40-149e-4ce9-9fa9-805e7fe159fa,cff16bb5-744a-4704-8a9f-98cd2630cad7,3a19d3ca-1898-4db4-b347-55af1376c897,704,2026-11-19,187.55,229.4,PRIORITIZE_USAGE,0.3,PENDING
4e91ec7a-0729-49a1-8ef1-3f86e9f35fac,e3bbe120-0a9b-4cd8-b137-17f5c377e253,8a55d029-16e3-4e93-a10f-d99d7871d339,0d430ec5-4d86-4820-8a2c-9a0885280906,674,2026-11-17,307.57,191.05,PRIORITIZE_USAGE,0.3333,PENDING
d440dbd5-6572-4f22-8b1e-5b9db301cd02,9454a900-be26-4a3d-ad53-b449210cffb4,4950b1e0-ebe2-46dc-9326-a8a24bec997a,3e8ecc15-190b-4bcd-a7fd-92ec541c75f4,770,2026-11-19,459.99,99.45,INTERNAL_TRANSFER,0.3,PENDING
607552a7-d833-4026-8e93-ff222f4f32bf,0d84597b-6ea1-4332-bd4a-8451cde06855,a4a885f8-85cb-46a9-a6d5-3bb6fa193b4f,67f10774-4e14-4f09-90b6-00a732111449,921,2026-10-10,717.32,120.03,PRIORITIZE_USAGE,0.9667,PENDING
6d0b9abc-ad4d-495b-a722-531130aacccf,a7373a90-b4e1-4e4c-8f0b-7ad06a9fa600,e392f018-9783-4c02-8d3d-466e7cb65ee3,b3fa980f-96f4-474d-8999-454117e0d5d6,54,2026-12-06,13.68,32.61,PRIORITIZE_USAGE,0.0167,PENDING
2a19c7bc-a36a-447f-b00e-4d7fb1057e77,e9ce1e40-149e-4ce9-9fa9-805e7fe159fa,ab6e5753-234b-44e2-9407-71918e8ac18f,9c021848-0377-486f-a048-370334cce953,419,2026-11-18,247.58,130.13,PRIORITIZE_USAGE,0.3167,PENDING
fae2384a-8578-4d58-8619-27ee93f1b58b,a7373a90-b4e1-4e4c-8f0b-7ad06a9fa600,680b3a23-b27d-4008-aacd-1c40e181f943,522740d6-f3db-4ac1-a547-6b62598fe57f,839,2026-10-09,313.34,162.92,PRIORITIZE_USAGE,0.9833,PENDING
5a41246c-9556-42d5-aa9b-13ea1c44a758,85ae4cf3-51bf-45d7-8011-bb994eb602a6,05ea1639-a292-4218-baa8-5333382e5484,b699a59a-a0ec-49d9-b327-482e55347adf,560,2026-10-31,377.89,215.56,RETURN_TO_SUPPLIER,0.6167,PENDING
4c6ad017-f662-498e-a29b-34102e6c0ba3,9454a900-be26-4a3d-ad53-b449210cffb4,c3e1880c-dc43-4148-bbc3-8cd8c0e9e44d,c037d58f-eb63-482e-81f7-b1f739423cdf,579,2026-12-01,358.87,183.16,RETURN_TO_SUPPLIER,0.1,PENDING
b673eb9b-9802-4eb5-bad9-32177117618a,920ef48e-37f7-4885-9e7f-ef5f2970a521,730ad7b5-6b67-4eea-b76b-f436b6a36ddc,378ef267-9155-41bc-a431-7c700c1731e3,204,2026-10-29,60.6,92.05,RETURN_TO_SUPPLIER,0.65,PENDING
c020092b-0a26-43ff-9289-0a1ae8306e99,08edb0d0-edbf-44ce-9d32-b74a11e02048,fad26747-cb43-4c91-abe2-b4fc94cb1d96,c51619a8-ba83-483f-9b52-064f926d96a2,307,2026-11-11,101.52,75.7,RETURN_TO_SUPPLIER,0.4333,PENDING
652c55da-9702-4861-bea1-6a8b119f4a2c,e9ce1e40-149e-4ce9-9fa9-805e7fe159fa,7a3f1390-647e-4596-affe-06743b3f284d,6cbb6f57-d6cb-41b0-aca5-9ea4e8c5be47,756,2026-11-20,500.4,81.28,PRIORITIZE_USAGE,0.2833,PENDING
a05efe0f-9bbf-4c7c-a41e-74737b20e8df,a7373a90-b4e1-4e4c-8f0b-7ad06a9fa600,ece9713b-7ada-46ec-9b6c-a34fc132a021,378ef267-9155-41bc-a431-7c700c1731e3,793,2026-11-21,159.5,178.02,INTERNAL_TRANSFER,0.2667,PENDING
19f5ac04-39fc-4236-bace-d3862062ac85,920ef48e-37f7-4885-9e7f-ef5f2970a521,353c57d9-da41-499b-bcf5-3d3f42b7181f,67ae158e-8140-49ce-b874-0acf92a800c2,438,2026-12-01,323.79,191.84,PRIORITIZE_USAGE,0.1,PENDING
91f08b06-e0c2-42bc-ab69-082b55f8ec72,0d84597b-6ea1-4332-bd4a-8451cde06855,274798a9-34e1-40c4-9aa9-2ef215806b4a,2cd10b6d-063e-4f55-a0b6-37edb93b63a6,94,2026-10-19,27.77,20.46,RETURN_TO_SUPPLIER,0.8167,PENDING
a43a7695-a934-447f-bc71-30fce8fc73d5,08edb0d0-edbf-44ce-9d32-b74a11e02048,1a276bae-1165-48ff-a132-328e34aefc08,cbb4966e-7bea-4df2-82bc-5fcfe9617ff8,49,2026-10-13,10.92,21.71,PRIORITIZE_USAGE,0.9167,PENDING
eccffb79-e485-4f4b-b89a-cbd684143fbe,e9ce1e40-149e-4ce9-9fa9-805e7fe159fa,714e616a-0992-4a4f-a012-c720269984f9,4f7512b2-6b9d-434f-807e-2fc43528691e,621,2026-11-02,297.1,241.28,INTERNAL_TRANSFER,0.5833,PENDING
7db08c79-05ae-4f49-8ab6-2d9cdd2d3af5,85ae4cf3-51bf-45d7-8011-bb994eb602a6,76dfa493-0caf-47b1-881e-d46b3a0f2eaf,85b186aa-f3a1-45ba-8d0c-349f8a13c3d4,338,2026-10-19,234.91,209.16,RETURN_TO_SUPPLIER,0.8167,PENDING
c87af2b5-26ee-4cf3-b1df-703e0d481ab2,e3bbe120-0a9b-4cd8-b137-17f5c377e253,f88a9736-d89d-4bd0-a6e0-719a23eb6df6,d039d8bd-44d3-44fc-a49f-83d1987d0b48,322,2026-11-21,76.81,144.01,RETURN_TO_SUPPLIER,0.2667,PENDING
c9eab7ae-5718-403b-870d-84a4486020bf,9454a900-be26-4a3d-ad53-b449210cffb4,b176c9be-ff21-4b53-bebd-da87537bccb3,e3420e6d-9ba0-43de-991d-15b61159daa1,327,2026-12-04,247.33,179.97,PRIORITIZE_USAGE,0.05,PENDING
a1c86838-f4c4-4c7e-92ab-ab07be0e22e5,920ef48e-37f7-4885-9e7f-ef5f2970a521,4bfceada-373b-43ce-94c4-c77c81039f1e,27bdd8c0-778d-42ea-ae25-964ce81e391d,686,2026-11-03,121.38,189.15,RETURN_TO_SUPPLIER,0.5667,PENDING
d9f9a7aa-0623-4ffe-b755-02c595846d88,0d84597b-6ea1-4332-bd4a-8451cde06855,22b6d9c6-31f6-4f19-9af4-00eda08bc5e3,ceee2775-c68b-4199-9eb8-21746763c4ba,646,2026-10-14,455.07,370.7,INTERNAL_TRANSFER,0.9,PENDING
f132b09a-9c16-4029-81a6-19201f21b0f2,920ef48e-37f7-4885-9e7f-ef5f2970a521,bcdb2d62-cd58-49c9-849b-e9a98cd842c2,70745aec-f24f-4b18-807e-6adb80d01ba0,444,2026-12-05,182.18,282.58,INTERNAL_TRANSFER,0.0333,PENDING
293c7d89-c25e-4d63-8176-a8240bb27edf,85ae4cf3-51bf-45d7-8011-bb994eb602a6,172775b5-1cb1-4764-ad70-1cd2daf6debc,2b376704-d06b-441d-a2bf-f0973873411c,490,2026-11-28,132.84,143.13,PRIORITIZE_USAGE,0.15,PENDING
73562e22-7f64-441c-9582-f93be9de9f17,85ae4cf3-51bf-45d7-8011-bb994eb602a6,204e3db9-849b-4ae7-9bfd-9ecabec6c0a7,24bad869-7045-4954-b58f-10edc0407e69,425,2026-12-07,204.47,159.6,PRIORITIZE_USAGE,0.0,PENDING
8686e8bd-ce60-4e62-ac3a-a7ac3923a959,0d84597b-6ea1-4332-bd4a-8451cde06855,e31aa70c-2fdc-4b62-b56a-cd6f5a5eb81c,063be93d-6835-4b65-a8a1-c36e83278d83,741,2026-11-11,250.0,456.32,RETURN_TO_SUPPLIER,0.4333,PENDING
9681e26b-cd93-44d9-88d7-070ac54f9cca,08edb0d0-edbf-44ce-9d32-b74a11e02048,d24a1322-aab8-48df-80d9-b65a7960a46e,0df67422-0ffe-4855-b4b7-0f4e8676cbdb,238,2026-11-23,115.17,111.0,INTERNAL_TRANSFER,0.2333,PENDING
ca6a8601-1202-43f1-957a-2d435f58b951,e3bbe120-0a9b-4cd8-b137-17f5c377e253,bd421f13-5e40-4a8c-bd11-7274df9648ee,0eecbfea-7628-487c-b590-fece2c687e7a,272,2026-10-18,194.18,113.72,PRIORITIZE_USAGE,0.8333,PENDING
c1cd0de7-77d5-4f60-b5e2-34d74302fbf4,e3bbe120-0a9b-4cd8-b137-17f5c377e253,87ec0c6d-50e0-4d3a-87e4-ca20264db701,2c10bfc8-d106-4422-b38f-e414215c8def,467,2026-11-09,213.08,124.11,RETURN_TO_SUPPLIER,0.4667,PENDING
65dd09c6-e7ec-44b5-aafc-e7252a5e58b5,08edb0d0-edbf-44ce-9d32-b74a11e02048,c7a3b844-11d0-4283-a9b2-019aeb32355e,cf8bc62c-4d72-4142-8ab6-03524280a750,853,2026-11-03,299.55,252.43,RETURN_TO_SUPPLIER,0.5667,PENDING
0de9ab33-d18f-4346-be49-c4f586f6ec04,e9ce1e40-149e-4ce9-9fa9-805e7fe159fa,74de9118-0f4e-41a1-8e89-c362a0d360ba,063be93d-6835-4b65-a8a1-c36e83278d83,653,2026-12-05,427.17,94.08,INTERNAL_TRANSFER,0.0333,PENDING
0ca874e6-2982-46a5-8b01-fe9708bc52bc,e3bbe120-0a9b-4cd8-b137-17f5c377e253,e135126b-d172-4e11-8239-6c6d166355dc,3e6ecca3-9ad1-49a9-ad9a-5509b28de79d,959,2026-11-05,275.25,437.58,INTERNAL_TRANSFER,0.5333,PENDING
f68e74af-daa7-4673-9138-10c0f77ac6f3,920ef48e-37f7-4885-9e7f-ef5f2970a521,2b938d5f-fbb5-4a29-8001-b227d90d7442,24db962d-9a6b-4de6-982b-b719e504efb9,943,2026-12-07,611.18,299.21,PRIORITIZE_USAGE,0.0,PENDING
15ffd9bf-95ca-47aa-84c7-d002737ddf70,920ef48e-37f7-4885-9e7f-ef5f2970a521,57465533-71ad-4c8b-8c86-f0ca6b2f37c9,d6c64038-55ae-44a3-863b-be781e1a4649,54,2026-10-09,40.65,14.03,INTERNAL_TRANSFER,0.9833,PENDING
7bc5b6f1-9077-4e88-8cc7-65b6865b0a30,e9ce1e40-149e-4ce9-9fa9-805e7fe159fa,c845cd0d-0677-4d8e-8a13-3be2877b85af,fdd23e22-960c-4a44-af67-60d832b98217,388,2026-11-12,304.43,231.15,RETURN_TO_SUPPLIER,0.4167,PENDING
2b6fa8d8-8491-47ed-a5b7-97630a5ee7bb,0d84597b-6ea1-4332-bd4a-8451cde06855,76f8fd87-8ff2-4690-bc2d-20600e30deda,1941089d-b192-4af2-b696-484fa9286d80,354,2026-11-15,152.86,205.5,RETURN_TO_SUPPLIER,0.3667,PENDING
7a7594f8-a786-4a09-b646-951a5ea26527,a7373a90-b4e1-4e4c-8f0b-7ad06a9fa600,8feca924-b983-4aa5-9f70-3d7cbcd679c4,9c06c388-c751-407e-9c97-3b46b1db5e7c,867,2026-10-13,473.93,233.08,RETURN_TO_SUPPLIER,0.9167,PENDING
df5edc60-483c-4fb0-8265-0c3b6b36f395,920ef48e-37f7-4885-9e7f-ef5f2970a521,06ca82ec-4695-4519-98f6-d330df1198a3,1640337f-9614-4c3f-bda8-20c0eb4c6bce,493,2026-10-19,194.82,62.1,INTERNAL_TRANSFER,0.8167,PENDING
08717586-eef4-4b9f-a59a-4c4c4e56235f,85ae4cf3-51bf-45d7-8011-bb994eb602a6,9e1ec266-6ce4-474f-a3d6-d66edeb44edd,ec00005f-8d61-4b61-825c-d8c696ae49aa,192,2026-11-04,116.9,117.11,PRIORITIZE_USAGE,0.55,PENDING
02e29123-07eb-4288-8de3-ae31333a6255,e3bbe120-0a9b-4cd8-b137-17f5c377e253,cb12d039-daf7-4e47-b26e-6fe52eeb9b1e,a88fd15f-1bbb-4271-941e-899867a89583,637,2026-11-06,421.01,418.17,PRIORITIZE_USAGE,0.5167,PENDING
40de4489-87ad-4a6d-b56d-076dbed6afbc,0d84597b-6ea1-4332-bd4a-8451cde06855,3b6df94b-4ea4-436b-a39e-c58b0875b609,6f12778d-43ca-4220-8b3b-11201ac91209,423,2026-10-12,334.63,172.63,RETURN_TO_SUPPLIER,0.9333,PENDING
27c62955-03f1-4aeb-9ac0-99334d0df298,a7373a90-b4e1-4e4c-8f0b-7ad06a9fa600,d8aad9c8-820d-4aa3-83c4-f12317cd3cd8,0a915249-7e9b-4a22-be4b-d5a6c9628e04,698,2026-11-11,294.65,95.18,INTERNAL_TRANSFER,0.4333,PENDING
d286c434-74ea-4d60-96e3-fd8f8550f36d,0d84597b-6ea1-4332-bd4a-8451cde06855,b106a4de-7c57-4056-9de1-4093c3f7de13,67f10774-4e14-4f09-90b6-00a732111449,593,2026-10-08,111.74,151.0,INTERNAL_TRANSFER,1.0,PENDING
efeb0c32-a6ca-42e2-9da6-5535726e4305,9454a900-be26-4a3d-ad53-b449210cffb4,40003ea8-67c4-427c-8021-49109072f010,a88fd15f-1bbb-4271-941e-899867a89583,877,2026-10-14,569.49,587.06,RETURN_TO_SUPPLIER,0.9,PENDING
76eaa7f6-f22c-4764-b24b-2d75196b1530,0d84597b-6ea1-4332-bd4a-8451cde06855,0440b63b-2252-4795-9916-7342602c9345,522740d6-f3db-4ac1-a547-6b62598fe57f,203,2026-11-22,142.68,28.11,INTERNAL_TRANSFER,0.25,PENDING
9ce9c5f8-4e48-4c2a-9b4d-7b908323ad3a,e9ce1e40-149e-4ce9-9fa9-805e7fe159fa,15abe311-1686-402a-886b-338c46976ff9,2c10bfc8-d106-4422-b38f-e414215c8def,887,2026-11-15,413.62,229.22,INTERNAL_TRANSFER,0.3667,PENDING
673ec7fc-eaa4-4534-a0c0-c4f9872594c3,e9ce1e40-149e-4ce9-9fa9-805e7fe159fa,a53f279c-b20c-436f-947e-47e204aff507,be0b42c5-6bfe-48dc-8f33-e20d29d25a48,639,2026-10-31,447.58,161.27,PRIORITIZE_USAGE,0.6167,PENDING
004bbbb9-b33d-42b6-97c0-e6c8d7b19c38,08edb0d0-edbf-44ce-9d32-b74a11e02048,efccfb83-de02-4f7f-944f-2f96813c818c,58bf12e5-ee8a-4194-a34c-aa820079144d,857,2026-10-20,593.77,260.37,PRIORITIZE_USAGE,0.8,PENDING
1ca999ce-f276-4cfa-bfb6-a8af2b4ccb43,e9ce1e40-149e-4ce9-9fa9-805e7fe159fa,fd5d1b83-65da-467a-8102-1baf687ce58a,4f7512b2-6b9d-434f-807e-2fc43528691e,998,2026-10-13,651.43,599.18,INTERNAL_TRANSFER,0.9167,PENDING
c06a772a-f9ec-40b4-87bc-fc204c6a7cc3,0d84597b-6ea1-4332-bd4a-8451cde06855,03279adc-7afa-4be6-8151-a1a388b2701c,ebb48eae-a1ef-4da9-8ae1-b2f70e717661,487,2026-10-12,384.13,330.71,PRIORITIZE_USAGE,0.9333,PENDING
86bc088f-4496-499e-ae2c-e32d64fc8dbd,85ae4cf3-51bf-45d7-8011-bb994eb602a6,d00ebb93-d17b-4a79-a218-2b0dcb91ac68,24db962d-9a6b-4de6-982b-b719e504efb9,685,2026-10-17,408.49,477.47,RETURN_TO_SUPPLIER,0.85,PENDING
e2a38712-7bc0-4aec-85fa-6cfebefbf55c,0d84597b-6ea1-4332-bd4a-8451cde06855,3f080512-94c8-48fd-ae7f-d6fb5faf95aa,c2b13e9e-9865-4a6b-ba11-417dbd416417,34,2026-10-08,16.55,15.97,INTERNAL_TRANSFER,1.0,PENDING
6ac00955-5d87-4e8d-87c2-b4991619e269,85ae4cf3-51bf-45d7-8011-bb994eb602a6,bccb614c-9837-43c6-a7ec-1d621987f46b,b3163dc0-3ac7-41cc-b4fc-244bcbe446ad,652,2026-11-15,385.48,228.9,RETURN_TO_SUPPLIER,0.3667,PENDING
98c1b554-39fd-468b-b056-5ed27d234371,920ef48e-37f7-4885-9e7f-ef5f2970a521,5e74dd3b-8ae2-4b45-8a91-daeddd7e0136,d6c64038-55ae-44a3-863b-be781e1a4649,40,2026-10-10,18.0,19.78,INTERNAL_TRANSFER,0.9667,PENDING
2870a8ba-0d35-4f1c-a1cf-990a5745c126,9454a900-be26-4a3d-ad53-b449210cffb4,82975c28-7c8a-4579-9457-91088cd7b63e,2c10bfc8-d106-4422-b38f-e414215c8def,902,2026-11-24,427.36,113.24,PRIORITIZE_USAGE,0.2167,PENDING
4fddda4c-95a2-4647-b74d-e08889c2f3c6,85ae4cf3-51bf-45d7-8011-bb994eb602a6,9cf531f9-9230-4fc0-8438-6fba4d49c12e,2b376704-d06b-441d-a2bf-f0973873411c,873,2026-10-31,663.54,289.36,PRIORITIZE_USAGE,0.6167,PENDING
97daa5c4-541e-4b1c-b38d-1b856ac16f65,9454a900-be26-4a3d-ad53-b449210cffb4,89c5e424-d5e4-4b90-a891-c06870f96be3,70745aec-f24f-4b18-807e-6adb80d01ba0,528,2026-11-19,354.04,102.59,INTERNAL_TRANSFER,0.3,PENDING
4a00c994-df48-46ff-ac12-a29b81d35131,85ae4cf3-51bf-45d7-8011-bb994eb602a6,bcfa2434-408f-41b7-8ed3-306b7908e1a7,b8b41174-e4bb-41e0-8dc8-fbdaf9d470ec,277,2026-11-10,110.24,94.77,RETURN_TO_SUPPLIER,0.45,PENDING
7b69e2b0-a253-4d34-9a12-4eb95b8e4dda,e9ce1e40-149e-4ce9-9fa9-805e7fe159fa,c00e98c4-1fcc-44c2-abc3-7f3a98ba0d87,573f39b9-7855-4b4d-8a9e-14a5e9d8b2cd,488,2026-11-23,181.76,188.02,PRIORITIZE_USAGE,0.2333,PENDING
d59d0052-796b-4c39-b9d9-2f4a5d0a9017,9454a900-be26-4a3d-ad53-b449210cffb4,7cf0d8d4-5b19-4f90-8f23-01481c9ad52a,d039d8bd-44d3-44fc-a49f-83d1987d0b48,940,2026-11-14,257.79,203.25,PRIORITIZE_USAGE,0.3833,PENDING
ba4e8271-ad69-4ea1-a0e3-9cd683ba2ce5,e9ce1e40-149e-4ce9-9fa9-805e7fe159fa,6a045804-88db-4cd1-a930-442a1d1c3c9e,a88fd15f-1bbb-4271-941e-899867a89583,194,2026-11-24,150.12,123.61,PRIORITIZE_USAGE,0.2167,PENDING
364ea303-81d2-457f-8a4e-bb05d232ca84,e3bbe120-0a9b-4cd8-b137-17f5c377e253,fb378e8f-5f5e-40b0-86b3-833cb45c0b64,ca8399a1-143e-4717-be95-7836c2f21dcb,631,2026-10-13,342.76,286.63,INTERNAL_TRANSFER,0.9167,PENDING
1e8b19a2-0204-471b-a251-47cd97d4d7a2,0d84597b-6ea1-4332-bd4a-8451cde06855,559c16a0-c679-44d2-bf4e-97dfc6684601,4f7512b2-6b9d-434f-807e-2fc43528691e,605,2026-10-25,286.34,141.4,RETURN_TO_SUPPLIER,0.7167,PENDING
e99cd739-d06e-40d1-b311-187e6552d412,0d84597b-6ea1-4332-bd4a-8451cde06855,0425b77d-283c-4d59-af23-139df1ff9bfc,ec00005f-8d61-4b61-825c-d8c696ae49aa,945,2026-10-19,177.89,625.22,INTERNAL_TRANSFER,0.8167,PENDING
60bccad9-60db-4a67-b7f2-f883b3ff849f,920ef48e-37f7-4885-9e7f-ef5f2970a521,05ca4808-1fd3-4132-80c4-391ddb16c497,dee6b134-5f4e-4d83-8133-35e34f0b48e8,156,2026-11-16,104.0,95.14,PRIORITIZE_USAGE,0.35,PENDING
4c586c26-bd0a-47f5-97f9-9f65fa609646,a7373a90-b4e1-4e4c-8f0b-7ad06a9fa600,2399bf9b-a253-4358-9045-ee2943cd932d,fb695fdf-9397-485a-aa21-6d65c73c7b07,964,2026-11-30,574.89,188.26,PRIORITIZE_USAGE,0.1167,PENDING
cdc86cfe-69f6-4278-b43c-30f002e688b9,85ae4cf3-51bf-45d7-8011-bb994eb602a6,6a9a6e82-054f-4b85-b2ac-e0ec1108f9d3,43110ae2-2c0b-4654-936a-72afad56219d,760,2026-10-12,196.15,516.45,INTERNAL_TRANSFER,0.9333,PENDING
af49933a-9834-47f9-bd29-ede9f70092a5,0d84597b-6ea1-4332-bd4a-8451cde06855,6e7503e6-70b2-4158-ad15-c4751b93ab83,b261960f-23be-4297-9c50-f27ceac7eedb,115,2026-12-01,36.4,60.8,INTERNAL_TRANSFER,0.1,PENDING
872ab357-8cfd-4189-b4df-a4970dd0ccf0,a7373a90-b4e1-4e4c-8f0b-7ad06a9fa600,a69922fd-aad6-4cbb-be14-cea38e95106e,33e37cdb-690b-4dd6-aa0b-3e189bf6bc51,223,2026-10-21,120.27,88.27,PRIORITIZE_USAGE,0.7833,PENDING
940e90d0-3fa7-465e-be83-83e444955d52,a7373a90-b4e1-4e4c-8f0b-7ad06a9fa600,fb0e6d4b-453c-40d3-a0b8-e2c8742849be,9c06c388-c751-407e-9c97-3b46b1db5e7c,189,2026-11-19,76.32,38.4,INTERNAL_TRANSFER,0.3,PENDING
9d880ee5-6f18-4d08-9cd5-c892d198176b,a7373a90-b4e1-4e4c-8f0b-7ad06a9fa600,b1e1c40e-6be8-42c9-b94b-51e6448f22a0,b1b122eb-1ba2-4148-b9ac-5d21b2adf647,768,2026-11-25,300.98,283.76,INTERNAL_TRANSFER,0.2,PENDING
16c3c6d3-d72a-45fe-a813-2aac5bff7f13,e3bbe120-0a9b-4cd8-b137-17f5c377e253,aa534722-7bd5-469a-8322-d29a080cec44,a7d4d675-bb94-424a-b6e4-1709b9e91e6d,144,2026-10-13,91.27,37.27,RETURN_TO_SUPPLIER,0.9167,PENDING
81009f83-d43e-4201-bd1f-7e572008f565,e3bbe120-0a9b-4cd8-b137-17f5c377e253,c0ea1f6a-ee71-46c7-a27e-b3440eb9467d,fdd23e22-960c-4a44-af67-60d832b98217,304,2026-11-19,174.21,41.32,INTERNAL_TRANSFER,0.3,PENDING
5684bb01-be81-4c4e-8e60-8becefd56811,9454a900-be26-4a3d-ad53-b449210cffb4,425f9d0c-3a4c-410d-8714-e1df744b1fcd,d039d8bd-44d3-44fc-a49f-83d1987d0b48,250,2026-10-24,154.61,166.49,RETURN_TO_SUPPLIER,0.7333,PENDING
47900a5d-9dfc-4e26-b9ca-99d4bb1ff1e3,08edb0d0-edbf-44ce-9d32-b74a11e02048,a9bf5b2d-f1b6-45c6-aa83-d8fdb589f364,b699a59a-a0ec-49d9-b327-482e55347adf,489,2026-10-23,142.71,170.43,PRIORITIZE_USAGE,0.75,PENDING
7a6af1de-47ae-4978-ad0d-489bed80ac32,0d84597b-6ea1-4332-bd4a-8451cde06855,fbf4b847-d79f-4e0c-9ebe-469c6b53865e,987c980e-f5ed-4388-b102-971ff25870b1,604,2026-11-07,225.94,91.72,RETURN_TO_SUPPLIER,0.5,PENDING
0ccb9b9e-1619-49ec-b0eb-2ca2cb58bd5c,920ef48e-37f7-4885-9e7f-ef5f2970a521,139b8b6d-2823-4c10-935e-cf55e6afe1e8,3b4f2db0-078e-4414-849b-1ba2782649be,586,2026-10-14,124.16,306.37,PRIORITIZE_USAGE,0.9,PENDING
45fb1151-0018-44b1-88d0-ecb3d12a73f5,85ae4cf3-51bf-45d7-8011-bb994eb602a6,c0855d7f-d005-44d1-abcd-f62c83d9bb34,1640337f-9614-4c3f-bda8-20c0eb4c6bce,913,2026-12-06,474.19,545.2,RETURN_TO_SUPPLIER,0.0167,PENDING
46fc018a-7f57-4da9-8a65-8c57d0306275,e3bbe120-0a9b-4cd8-b137-17f5c377e253,051019be-46a3-493a-9062-141a1d528539,ec00005f-8d61-4b61-825c-d8c696ae49aa,117,2026-11-13,23.83,63.55,INTERNAL_TRANSFER,0.4,PENDING
6459db3b-396a-47f2-b475-1e2ad0a94f63,08edb0d0-edbf-44ce-9d32-b74a11e02048,eb4fc5a5-4ba5-4b02-a792-ae4e4a4ec8bf,24856ba7-ab81-4f22-985e-e30a3b9397cb,714,2026-11-26,109.98,330.53,PRIORITIZE_USAGE,0.1833,PENDING
82885a5d-91ef-4141-9b9e-874fffa4f3ef,0d84597b-6ea1-4332-bd4a-8451cde06855,119038ac-f0f5-4123-905f-a1a63a35125c,2f7de1c2-cb62-4261-83f5-d8323f438333,164,2026-10-27,27.69,25.98,INTERNAL_TRANSFER,0.6833,PENDING
06083cf9-5878-4286-b3aa-b37f8d7dc0ac,08edb0d0-edbf-44ce-9d32-b74a11e02048,54791b80-8962-4849-a8e4-18e72b12e8f4,7b6b643c-11d8-4a62-8cfe-a28f5fe4f2d6,642,2026-11-20,154.33,341.09,PRIORITIZE_USAGE,0.2833,PENDING
