hospital_id,hospital_name,hospital_type,hospital_latitude,hospital_longitude,hospital_bed_capacity,icu_bed_capacity,emergency_bed_capacity,hospital_rating,staff_capacity
H001,Coastal Care Hospital,Private,12.929228,74.550839,248,18,24,3.8,659
H002,CityLife Hospital,Private,12.663138,75.189983,351,32,57,4.2,651
H003,Arogya Multispeciality Hospital,Specialty,13.284675,74.785201,345,57,46,3.2,1109
H004,Unity Medical Centre,Private,13.111191,74.695295,262,19,33,4.8,790
H005,MediTrust Hospital,Government,12.986998,74.441085,435,24,51,4.0,1278
H006,Sunrise Hospital,Specialty,13.051844,75.24575,304,42,47,4.5,719
H007,Lifeline Medical Centre,Private,12.639812,74.915714,85,7,10,3.3,234
H008,GreenCross Hospital,Private,13.146871,74.923439,395,46,36,4.0,1054
H009,PrimeCare Hospital,Government,13.124641,75.170809,309,33,29,4.0,865
H010,HealthFirst Hospital,Private,12.845333,74.698298,336,43,66,4.8,561
H011,Vivek Medical Centre,Private,12.907473,74.649484,304,35,57,4.2,709
H012,Seaside Hospital,Specialty,12.951948,74.847961,299,45,49,4.0,473
H013,Janatha Hospital,Private,12.730846,75.220306,90,12,10,3.7,224
H014,WellCare Hospital,Private,12.6619,75.129945,302,20,59,3.8,652
H015,Starlight Medical Centre,Private,12.542737,74.929782,408,21,71,4.1,730
H016,Sahyadri Hospital,Government,13.061847,75.235165,187,11,31,3.9,319
H017,Mangalore Care Hospital,Private,13.123099,75.084112,321,39,43,3.2,859
H018,Hope Multispeciality Hospital,Government,12.578343,74.908996,63,6,7,4.6,116
H019,Guardian Hospital,Private,12.938449,75.026976,206,14,19,4.7,690
H020,Coastal Lifecare Hospital,Private,12.840504,74.719035,246,25,46,3.4,655
