id,hospital_id,medicine_id,batch_id,source_location_id,destination_location_id,quantity,reason,status,requested_by
5ded8891-42ac-48bf-945c-80abb308ce61,920ef48e-37f7-4885-9e7f-ef5f2970a521,d2219992-909f-48be-967e-2e3f1c3ddfa9,,e0a0a797-1443-43a7-9574-d4d98ac11856,e1f91b37-95bd-42dc-82f0-f9391313cc9e,21,Balance projected shortage between hospital locations,COMPLETED,f1e68ceb-abee-46e8-b4a3-d194ba5ba88f
35ccc943-5eee-4ba6-9dab-9f8012fd619e,920ef48e-37f7-4885-9e7f-ef5f2970a521,27bdd8c0-778d-42ea-ae25-964ce81e391d,,e0a0a797-1443-43a7-9574-d4d98ac11856,c6f484a1-ae8e-4868-9d96-aad78e925273,87,Balance projected shortage between hospital locations,APPROVED,f1e68ceb-abee-46e8-b4a3-d194ba5ba88f
10a78fe2-8a93-4b72-8542-e8e18485f8dd,920ef48e-37f7-4885-9e7f-ef5f2970a521,f6dc8117-e75f-4920-a0cf-04c7bafc7542,,e0a0a797-1443-43a7-9574-d4d98ac11856,e1f91b37-95bd-42dc-82f0-f9391313cc9e,88,Balance projected shortage between hospital locations,APPROVED,d9804962-f1e7-40e6-894f-8ad015e8182d
c743c9ec-d55e-44ae-ac73-46069a83bba2,920ef48e-37f7-4885-9e7f-ef5f2970a521,cf8bc62c-4d72-4142-8ab6-03524280a750,,e0a0a797-1443-43a7-9574-d4d98ac11856,227ba151-f725-4813-a94f-c4612c5b8212,98,Balance projected shortage between hospital locations,PROPOSED,e253acc8-e598-4343-828a-28acc186015a
382f9142-a94b-4601-bb06-f3c878893fd3,920ef48e-37f7-4885-9e7f-ef5f2970a521,305d6d9c-7521-4f74-8c0d-0bf7d5af8dfd,,e0a0a797-1443-43a7-9574-d4d98ac11856,227ba151-f725-4813-a94f-c4612c5b8212,58,Balance projected shortage between hospital locations,COMPLETED,24861d50-a5de-4386-84cd-c94fe6bc91b3
72ad6c65-40c0-4c08-8877-768a99a1a271,920ef48e-37f7-4885-9e7f-ef5f2970a521,e3420e6d-9ba0-43de-991d-15b61159daa1,,e0a0a797-1443-43a7-9574-d4d98ac11856,e1f91b37-95bd-42dc-82f0-f9391313cc9e,76,Balance projected shortage between hospital locations,PROPOSED,24861d50-a5de-4386-84cd-c94fe6bc91b3
ac93ecda-cb3c-4da2-aacc-80e16dc4ffdb,920ef48e-37f7-4885-9e7f-ef5f2970a521,831a67ea-b75d-494e-8ba6-e91b1b1eae6e,,e0a0a797-1443-43a7-9574-d4d98ac11856,4a8ffb6b-d71f-4a13-96cf-943ba4531165,15,Balance projected shortage between hospital locations,COMPLETED,24861d50-a5de-4386-84cd-c94fe6bc91b3
1fde14a4-cc39-480c-9c43-e5cca5bfdb3d,920ef48e-37f7-4885-9e7f-ef5f2970a521,e3420e6d-9ba0-43de-991d-15b61159daa1,,e0a0a797-1443-43a7-9574-d4d98ac11856,486e40fc-4399-405b-8862-fb055de9f0ff,13,Balance projected shortage between hospital locations,APPROVED,b1ee4118-3c4e-4445-ba34-696dd976aef5
669cb770-04bf-4b23-8b6f-d4baf0665243,920ef48e-37f7-4885-9e7f-ef5f2970a521,24856ba7-ab81-4f22-985e-e30a3b9397cb,,e0a0a797-1443-43a7-9574-d4d98ac11856,c6f484a1-ae8e-4868-9d96-aad78e925273,77,Balance projected shortage between hospital locations,PROPOSED,b1ee4118-3c4e-4445-ba34-696dd976aef5
24c671a5-3307-4384-be8c-2fce925f80eb,920ef48e-37f7-4885-9e7f-ef5f2970a521,8e15b3a9-915f-4bf0-84c7-182f335e062c,,e0a0a797-1443-43a7-9574-d4d98ac11856,e1f91b37-95bd-42dc-82f0-f9391313cc9e,66,Balance projected shortage between hospital locations,COMPLETED,d9804962-f1e7-40e6-894f-8ad015e8182d
1701b364-bf10-4074-a176-c91be239921e,920ef48e-37f7-4885-9e7f-ef5f2970a521,9f081f26-ba8d-47d6-870e-ca0ca1cae51f,,e0a0a797-1443-43a7-9574-d4d98ac11856,4a8ffb6b-d71f-4a13-96cf-943ba4531165,92,Balance projected shortage between hospital locations,COMPLETED,d9804962-f1e7-40e6-894f-8ad015e8182d
457625db-3a4b-4aaa-b2b0-22a238568261,920ef48e-37f7-4885-9e7f-ef5f2970a521,2b376704-d06b-441d-a2bf-f0973873411c,,e0a0a797-1443-43a7-9574-d4d98ac11856,58e24cec-946d-4124-9176-441caba19ab0,44,Balance projected shortage between hospital locations,COMPLETED,b1ee4118-3c4e-4445-ba34-696dd976aef5
348e1527-7362-4dfc-ba81-abd63aa52181,920ef48e-37f7-4885-9e7f-ef5f2970a521,b3163dc0-3ac7-41cc-b4fc-244bcbe446ad,,e0a0a797-1443-43a7-9574-d4d98ac11856,227ba151-f725-4813-a94f-c4612c5b8212,91,Balance projected shortage between hospital locations,APPROVED,16ae287b-b85d-4ec7-817b-1b20c504119b
1d7697ff-9bc7-4242-9e01-197fc9295a8b,920ef48e-37f7-4885-9e7f-ef5f2970a521,0a915249-7e9b-4a22-be4b-d5a6c9628e04,,e0a0a797-1443-43a7-9574-d4d98ac11856,e1f91b37-95bd-42dc-82f0-f9391313cc9e,51,Balance projected shortage between hospital locations,PROPOSED,b1ee4118-3c4e-4445-ba34-696dd976aef5
3016df15-e60e-4830-a210-041159de6a23,920ef48e-37f7-4885-9e7f-ef5f2970a521,01d77a5e-a466-4d48-b24b-31edb500e5fa,,e0a0a797-1443-43a7-9574-d4d98ac11856,486e40fc-4399-405b-8862-fb055de9f0ff,46,Balance projected shortage between hospital locations,PROPOSED,d9804962-f1e7-40e6-894f-8ad015e8182d
ed56b8d3-ab4a-4d66-badb-2f39b98ef124,e9ce1e40-149e-4ce9-9fa9-805e7fe159fa,b699a59a-a0ec-49d9-b327-482e55347adf,,ba4dbad1-709d-4bff-b2c9-9067588c433c,0622c4cb-7af6-4976-9c67-1ad8b7149099,45,Balance projected shortage between hospital locations,APPROVED,c56fe1a0-b5ca-43bd-8aa0-4490a14a05da
7d4621d1-4899-467f-b867-730136546910,e9ce1e40-149e-4ce9-9fa9-805e7fe159fa,2c10bfc8-d106-4422-b38f-e414215c8def,,ba4dbad1-709d-4bff-b2c9-9067588c433c,bbb0edc5-3567-4e80-a3d2-ff87a8ff38d2,62,Balance projected shortage between hospital locations,APPROVED,c56fe1a0-b5ca-43bd-8aa0-4490a14a05da
0a6d695c-a665-4e70-9d9a-808cc41d5029,e9ce1e40-149e-4ce9-9fa9-805e7fe159fa,fdd23e22-960c-4a44-af67-60d832b98217,,ba4dbad1-709d-4bff-b2c9-9067588c433c,8177e642-5983-433b-bffb-906c433fe5c7,65,Balance projected shortage between hospital locations,APPROVED,9dd8e5bc-8a19-4b50-ae97-613c62a18ede
fe4b9ecc-289c-44c2-b7b9-c05f4e92321e,e9ce1e40-149e-4ce9-9fa9-805e7fe159fa,2aceb2a6-c859-4f95-a238-9ad796b698fa,,ba4dbad1-709d-4bff-b2c9-9067588c433c,0622c4cb-7af6-4976-9c67-1ad8b7149099,33,Balance projected shortage between hospital locations,PROPOSED,c56fe1a0-b5ca-43bd-8aa0-4490a14a05da
a15441f6-2d29-4a4a-be3d-ac740c52c33f,e9ce1e40-149e-4ce9-9fa9-805e7fe159fa,ca8399a1-143e-4717-be95-7836c2f21dcb,,ba4dbad1-709d-4bff-b2c9-9067588c433c,f8811576-2422-4a5f-819e-07726e3eb308,90,Balance projected shortage between hospital locations,APPROVED,4f46640c-5006-4d6c-91ad-e56461c2e28a
80b0a6d0-5f2b-4a76-ac31-dc4cf070c316,e9ce1e40-149e-4ce9-9fa9-805e7fe159fa,c037d58f-eb63-482e-81f7-b1f739423cdf,,ba4dbad1-709d-4bff-b2c9-9067588c433c,b6548da3-0b31-421f-a22b-58bdf64227b2,32,Balance projected shortage between hospital locations,APPROVED,fbcff861-cccd-4959-94f8-f564d32f63f3
23bfd31f-065a-4692-a17a-2786d78c168d,e9ce1e40-149e-4ce9-9fa9-805e7fe159fa,3e6ecca3-9ad1-49a9-ad9a-5509b28de79d,,ba4dbad1-709d-4bff-b2c9-9067588c433c,b6548da3-0b31-421f-a22b-58bdf64227b2,67,Balance projected shortage between hospital locations,PROPOSED,4f46640c-5006-4d6c-91ad-e56461c2e28a
16847cbc-f192-471c-91f0-7d117d5d2e97,e9ce1e40-149e-4ce9-9fa9-805e7fe159fa,bd5b3f87-5b53-4347-ac00-12fb9d5cd5a6,,ba4dbad1-709d-4bff-b2c9-9067588c433c,b6548da3-0b31-421f-a22b-58bdf64227b2,13,Balance projected shortage between hospital locations,COMPLETED,d7e6eea5-d9a5-4918-adbb-d84cfa0fad42
d2a409e1-faab-4246-a425-9b91aa0fb465,e9ce1e40-149e-4ce9-9fa9-805e7fe159fa,8e67a041-f702-4f16-b57b-c66dff30e18b,,ba4dbad1-709d-4bff-b2c9-9067588c433c,5b5ab100-d4fe-407c-b284-2bd450d8a056,48,Balance projected shortage between hospital locations,APPROVED,d7e6eea5-d9a5-4918-adbb-d84cfa0fad42
da465d4b-b0bb-4a31-a437-b55c95efcedf,e9ce1e40-149e-4ce9-9fa9-805e7fe159fa,9d6f82ea-a6c1-4ee5-bd74-c517ba546a27,,ba4dbad1-709d-4bff-b2c9-9067588c433c,bbb0edc5-3567-4e80-a3d2-ff87a8ff38d2,31,Balance projected shortage between hospital locations,PROPOSED,8cf03b89-bc40-40fa-96e6-333c58633c96
9cbdfc3e-8624-40e8-ab53-48133f906dec,e9ce1e40-149e-4ce9-9fa9-805e7fe159fa,b3163dc0-3ac7-41cc-b4fc-244bcbe446ad,,ba4dbad1-709d-4bff-b2c9-9067588c433c,bbb0edc5-3567-4e80-a3d2-ff87a8ff38d2,15,Balance projected shortage between hospital locations,PROPOSED,fbcff861-cccd-4959-94f8-f564d32f63f3
2664f796-4d4e-43c5-9d08-832d6ba4c739,e9ce1e40-149e-4ce9-9fa9-805e7fe159fa,c51619a8-ba83-483f-9b52-064f926d96a2,,ba4dbad1-709d-4bff-b2c9-9067588c433c,b6548da3-0b31-421f-a22b-58bdf64227b2,78,Balance projected shortage between hospital locations,APPROVED,8cf03b89-bc40-40fa-96e6-333c58633c96
ead4ba72-e12f-4d98-b455-02d65d875f21,e9ce1e40-149e-4ce9-9fa9-805e7fe159fa,85b186aa-f3a1-45ba-8d0c-349f8a13c3d4,,ba4dbad1-709d-4bff-b2c9-9067588c433c,b447f144-7299-4647-9e8d-793b98275ffb,68,Balance projected shortage between hospital locations,APPROVED,c56fe1a0-b5ca-43bd-8aa0-4490a14a05da
6628c441-a066-4069-a735-aae9e1d0045f,e9ce1e40-149e-4ce9-9fa9-805e7fe159fa,2c4e6d71-0152-4e82-9c16-bfc9c81ea55e,,ba4dbad1-709d-4bff-b2c9-9067588c433c,f8811576-2422-4a5f-819e-07726e3eb308,78,Balance projected shortage between hospital locations,COMPLETED,fbcff861-cccd-4959-94f8-f564d32f63f3
9c1fbf83-409f-4f74-8ccf-5f9bc6f6f7b0,e9ce1e40-149e-4ce9-9fa9-805e7fe159fa,ceee2775-c68b-4199-9eb8-21746763c4ba,,ba4dbad1-709d-4bff-b2c9-9067588c433c,f8811576-2422-4a5f-819e-07726e3eb308,10,Balance projected shortage between hospital locations,PROPOSED,fbcff861-cccd-4959-94f8-f564d32f63f3
881bd543-7548-4363-94a9-6ce8c5968911,e3bbe120-0a9b-4cd8-b137-17f5c377e253,522740d6-f3db-4ac1-a547-6b62598fe57f,,b35df925-ba9e-4c1f-ae30-b292ad2c55bb,11935e10-e2a1-4fcc-8d9e-d393f734dadd,21,Balance projected shortage between hospital locations,PROPOSED,b2d4d890-ef94-4d60-bd28-1986e404a1c2
266e0219-99b0-476f-af85-8f509a132e79,e3bbe120-0a9b-4cd8-b137-17f5c377e253,4fda6990-76da-4515-8f85-4b5ce64dd1ce,,b35df925-ba9e-4c1f-ae30-b292ad2c55bb,11935e10-e2a1-4fcc-8d9e-d393f734dadd,49,Balance projected shortage between hospital locations,PROPOSED,c05d9bd4-3d43-439d-8331-86254396b357
c8d247b7-e4eb-4525-bc54-19d8e54380ba,e3bbe120-0a9b-4cd8-b137-17f5c377e253,419b95a7-17e5-4918-ad68-d58ee6b6e6f5,,b35df925-ba9e-4c1f-ae30-b292ad2c55bb,67d7c42e-3283-4f46-b7d7-e88964f358f5,21,Balance projected shortage between hospital locations,COMPLETED,2464665b-743a-4486-90a0-0b1cbadcad1b
5fa96e79-fe22-4207-8481-04fd04cb5ce0,e3bbe120-0a9b-4cd8-b137-17f5c377e253,6989db76-adcc-4a3d-b3c0-61fb496a0f5d,,b35df925-ba9e-4c1f-ae30-b292ad2c55bb,67d7c42e-3283-4f46-b7d7-e88964f358f5,54,Balance projected shortage between hospital locations,APPROVED,c05d9bd4-3d43-439d-8331-86254396b357
fd78f687-89df-42a5-a39d-3836c699fc68,e3bbe120-0a9b-4cd8-b137-17f5c377e253,c5533566-0e57-4058-9e8f-cc921a574da9,,b35df925-ba9e-4c1f-ae30-b292ad2c55bb,67d7c42e-3283-4f46-b7d7-e88964f358f5,26,Balance projected shortage between hospital locations,PROPOSED,a6b92b83-d0d3-4a76-9fe1-7958d545cfe0
a9f1b2c6-eedd-408c-94ac-c50cfd653980,e3bbe120-0a9b-4cd8-b137-17f5c377e253,24db962d-9a6b-4de6-982b-b719e504efb9,,b35df925-ba9e-4c1f-ae30-b292ad2c55bb,67d7c42e-3283-4f46-b7d7-e88964f358f5,87,Balance projected shortage between hospital locations,APPROVED,b2d4d890-ef94-4d60-bd28-1986e404a1c2
34f77c01-9a25-4267-a692-af8c569865f1,e3bbe120-0a9b-4cd8-b137-17f5c377e253,bd5b3f87-5b53-4347-ac00-12fb9d5cd5a6,,b35df925-ba9e-4c1f-ae30-b292ad2c55bb,67d7c42e-3283-4f46-b7d7-e88964f358f5,73,Balance projected shortage between hospital locations,APPROVED,c9c413fd-cf40-44e2-929d-de65d95cf7f3
dbda20d5-17c3-4274-b030-ea6c595028b5,e3bbe120-0a9b-4cd8-b137-17f5c377e253,9c06c388-c751-407e-9c97-3b46b1db5e7c,,b35df925-ba9e-4c1f-ae30-b292ad2c55bb,86170553-3fde-426d-9613-2a9e7eb4d848,56,Balance projected shortage between hospital locations,APPROVED,2464665b-743a-4486-90a0-0b1cbadcad1b
c527d00f-1106-4164-a808-f92cb7b1c8b7,e3bbe120-0a9b-4cd8-b137-17f5c377e253,16d1b73f-8881-425f-82b2-7ab4974b08ef,,b35df925-ba9e-4c1f-ae30-b292ad2c55bb,1e6220fc-015e-423b-aeaa-e360e53fc160,75,Balance projected shortage between hospital locations,APPROVED,b2d4d890-ef94-4d60-bd28-1986e404a1c2
5d4af990-df3c-40bf-88be-d22bd596bd47,e3bbe120-0a9b-4cd8-b137-17f5c377e253,a88fd15f-1bbb-4271-941e-899867a89583,,b35df925-ba9e-4c1f-ae30-b292ad2c55bb,f94a5088-6d05-4f73-9adb-3ba28d5e1028,34,Balance projected shortage between hospital locations,COMPLETED,8984d324-1063-475e-aba4-c2c3f2b291a6
890bc599-1085-4123-b16b-96bb03848014,e3bbe120-0a9b-4cd8-b137-17f5c377e253,cbb4966e-7bea-4df2-82bc-5fcfe9617ff8,,b35df925-ba9e-4c1f-ae30-b292ad2c55bb,1e6220fc-015e-423b-aeaa-e360e53fc160,62,Balance projected shortage between hospital locations,APPROVED,a6b92b83-d0d3-4a76-9fe1-7958d545cfe0
8af90315-6d80-4f8a-86bf-3ea357dc0390,e3bbe120-0a9b-4cd8-b137-17f5c377e253,a7d4d675-bb94-424a-b6e4-1709b9e91e6d,,b35df925-ba9e-4c1f-ae30-b292ad2c55bb,67d7c42e-3283-4f46-b7d7-e88964f358f5,63,Balance projected shortage between hospital locations,PROPOSED,a6b92b83-d0d3-4a76-9fe1-7958d545cfe0
a62c0589-79d0-46e3-997b-07e4d2aac53c,e3bbe120-0a9b-4cd8-b137-17f5c377e253,43110ae2-2c0b-4654-936a-72afad56219d,,b35df925-ba9e-4c1f-ae30-b292ad2c55bb,fcc94dd3-4d95-4c0d-bff7-de301508935b,43,Balance projected shortage between hospital locations,COMPLETED,2464665b-743a-4486-90a0-0b1cbadcad1b
08d13cdd-9aad-4494-acc8-7ae3648e3065,e3bbe120-0a9b-4cd8-b137-17f5c377e253,3e98e5ab-52e7-4056-8353-5ac655247948,,b35df925-ba9e-4c1f-ae30-b292ad2c55bb,9c8705d0-e1d2-4f7e-b2a8-2da9e93836db,69,Balance projected shortage between hospital locations,COMPLETED,8984d324-1063-475e-aba4-c2c3f2b291a6
d71dc544-6de6-464a-ba45-a32a6caeb96c,e3bbe120-0a9b-4cd8-b137-17f5c377e253,4fda6990-76da-4515-8f85-4b5ce64dd1ce,,b35df925-ba9e-4c1f-ae30-b292ad2c55bb,1e6220fc-015e-423b-aeaa-e360e53fc160,30,Balance projected shortage between hospital locations,APPROVED,8984d324-1063-475e-aba4-c2c3f2b291a6
c78a2bba-39a3-42e7-8dd6-b7b01a4209cf,08edb0d0-edbf-44ce-9d32-b74a11e02048,957c588f-5e69-469f-b353-4b24fef25a65,,2d8f4baf-a053-49ce-bf90-68dcad2ff737,3c57d214-4249-4577-945a-ed97bdeb4c65,14,Balance projected shortage between hospital locations,APPROVED,f50a4325-4584-4f03-af64-791915860b62
65432b6f-c68d-4080-a9a2-b591fa47f37a,08edb0d0-edbf-44ce-9d32-b74a11e02048,85b186aa-f3a1-45ba-8d0c-349f8a13c3d4,,2d8f4baf-a053-49ce-bf90-68dcad2ff737,911f1aeb-4fd9-4446-a325-21cb5a9fb972,12,Balance projected shortage between hospital locations,APPROVED,42fb5d00-c6d9-494b-9b7f-701e73d555c2
54521fbd-14f0-4459-8732-1881ebee574d,08edb0d0-edbf-44ce-9d32-b74a11e02048,d6c64038-55ae-44a3-863b-be781e1a4649,,2d8f4baf-a053-49ce-bf90-68dcad2ff737,a0d764f4-1c3d-4776-bf09-dc25f26b1294,62,Balance projected shortage between hospital locations,COMPLETED,7e0ba309-f0eb-4e4d-a100-2a115df010cc
046114aa-0f1b-4e6c-94b7-419ad657d7d5,08edb0d0-edbf-44ce-9d32-b74a11e02048,2b376704-d06b-441d-a2bf-f0973873411c,,2d8f4baf-a053-49ce-bf90-68dcad2ff737,88d258ca-6a27-4799-aad2-b1303be7904b,89,Balance projected shortage between hospital locations,PROPOSED,42fb5d00-c6d9-494b-9b7f-701e73d555c2
0cab83bb-0f4a-485b-89a9-50f65c0480a0,08edb0d0-edbf-44ce-9d32-b74a11e02048,24db962d-9a6b-4de6-982b-b719e504efb9,,2d8f4baf-a053-49ce-bf90-68dcad2ff737,a0d764f4-1c3d-4776-bf09-dc25f26b1294,30,Balance projected shortage between hospital locations,APPROVED,f50a4325-4584-4f03-af64-791915860b62
b955ed5c-4f7f-45a3-a5fb-b5911691d0fa,08edb0d0-edbf-44ce-9d32-b74a11e02048,c5533566-0e57-4058-9e8f-cc921a574da9,,2d8f4baf-a053-49ce-bf90-68dcad2ff737,03064900-6fa5-4b9f-802d-f3b7ef2b3cbe,34,Balance projected shortage between hospital locations,APPROVED,42c3ef9d-c6e9-46ef-a3d5-ad24382c8c8c
092c6258-c761-4a66-95d0-76451094b89a,08edb0d0-edbf-44ce-9d32-b74a11e02048,1640337f-9614-4c3f-bda8-20c0eb4c6bce,,2d8f4baf-a053-49ce-bf90-68dcad2ff737,0db50fbf-07f1-48a2-af75-5a23c775909b,33,Balance projected shortage between hospital locations,APPROVED,7e0ba309-f0eb-4e4d-a100-2a115df010cc
2c5db3cf-77e1-4928-9aa3-bfe840b21c6f,08edb0d0-edbf-44ce-9d32-b74a11e02048,0d430ec5-4d86-4820-8a2c-9a0885280906,,2d8f4baf-a053-49ce-bf90-68dcad2ff737,c4cbc153-ee64-42e9-87a1-cab68276472b,23,Balance projected shortage between hospital locations,PROPOSED,5eeaf6b6-0279-420c-83e0-5c94615dd2c2
a3e56295-bf6d-42f3-86fb-41c3b8165af5,08edb0d0-edbf-44ce-9d32-b74a11e02048,522740d6-f3db-4ac1-a547-6b62598fe57f,,2d8f4baf-a053-49ce-bf90-68dcad2ff737,c4cbc153-ee64-42e9-87a1-cab68276472b,19,Balance projected shortage between hospital locations,COMPLETED,42c3ef9d-c6e9-46ef-a3d5-ad24382c8c8c
6d393e10-045e-4f6f-9295-97e97a7195de,08edb0d0-edbf-44ce-9d32-b74a11e02048,1640337f-9614-4c3f-bda8-20c0eb4c6bce,,2d8f4baf-a053-49ce-bf90-68dcad2ff737,c4cbc153-ee64-42e9-87a1-cab68276472b,50,Balance projected shortage between hospital locations,COMPLETED,f50a4325-4584-4f03-af64-791915860b62
2d14e414-b8bf-4aaa-8d8c-c4693cb0aed5,08edb0d0-edbf-44ce-9d32-b74a11e02048,d2219992-909f-48be-967e-2e3f1c3ddfa9,,2d8f4baf-a053-49ce-bf90-68dcad2ff737,88d258ca-6a27-4799-aad2-b1303be7904b,67,Balance projected shortage between hospital locations,APPROVED,42c3ef9d-c6e9-46ef-a3d5-ad24382c8c8c
95525c8e-b182-4f92-96c9-b777c1301140,08edb0d0-edbf-44ce-9d32-b74a11e02048,831a67ea-b75d-494e-8ba6-e91b1b1eae6e,,2d8f4baf-a053-49ce-bf90-68dcad2ff737,c4cbc153-ee64-42e9-87a1-cab68276472b,35,Balance projected shortage between hospital locations,COMPLETED,7e0ba309-f0eb-4e4d-a100-2a115df010cc
fb6b8101-f896-4df8-a844-bcc71f331a7c,08edb0d0-edbf-44ce-9d32-b74a11e02048,9d6f82ea-a6c1-4ee5-bd74-c517ba546a27,,2d8f4baf-a053-49ce-bf90-68dcad2ff737,0db50fbf-07f1-48a2-af75-5a23c775909b,10,Balance projected shortage between hospital locations,PROPOSED,42c3ef9d-c6e9-46ef-a3d5-ad24382c8c8c
5b3af1df-e220-492f-8de1-0a5265996abc,08edb0d0-edbf-44ce-9d32-b74a11e02048,0a915249-7e9b-4a22-be4b-d5a6c9628e04,,2d8f4baf-a053-49ce-bf90-68dcad2ff737,0db50fbf-07f1-48a2-af75-5a23c775909b,90,Balance projected shortage between hospital locations,PROPOSED,5eeaf6b6-0279-420c-83e0-5c94615dd2c2
9561e950-6ed0-403d-b0c7-cbd32c6f63b7,08edb0d0-edbf-44ce-9d32-b74a11e02048,2f7de1c2-cb62-4261-83f5-d8323f438333,,2d8f4baf-a053-49ce-bf90-68dcad2ff737,0db50fbf-07f1-48a2-af75-5a23c775909b,73,Balance projected shortage between hospital locations,PROPOSED,7e0ba309-f0eb-4e4d-a100-2a115df010cc
ec4ecc7e-2a24-430d-864b-51400c787bd7,a7373a90-b4e1-4e4c-8f0b-7ad06a9fa600,ceee2775-c68b-4199-9eb8-21746763c4ba,,c89006cd-6dca-4543-aa7c-88fc8d5b4314,564a7cb7-fcd8-46ad-8bc3-87b0ed1b57fe,24,Balance projected shortage between hospital locations,PROPOSED,dcd79dce-8180-48dd-a86c-8d286cb15b69
a537b96a-b8f5-46e8-9dad-336acaaeb5d9,a7373a90-b4e1-4e4c-8f0b-7ad06a9fa600,b261960f-23be-4297-9c50-f27ceac7eedb,,c89006cd-6dca-4543-aa7c-88fc8d5b4314,561818dd-4a11-40a4-b9c7-de7e7a5b3f76,92,Balance projected shortage between hospital locations,APPROVED,3a0a669d-1d20-4d9e-ad3e-7172aa95c172
637ea5d6-716a-4731-8757-bf5afecd9641,a7373a90-b4e1-4e4c-8f0b-7ad06a9fa600,061b886b-98ed-480e-9810-63995f2f47ed,,c89006cd-6dca-4543-aa7c-88fc8d5b4314,d5def90e-cbb5-42d8-bece-635cef65071c,62,Balance projected shortage between hospital locations,COMPLETED,3a0a669d-1d20-4d9e-ad3e-7172aa95c172
9b3bc328-f065-4784-b51e-3af4254f4763,a7373a90-b4e1-4e4c-8f0b-7ad06a9fa600,6989db76-adcc-4a3d-b3c0-61fb496a0f5d,,c89006cd-6dca-4543-aa7c-88fc8d5b4314,561818dd-4a11-40a4-b9c7-de7e7a5b3f76,11,Balance projected shortage between hospital locations,COMPLETED,b698115e-62ed-4b08-8127-f74bb17a9526
e3534225-8ad4-45ed-a820-2e47fe39c3d8,a7373a90-b4e1-4e4c-8f0b-7ad06a9fa600,220f964e-a351-4ad0-827e-502f5ded939c,,c89006cd-6dca-4543-aa7c-88fc8d5b4314,564a7cb7-fcd8-46ad-8bc3-87b0ed1b57fe,87,Balance projected shortage between hospital locations,APPROVED,b698115e-62ed-4b08-8127-f74bb17a9526
dd04c729-051c-4d93-be90-6dc9d954cb6f,a7373a90-b4e1-4e4c-8f0b-7ad06a9fa600,33e37cdb-690b-4dd6-aa0b-3e189bf6bc51,,c89006cd-6dca-4543-aa7c-88fc8d5b4314,6d77821b-779b-4bed-8fcc-d86a214e7a78,56,Balance projected shortage between hospital locations,APPROVED,dcd79dce-8180-48dd-a86c-8d286cb15b69
51bf7ae3-c167-4472-bfdf-dffffd873df7,a7373a90-b4e1-4e4c-8f0b-7ad06a9fa600,522740d6-f3db-4ac1-a547-6b62598fe57f,,c89006cd-6dca-4543-aa7c-88fc8d5b4314,45c6053f-a71f-4279-8dbf-4c8443fd906a,59,Balance projected shortage between hospital locations,COMPLETED,06b9326f-cb6b-449b-ad53-0e678eb799b0
e05fb7dc-bc90-400c-9eda-bec86acdd15f,a7373a90-b4e1-4e4c-8f0b-7ad06a9fa600,b261960f-23be-4297-9c50-f27ceac7eedb,,c89006cd-6dca-4543-aa7c-88fc8d5b4314,c14627b9-bd64-4618-b756-d7f2c6ac5329,28,Balance projected shortage between hospital locations,COMPLETED,3a0a669d-1d20-4d9e-ad3e-7172aa95c172
c43170a2-379f-477c-bcd7-633cd9021f34,a7373a90-b4e1-4e4c-8f0b-7ad06a9fa600,b699a59a-a0ec-49d9-b327-482e55347adf,,c89006cd-6dca-4543-aa7c-88fc8d5b4314,564a7cb7-fcd8-46ad-8bc3-87b0ed1b57fe,61,Balance projected shortage between hospital locations,PROPOSED,445e02fc-98b0-48a9-a0a1-51f13d6b418a
8012fc14-fd56-468b-80e4-0919c4c603a8,a7373a90-b4e1-4e4c-8f0b-7ad06a9fa600,9c021848-0377-486f-a048-370334cce953,,c89006cd-6dca-4543-aa7c-88fc8d5b4314,c14627b9-bd64-4618-b756-d7f2c6ac5329,46,Balance projected shortage between hospital locations,PROPOSED,b698115e-62ed-4b08-8127-f74bb17a9526
5579a00c-75cc-481a-ba5e-a7c8cd73192d,a7373a90-b4e1-4e4c-8f0b-7ad06a9fa600,3a19d3ca-1898-4db4-b347-55af1376c897,,c89006cd-6dca-4543-aa7c-88fc8d5b4314,45c6053f-a71f-4279-8dbf-4c8443fd906a,18,Balance projected shortage between hospital locations,APPROVED,445e02fc-98b0-48a9-a0a1-51f13d6b418a
fdca01be-1494-4a4e-b111-f03d5884f79e,a7373a90-b4e1-4e4c-8f0b-7ad06a9fa600,01d77a5e-a466-4d48-b24b-31edb500e5fa,,c89006cd-6dca-4543-aa7c-88fc8d5b4314,c14627b9-bd64-4618-b756-d7f2c6ac5329,86,Balance projected shortage between hospital locations,COMPLETED,06b9326f-cb6b-449b-ad53-0e678eb799b0
9f41d6fc-126e-4ed9-ac2f-f88062073bbc,a7373a90-b4e1-4e4c-8f0b-7ad06a9fa600,cf8bc62c-4d72-4142-8ab6-03524280a750,,c89006cd-6dca-4543-aa7c-88fc8d5b4314,c506f2b9-bae3-47fb-8d2f-79b524f3d792,47,Balance projected shortage between hospital locations,APPROVED,dcd79dce-8180-48dd-a86c-8d286cb15b69
cb1c764f-921d-473f-a837-69a297d1ddac,a7373a90-b4e1-4e4c-8f0b-7ad06a9fa600,7b6b643c-11d8-4a62-8cfe-a28f5fe4f2d6,,c89006cd-6dca-4543-aa7c-88fc8d5b4314,d5def90e-cbb5-42d8-bece-635cef65071c,22,Balance projected shortage between hospital locations,COMPLETED,b698115e-62ed-4b08-8127-f74bb17a9526
c56f70bc-889e-4984-a6d2-2b600cceb113,a7373a90-b4e1-4e4c-8f0b-7ad06a9fa600,ceee2775-c68b-4199-9eb8-21746763c4ba,,c89006cd-6dca-4543-aa7c-88fc8d5b4314,d5def90e-cbb5-42d8-bece-635cef65071c,77,Balance projected shortage between hospital locations,APPROVED,445e02fc-98b0-48a9-a0a1-51f13d6b418a
8d3b942e-7ee1-4959-97d9-c4a0693d1d29,85ae4cf3-51bf-45d7-8011-bb994eb602a6,d6c64038-55ae-44a3-863b-be781e1a4649,,aa1dc229-7fd9-4825-a368-5b9a449669bf,2ae4ce51-c690-48ac-b1bb-5039eef9ed36,95,Balance projected shortage between hospital locations,COMPLETED,c138e372-da64-4305-9d1f-8a41ff31d5e7
79cde732-b2ef-4f99-8252-1e4edd5433ee,85ae4cf3-51bf-45d7-8011-bb994eb602a6,957c588f-5e69-469f-b353-4b24fef25a65,,aa1dc229-7fd9-4825-a368-5b9a449669bf,d860427d-df1d-4b68-8917-11f1cb71ea4f,28,Balance projected shortage between hospital locations,COMPLETED,c5eaa78d-f978-4426-8451-b38f2e4a893d
febc75ec-dcb9-4279-87d5-82bedf2c1c3c,85ae4cf3-51bf-45d7-8011-bb994eb602a6,987c980e-f5ed-4388-b102-971ff25870b1,,aa1dc229-7fd9-4825-a368-5b9a449669bf,e5b3d5d3-901d-4fcd-a2a7-46c89cb44540,94,Balance projected shortage between hospital locations,PROPOSED,a7389364-2d91-4460-b361-c712f1bfb17d
1b89b077-ca66-45ca-beef-40b47980d0ce,85ae4cf3-51bf-45d7-8011-bb994eb602a6,ea61edd3-7fbd-4c08-b312-d866041879c2,,aa1dc229-7fd9-4825-a368-5b9a449669bf,d860427d-df1d-4b68-8917-11f1cb71ea4f,30,Balance projected shortage between hospital locations,PROPOSED,c138e372-da64-4305-9d1f-8a41ff31d5e7
68b1a982-d131-444a-8f51-106d0e3b53f9,85ae4cf3-51bf-45d7-8011-bb994eb602a6,f6dc8117-e75f-4920-a0cf-04c7bafc7542,,aa1dc229-7fd9-4825-a368-5b9a449669bf,3281705b-ac29-4575-8bd8-72c6b4342d1c,79,Balance projected shortage between hospital locations,COMPLETED,4781f22e-a843-45fd-a3ca-e409eb39cda9
7b9db934-a5fa-456d-a734-d28980895e6e,85ae4cf3-51bf-45d7-8011-bb994eb602a6,d039d8bd-44d3-44fc-a49f-83d1987d0b48,,aa1dc229-7fd9-4825-a368-5b9a449669bf,e8351a09-c3ce-40bb-bc16-3f2ffc446f93,51,Balance projected shortage between hospital locations,PROPOSED,767a1c13-65e2-4f56-bf1b-38d3bd0460ff
3668671a-1699-4eb3-bdb2-b2b08ced8561,85ae4cf3-51bf-45d7-8011-bb994eb602a6,8e15b3a9-915f-4bf0-84c7-182f335e062c,,aa1dc229-7fd9-4825-a368-5b9a449669bf,e8351a09-c3ce-40bb-bc16-3f2ffc446f93,30,Balance projected shortage between hospital locations,APPROVED,a7389364-2d91-4460-b361-c712f1bfb17d
1ef4438e-f21c-4eba-ba35-53bda7ee1be8,85ae4cf3-51bf-45d7-8011-bb994eb602a6,dee6b134-5f4e-4d83-8133-35e34f0b48e8,,aa1dc229-7fd9-4825-a368-5b9a449669bf,e8351a09-c3ce-40bb-bc16-3f2ffc446f93,33,Balance projected shortage between hospital locations,APPROVED,c5eaa78d-f978-4426-8451-b38f2e4a893d
979e20b2-6449-4886-8c3d-2a6e27960a61,85ae4cf3-51bf-45d7-8011-bb994eb602a6,2f7de1c2-cb62-4261-83f5-d8323f438333,,aa1dc229-7fd9-4825-a368-5b9a449669bf,0208f973-dc64-409f-965d-224ac9e2e843,63,Balance projected shortage between hospital locations,APPROVED,c5eaa78d-f978-4426-8451-b38f2e4a893d
f964d824-3722-425a-af7a-10b653ace9bc,85ae4cf3-51bf-45d7-8011-bb994eb602a6,3e6ecca3-9ad1-49a9-ad9a-5509b28de79d,,aa1dc229-7fd9-4825-a368-5b9a449669bf,e8351a09-c3ce-40bb-bc16-3f2ffc446f93,39,Balance projected shortage between hospital locations,COMPLETED,767a1c13-65e2-4f56-bf1b-38d3bd0460ff
dc46230f-d7b4-4c44-9c47-39f80172d726,85ae4cf3-51bf-45d7-8011-bb994eb602a6,bd5b3f87-5b53-4347-ac00-12fb9d5cd5a6,,aa1dc229-7fd9-4825-a368-5b9a449669bf,d860427d-df1d-4b68-8917-11f1cb71ea4f,10,Balance projected shortage between hospital locations,APPROVED,a7389364-2d91-4460-b361-c712f1bfb17d
9d2ed5ed-1069-4038-8a05-2ca818ff0ecb,85ae4cf3-51bf-45d7-8011-bb994eb602a6,3e8ecc15-190b-4bcd-a7fd-92ec541c75f4,,aa1dc229-7fd9-4825-a368-5b9a449669bf,0208f973-dc64-409f-965d-224ac9e2e843,61,Balance projected shortage between hospital locations,APPROVED,a7389364-2d91-4460-b361-c712f1bfb17d
dc6f3729-9a19-483c-bad6-2ddba79b685c,85ae4cf3-51bf-45d7-8011-bb994eb602a6,24db962d-9a6b-4de6-982b-b719e504efb9,,aa1dc229-7fd9-4825-a368-5b9a449669bf,2ae4ce51-c690-48ac-b1bb-5039eef9ed36,87,Balance projected shortage between hospital locations,COMPLETED,c5eaa78d-f978-4426-8451-b38f2e4a893d
d24ec15f-41ce-4e51-a8b2-67f2821c7488,85ae4cf3-51bf-45d7-8011-bb994eb602a6,be0b42c5-6bfe-48dc-8f33-e20d29d25a48,,aa1dc229-7fd9-4825-a368-5b9a449669bf,d9ef5787-cbca-4fa2-b137-b071986f595f,71,Balance projected shortage between hospital locations,COMPLETED,a7389364-2d91-4460-b361-c712f1bfb17d
a5a301b8-d45b-46d4-9b02-f62504a81de5,85ae4cf3-51bf-45d7-8011-bb994eb602a6,419b95a7-17e5-4918-ad68-d58ee6b6e6f5,,aa1dc229-7fd9-4825-a368-5b9a449669bf,d9ef5787-cbca-4fa2-b137-b071986f595f,22,Balance projected shortage between hospital locations,APPROVED,c138e372-da64-4305-9d1f-8a41ff31d5e7
ac85cd8a-b61d-4783-a1c1-7f978b68a7dd,9454a900-be26-4a3d-ad53-b449210cffb4,6b615b69-ae0e-4f1b-a6dc-2d69233addaa,,c892a00b-e4a6-47d6-95a4-a89c7c5f31cf,7f7ca043-4be6-4b43-9326-58e52f55c735,57,Balance projected shortage between hospital locations,APPROVED,1c49c799-8f27-4c0f-8ffa-74dc6ab23d2c
63bd0f0d-185d-4775-8d0b-503813ae4779,9454a900-be26-4a3d-ad53-b449210cffb4,378ef267-9155-41bc-a431-7c700c1731e3,,c892a00b-e4a6-47d6-95a4-a89c7c5f31cf,aab5f7fa-5cae-4cba-adb9-f32c3f750e8f,27,Balance projected shortage between hospital locations,APPROVED,5e07daa8-0fd5-47c9-b3c3-1dfbc731f114
2536585d-3bce-4bd8-98c6-5695d2077eec,9454a900-be26-4a3d-ad53-b449210cffb4,4f7512b2-6b9d-434f-807e-2fc43528691e,,c892a00b-e4a6-47d6-95a4-a89c7c5f31cf,aab5f7fa-5cae-4cba-adb9-f32c3f750e8f,57,Balance projected shortage between hospital locations,COMPLETED,2a041458-6c42-459e-ada7-ff9f9b62cc45
7f796301-5855-483f-98e3-25ffc03717c2,9454a900-be26-4a3d-ad53-b449210cffb4,9c06c388-c751-407e-9c97-3b46b1db5e7c,,c892a00b-e4a6-47d6-95a4-a89c7c5f31cf,aab5f7fa-5cae-4cba-adb9-f32c3f750e8f,14,Balance projected shortage between hospital locations,COMPLETED,031b295b-ce8b-4fb6-9b74-3930cea6c5c0
b74e6e4c-c7a0-416f-8a7c-a4a01c1946bb,9454a900-be26-4a3d-ad53-b449210cffb4,419b95a7-17e5-4918-ad68-d58ee6b6e6f5,,c892a00b-e4a6-47d6-95a4-a89c7c5f31cf,7f7ca043-4be6-4b43-9326-58e52f55c735,14,Balance projected shortage between hospital locations,COMPLETED,031b295b-ce8b-4fb6-9b74-3930cea6c5c0
b03ac169-a35e-41c0-b960-a852c7344d20,9454a900-be26-4a3d-ad53-b449210cffb4,0df67422-0ffe-4855-b4b7-0f4e8676cbdb,,c892a00b-e4a6-47d6-95a4-a89c7c5f31cf,1d04ab06-5b5e-484c-9236-14ec491a79d7,37,Balance projected shortage between hospital locations,COMPLETED,031b295b-ce8b-4fb6-9b74-3930cea6c5c0
92428d30-ba70-4594-8688-408f4f6b69a2,9454a900-be26-4a3d-ad53-b449210cffb4,a7d4d675-bb94-424a-b6e4-1709b9e91e6d,,c892a00b-e4a6-47d6-95a4-a89c7c5f31cf,45ea771f-2295-4dba-847e-92807321fb30,72,Balance projected shortage between hospital locations,PROPOSED,77a4b9dc-6359-4f82-ae01-37b143258536
720771e1-fda4-46ef-897a-a9510e66cf8e,9454a900-be26-4a3d-ad53-b449210cffb4,2c10bfc8-d106-4422-b38f-e414215c8def,,c892a00b-e4a6-47d6-95a4-a89c7c5f31cf,1d04ab06-5b5e-484c-9236-14ec491a79d7,43,Balance projected shortage between hospital locations,COMPLETED,2a041458-6c42-459e-ada7-ff9f9b62cc45
5f4194f7-0b09-4eca-8841-a11f21dfd1da,9454a900-be26-4a3d-ad53-b449210cffb4,0d430ec5-4d86-4820-8a2c-9a0885280906,,c892a00b-e4a6-47d6-95a4-a89c7c5f31cf,6ffb28fd-cfd4-4b6d-9140-b11f37cfb2d7,64,Balance projected shortage between hospital locations,APPROVED,2a041458-6c42-459e-ada7-ff9f9b62cc45
529daf9a-6b92-4f19-977b-3fb99243479e,9454a900-be26-4a3d-ad53-b449210cffb4,cf8bc62c-4d72-4142-8ab6-03524280a750,,c892a00b-e4a6-47d6-95a4-a89c7c5f31cf,1d04ab06-5b5e-484c-9236-14ec491a79d7,95,Balance projected shortage between hospital locations,PROPOSED,031b295b-ce8b-4fb6-9b74-3930cea6c5c0
ae0c68fe-6d7a-458f-947f-06e73e330aa3,9454a900-be26-4a3d-ad53-b449210cffb4,cf8bc62c-4d72-4142-8ab6-03524280a750,,c892a00b-e4a6-47d6-95a4-a89c7c5f31cf,aab5f7fa-5cae-4cba-adb9-f32c3f750e8f,58,Balance projected shortage between hospital locations,APPROVED,2a041458-6c42-459e-ada7-ff9f9b62cc45
a4909aa9-c4d2-43c5-bf29-b4b1a72ff5a4,9454a900-be26-4a3d-ad53-b449210cffb4,c037d58f-eb63-482e-81f7-b1f739423cdf,,c892a00b-e4a6-47d6-95a4-a89c7c5f31cf,aab5f7fa-5cae-4cba-adb9-f32c3f750e8f,16,Balance projected shortage between hospital locations,APPROVED,2a041458-6c42-459e-ada7-ff9f9b62cc45
83cd4d5e-740b-4cdb-8a84-20531316eb2c,9454a900-be26-4a3d-ad53-b449210cffb4,2cd10b6d-063e-4f55-a0b6-37edb93b63a6,,c892a00b-e4a6-47d6-95a4-a89c7c5f31cf,6ffb28fd-cfd4-4b6d-9140-b11f37cfb2d7,46,Balance projected shortage between hospital locations,APPROVED,77a4b9dc-6359-4f82-ae01-37b143258536
540ae052-a9cd-4bcc-9cca-08c01f229bc6,9454a900-be26-4a3d-ad53-b449210cffb4,b261960f-23be-4297-9c50-f27ceac7eedb,,c892a00b-e4a6-47d6-95a4-a89c7c5f31cf,1d04ab06-5b5e-484c-9236-14ec491a79d7,65,Balance projected shortage between hospital locations,PROPOSED,2a041458-6c42-459e-ada7-ff9f9b62cc45
28bc1233-78c5-4d03-b43e-7d039497a826,9454a900-be26-4a3d-ad53-b449210cffb4,2c4e6d71-0152-4e82-9c16-bfc9c81ea55e,,c892a00b-e4a6-47d6-95a4-a89c7c5f31cf,9f840192-7db0-47ca-a49b-947585715c2d,55,Balance projected shortage between hospital locations,COMPLETED,77a4b9dc-6359-4f82-ae01-37b143258536
039e3ec6-faa0-43c9-b4b3-4dc2c7c5b237,0d84597b-6ea1-4332-bd4a-8451cde06855,b699a59a-a0ec-49d9-b327-482e55347adf,,92d6d814-267e-4d58-87a8-d281c670f7c4,b72bc331-b77d-4040-8b95-a1e92bf17ec2,44,Balance projected shortage between hospital locations,PROPOSED,38161e71-6dbf-48a3-9696-6a766d0ddd15
9c0a49db-2d23-4b81-80b0-854e650189dc,0d84597b-6ea1-4332-bd4a-8451cde06855,0d430ec5-4d86-4820-8a2c-9a0885280906,,92d6d814-267e-4d58-87a8-d281c670f7c4,c97a783c-ba65-4bb3-90bc-4beb33475158,86,Balance projected shortage between hospital locations,COMPLETED,38161e71-6dbf-48a3-9696-6a766d0ddd15
afa191e2-5d45-4dc1-810d-d1351cbf1c11,0d84597b-6ea1-4332-bd4a-8451cde06855,58bf12e5-ee8a-4194-a34c-aa820079144d,,92d6d814-267e-4d58-87a8-d281c670f7c4,b72bc331-b77d-4040-8b95-a1e92bf17ec2,58,Balance projected shortage between hospital locations,PROPOSED,a04cbcf9-ff1d-4235-b41f-8f8b59052f14
f8dd8cf3-d391-4be4-a09c-a5042cf8e2dd,0d84597b-6ea1-4332-bd4a-8451cde06855,2b376704-d06b-441d-a2bf-f0973873411c,,92d6d814-267e-4d58-87a8-d281c670f7c4,c97a783c-ba65-4bb3-90bc-4beb33475158,26,Balance projected shortage between hospital locations,PROPOSED,0b804035-56ce-4184-a667-dbf4cbf5550a
93e3ee15-e13d-460d-8885-33bb4ce54808,0d84597b-6ea1-4332-bd4a-8451cde06855,8e67a041-f702-4f16-b57b-c66dff30e18b,,92d6d814-267e-4d58-87a8-d281c670f7c4,5d03fd79-44d5-4e9b-99b8-88f96aec48eb,81,Balance projected shortage between hospital locations,PROPOSED,0b804035-56ce-4184-a667-dbf4cbf5550a
1a626274-02c1-45e6-b6dd-4126e12d559b,0d84597b-6ea1-4332-bd4a-8451cde06855,24856ba7-ab81-4f22-985e-e30a3b9397cb,,92d6d814-267e-4d58-87a8-d281c670f7c4,b72bc331-b77d-4040-8b95-a1e92bf17ec2,72,Balance projected shortage between hospital locations,APPROVED,58619f85-2a66-4f2b-b188-311bae3d464f
d5be05ef-f32c-4711-addd-3e8696c895fa,0d84597b-6ea1-4332-bd4a-8451cde06855,2aceb2a6-c859-4f95-a238-9ad796b698fa,,92d6d814-267e-4d58-87a8-d281c670f7c4,6b7f63df-5881-4664-b60a-b074ecd09193,42,Balance projected shortage between hospital locations,COMPLETED,0b804035-56ce-4184-a667-dbf4cbf5550a
87e8d4aa-5729-496f-ab50-19dbf0ece852,0d84597b-6ea1-4332-bd4a-8451cde06855,fda2f8a3-95ba-4f42-97f3-dbce57a916f1,,92d6d814-267e-4d58-87a8-d281c670f7c4,6b7f63df-5881-4664-b60a-b074ecd09193,62,Balance projected shortage between hospital locations,COMPLETED,baa4ff18-ba20-424e-9876-93f968739436
ddfb49e7-e66b-4eba-89ef-dc778cc3bce8,0d84597b-6ea1-4332-bd4a-8451cde06855,cf8bc62c-4d72-4142-8ab6-03524280a750,,92d6d814-267e-4d58-87a8-d281c670f7c4,6b7f63df-5881-4664-b60a-b074ecd09193,65,Balance projected shortage between hospital locations,COMPLETED,a04cbcf9-ff1d-4235-b41f-8f8b59052f14
6dd5eb75-b3f3-4ad7-a36f-740293941830,0d84597b-6ea1-4332-bd4a-8451cde06855,be0b42c5-6bfe-48dc-8f33-e20d29d25a48,,92d6d814-267e-4d58-87a8-d281c670f7c4,ff425d99-36ba-4762-ab38-bd68c87d08b8,93,Balance projected shortage between hospital locations,PROPOSED,a04cbcf9-ff1d-4235-b41f-8f8b59052f14
d26d675c-3b62-40ae-8f65-fc4ce1a10def,0d84597b-6ea1-4332-bd4a-8451cde06855,1b0a2521-7dda-4bed-8313-954689f28c33,,92d6d814-267e-4d58-87a8-d281c670f7c4,5d03fd79-44d5-4e9b-99b8-88f96aec48eb,19,Balance projected shortage between hospital locations,COMPLETED,a04cbcf9-ff1d-4235-b41f-8f8b59052f14
6168e360-d27d-449b-b330-fe40f8dc1271,0d84597b-6ea1-4332-bd4a-8451cde06855,3e9b0bad-6728-4523-be87-a00adf0fff30,,92d6d814-267e-4d58-87a8-d281c670f7c4,b72bc331-b77d-4040-8b95-a1e92bf17ec2,14,Balance projected shortage between hospital locations,COMPLETED,58619f85-2a66-4f2b-b188-311bae3d464f
cb66613a-b03c-4832-a825-447241cd8a3f,0d84597b-6ea1-4332-bd4a-8451cde06855,1941089d-b192-4af2-b696-484fa9286d80,,92d6d814-267e-4d58-87a8-d281c670f7c4,5d03fd79-44d5-4e9b-99b8-88f96aec48eb,19,Balance projected shortage between hospital locations,COMPLETED,c587f8d6-b8cc-40c0-86eb-81776368f528
6ade1d79-a970-47ff-9f25-998eb5fe8754,0d84597b-6ea1-4332-bd4a-8451cde06855,9f081f26-ba8d-47d6-870e-ca0ca1cae51f,,92d6d814-267e-4d58-87a8-d281c670f7c4,6b7f63df-5881-4664-b60a-b074ecd09193,78,Balance projected shortage between hospital locations,PROPOSED,baa4ff18-ba20-424e-9876-93f968739436
f4ea39bb-dd8f-41f3-b8d0-0ee16472c670,0d84597b-6ea1-4332-bd4a-8451cde06855,24bad869-7045-4954-b58f-10edc0407e69,,92d6d814-267e-4d58-87a8-d281c670f7c4,b72bc331-b77d-4040-8b95-a1e92bf17ec2,94,Balance projected shortage between hospital locations,APPROVED,c587f8d6-b8cc-40c0-86eb-81776368f528
