id,hospital_id,department_id,name,location_type,is_active
e0a0a797-1443-43a7-9574-d4d98ac11856,920ef48e-37f7-4885-9e7f-ef5f2970a521,251d182a-5766-4e37-bc5f-961b02cd0d1e,Central Pharmacy Store,CENTRAL_PHARMACY,True
4a8ffb6b-d71f-4a13-96cf-943ba4531165,920ef48e-37f7-4885-9e7f-ef5f2970a521,cd482cf9-cdc3-4cd9-a686-dc340c3f6e0f,Emergency Store,EMERGENCY,True
e1f91b37-95bd-42dc-82f0-f9391313cc9e,920ef48e-37f7-4885-9e7f-ef5f2970a521,6862da19-1fd3-45dd-b2b7-d132a49031fe,ICU Store,ICU,True
d9701f28-5f77-4efd-bc33-feb3818b01be,920ef48e-37f7-4885-9e7f-ef5f2970a521,0637ee2a-49a3-4b74-b800-2db8c5e61c24,General Medicine Store,DEPARTMENT_PHARMACY,True
486e40fc-4399-405b-8862-fb055de9f0ff,920ef48e-37f7-4885-9e7f-ef5f2970a521,1a948fbe-8e3a-4cc6-94ec-6b968d7a28d7,Pediatrics Store,DEPARTMENT_PHARMACY,True
227ba151-f725-4813-a94f-c4612c5b8212,920ef48e-37f7-4885-9e7f-ef5f2970a521,9cc8b9b8-575c-4f99-aa0c-c0f04fef917d,Surgery Store,DEPARTMENT_PHARMACY,True
c6f484a1-ae8e-4868-9d96-aad78e925273,920ef48e-37f7-4885-9e7f-ef5f2970a521,bf23550d-7f34-4429-975b-e11ac0f24255,Oncology Store,DEPARTMENT_PHARMACY,True
58e24cec-946d-4124-9176-441caba19ab0,920ef48e-37f7-4885-9e7f-ef5f2970a521,73c0737f-0228-4c4c-ba89-89efc35b6c86,Cardiology Store,DEPARTMENT_PHARMACY,True
ba4dbad1-709d-4bff-b2c9-9067588c433c,e9ce1e40-149e-4ce9-9fa9-805e7fe159fa,26d85875-e28f-478e-9eca-a6c4d79f7e2d,Central Pharmacy Store,CENTRAL_PHARMACY,True
b6548da3-0b31-421f-a22b-58bdf64227b2,e9ce1e40-149e-4ce9-9fa9-805e7fe159fa,681cc0ef-e26c-4974-92f3-84a1602b2ce5,Emergency Store,EMERGENCY,True
0622c4cb-7af6-4976-9c67-1ad8b7149099,e9ce1e40-149e-4ce9-9fa9-805e7fe159fa,98f34f02-8b58-44a9-ab76-97750148a481,ICU Store,ICU,True
b447f144-7299-4647-9e8d-793b98275ffb,e9ce1e40-149e-4ce9-9fa9-805e7fe159fa,996193c8-0b04-4d90-a338-79ea1e384f7c,General Medicine Store,DEPARTMENT_PHARMACY,True
5b5ab100-d4fe-407c-b284-2bd450d8a056,e9ce1e40-149e-4ce9-9fa9-805e7fe159fa,97a0968e-a76f-4090-8b64-12d54da563d2,Pediatrics Store,DEPARTMENT_PHARMACY,True
f8811576-2422-4a5f-819e-07726e3eb308,e9ce1e40-149e-4ce9-9fa9-805e7fe159fa,c84bb394-fa19-4578-a18d-16dd18ca6df3,Surgery Store,DEPARTMENT_PHARMACY,True
bbb0edc5-3567-4e80-a3d2-ff87a8ff38d2,e9ce1e40-149e-4ce9-9fa9-805e7fe159fa,dc2b487f-c1d0-4934-b36f-5b47dc165827,Oncology Store,DEPARTMENT_PHARMACY,True
8177e642-5983-433b-bffb-906c433fe5c7,e9ce1e40-149e-4ce9-9fa9-805e7fe159fa,356aec76-6b22-46b5-9764-21aed52eee33,Cardiology Store,DEPARTMENT_PHARMACY,True
b35df925-ba9e-4c1f-ae30-b292ad2c55bb,e3bbe120-0a9b-4cd8-b137-17f5c377e253,c6468a56-ea12-4963-9bae-da73f588e7b9,Central Pharmacy Store,CENTRAL_PHARMACY,True
f94a5088-6d05-4f73-9adb-3ba28d5e1028,e3bbe120-0a9b-4cd8-b137-17f5c377e253,f1414b95-e1a3-4fd5-97be-de607cb1009c,Emergency Store,EMERGENCY,True
9c8705d0-e1d2-4f7e-b2a8-2da9e93836db,e3bbe120-0a9b-4cd8-b137-17f5c377e253,d01d88d5-118a-4882-91aa-575d3d1b2b87,ICU Store,ICU,True
67d7c42e-3283-4f46-b7d7-e88964f358f5,e3bbe120-0a9b-4cd8-b137-17f5c377e253,6e9238c5-b8b6-4dca-9ab4-e5df5776d295,General Medicine Store,DEPARTMENT_PHARMACY,True
86170553-3fde-426d-9613-2a9e7eb4d848,e3bbe120-0a9b-4cd8-b137-17f5c377e253,a7df801b-4eed-4be9-a93a-91a369a654b5,Pediatrics Store,DEPARTMENT_PHARMACY,True
11935e10-e2a1-4fcc-8d9e-d393f734dadd,e3bbe120-0a9b-4cd8-b137-17f5c377e253,5099657a-e077-41d3-826d-e201172814d6,Surgery Store,DEPARTMENT_PHARMACY,True
1e6220fc-015e-423b-aeaa-e360e53fc160,e3bbe120-0a9b-4cd8-b137-17f5c377e253,3b852496-d5ab-47a1-b3d9-42b05be2f453,Oncology Store,DEPARTMENT_PHARMACY,True
fcc94dd3-4d95-4c0d-bff7-de301508935b,e3bbe120-0a9b-4cd8-b137-17f5c377e253,94ed242e-7c30-4244-8711-5ca2853498ce,Cardiology Store,DEPARTMENT_PHARMACY,True
2d8f4baf-a053-49ce-bf90-68dcad2ff737,08edb0d0-edbf-44ce-9d32-b74a11e02048,855cc3db-8cb9-4f63-a025-750a978dc5cd,Central Pharmacy Store,CENTRAL_PHARMACY,True
88d258ca-6a27-4799-aad2-b1303be7904b,08edb0d0-edbf-44ce-9d32-b74a11e02048,e680d798-d62b-4cda-8a53-5fab429a21b3,Emergency Store,EMERGENCY,True
0db50fbf-07f1-48a2-af75-5a23c775909b,08edb0d0-edbf-44ce-9d32-b74a11e02048,e92d7ee6-6331-47b2-a13f-e3a19c574c3c,ICU Store,ICU,True
03064900-6fa5-4b9f-802d-f3b7ef2b3cbe,08edb0d0-edbf-44ce-9d32-b74a11e02048,7d3db71c-8a6e-4421-b2a1-e9f4f35deef4,General Medicine Store,DEPARTMENT_PHARMACY,True
c4cbc153-ee64-42e9-87a1-cab68276472b,08edb0d0-edbf-44ce-9d32-b74a11e02048,8019af56-e03a-481b-ad1e-04d0dc43b4d2,Pediatrics Store,DEPARTMENT_PHARMACY,True
3c57d214-4249-4577-945a-ed97bdeb4c65,08edb0d0-edbf-44ce-9d32-b74a11e02048,5a2c6e36-8214-4ff4-bb65-b74d8aded11a,Surgery Store,DEPARTMENT_PHARMACY,True
a0d764f4-1c3d-4776-bf09-dc25f26b1294,08edb0d0-edbf-44ce-9d32-b74a11e02048,46b87b01-5d25-4d4b-99f5-a33c43b7931d,Oncology Store,DEPARTMENT_PHARMACY,True
911f1aeb-4fd9-4446-a325-21cb5a9fb972,08edb0d0-edbf-44ce-9d32-b74a11e02048,a63b7518-e1bd-485e-854c-8e1045851ac8,Cardiology Store,DEPARTMENT_PHARMACY,True
c89006cd-6dca-4543-aa7c-88fc8d5b4314,a7373a90-b4e1-4e4c-8f0b-7ad06a9fa600,d8fe054d-a602-4881-871d-cf921352520d,Central Pharmacy Store,CENTRAL_PHARMACY,True
561818dd-4a11-40a4-b9c7-de7e7a5b3f76,a7373a90-b4e1-4e4c-8f0b-7ad06a9fa600,1f48c145-a917-43ff-8126-68c2769471a4,Emergency Store,EMERGENCY,True
c506f2b9-bae3-47fb-8d2f-79b524f3d792,a7373a90-b4e1-4e4c-8f0b-7ad06a9fa600,11169653-a3f8-49c8-a8aa-62e87168d691,ICU Store,ICU,True
c14627b9-bd64-4618-b756-d7f2c6ac5329,a7373a90-b4e1-4e4c-8f0b-7ad06a9fa600,29d1b6c4-70ea-4f70-a60d-efaf14a852a0,General Medicine Store,DEPARTMENT_PHARMACY,True
564a7cb7-fcd8-46ad-8bc3-87b0ed1b57fe,a7373a90-b4e1-4e4c-8f0b-7ad06a9fa600,962229ba-aa58-4d33-86e0-590ab0487987,Pediatrics Store,DEPARTMENT_PHARMACY,True
d5def90e-cbb5-42d8-bece-635cef65071c,a7373a90-b4e1-4e4c-8f0b-7ad06a9fa600,e2da6bf4-96b8-4077-8b12-f6ea6d489010,Surgery Store,DEPARTMENT_PHARMACY,True
6d77821b-779b-4bed-8fcc-d86a214e7a78,a7373a90-b4e1-4e4c-8f0b-7ad06a9fa600,8db0bbe7-c295-4b8e-8272-e0169942706d,Oncology Store,DEPARTMENT_PHARMACY,True
45c6053f-a71f-4279-8dbf-4c8443fd906a,a7373a90-b4e1-4e4c-8f0b-7ad06a9fa600,1704e896-25bf-4016-be18-7b0c18681e99,Cardiology Store,DEPARTMENT_PHARMACY,True
aa1dc229-7fd9-4825-a368-5b9a449669bf,85ae4cf3-51bf-45d7-8011-bb994eb602a6,9a73c954-9c60-42ce-bee2-57fc3c105a34,Central Pharmacy Store,CENTRAL_PHARMACY,True
d860427d-df1d-4b68-8917-11f1cb71ea4f,85ae4cf3-51bf-45d7-8011-bb994eb602a6,3ffdf008-79f1-42fd-9520-0f1d0131339c,Emergency Store,EMERGENCY,True
d9ef5787-cbca-4fa2-b137-b071986f595f,85ae4cf3-51bf-45d7-8011-bb994eb602a6,9d12e678-ab36-4033-a15f-5871c8139fd4,ICU Store,ICU,True
e8351a09-c3ce-40bb-bc16-3f2ffc446f93,85ae4cf3-51bf-45d7-8011-bb994eb602a6,46457e37-be60-4cf2-a2d5-a6e239884bda,General Medicine Store,DEPARTMENT_PHARMACY,True
2ae4ce51-c690-48ac-b1bb-5039eef9ed36,85ae4cf3-51bf-45d7-8011-bb994eb602a6,187c424f-ba0e-4d66-ae38-c35eb0fc7fb9,Pediatrics Store,DEPARTMENT_PHARMACY,True
3281705b-ac29-4575-8bd8-72c6b4342d1c,85ae4cf3-51bf-45d7-8011-bb994eb602a6,4fc8001e-d21e-4faa-be76-092c26967a3f,Surgery Store,DEPARTMENT_PHARMACY,True
e5b3d5d3-901d-4fcd-a2a7-46c89cb44540,85ae4cf3-51bf-45d7-8011-bb994eb602a6,759f8cd4-e656-4753-98e5-6d405d0ce513,Oncology Store,DEPARTMENT_PHARMACY,True
0208f973-dc64-409f-965d-224ac9e2e843,85ae4cf3-51bf-45d7-8011-bb994eb602a6,5b817dee-08ce-4f24-869f-345a438d4300,Cardiology Store,DEPARTMENT_PHARMACY,True
c892a00b-e4a6-47d6-95a4-a89c7c5f31cf,9454a900-be26-4a3d-ad53-b449210cffb4,bec81e84-f47f-4fcd-8de2-f7abc634db47,Central Pharmacy Store,CENTRAL_PHARMACY,True
7f7ca043-4be6-4b43-9326-58e52f55c735,9454a900-be26-4a3d-ad53-b449210cffb4,a6c50ee3-0323-403c-9c9d-53d938045d5f,Emergency Store,EMERGENCY,True
728f9446-52eb-469e-ab82-2901cefc7391,9454a900-be26-4a3d-ad53-b449210cffb4,a2d7024f-e58b-493e-b4a9-baffbac7eba4,ICU Store,ICU,True
6ffb28fd-cfd4-4b6d-9140-b11f37cfb2d7,9454a900-be26-4a3d-ad53-b449210cffb4,00cd022b-9c8b-4fa1-a4fb-2fe583ee174f,General Medicine Store,DEPARTMENT_PHARMACY,True
aab5f7fa-5cae-4cba-adb9-f32c3f750e8f,9454a900-be26-4a3d-ad53-b449210cffb4,bf0e3ded-0ee8-440b-b11b-0c7d2c101540,Pediatrics Store,DEPARTMENT_PHARMACY,True
9f840192-7db0-47ca-a49b-947585715c2d,9454a900-be26-4a3d-ad53-b449210cffb4,92360006-8307-4f23-a355-687cf6e0f7e6,Surgery Store,DEPARTMENT_PHARMACY,True
1d04ab06-5b5e-484c-9236-14ec491a79d7,9454a900-be26-4a3d-ad53-b449210cffb4,2587380b-1fe1-4560-b5bc-58f4dcd5caca,Oncology Store,DEPARTMENT_PHARMACY,True
45ea771f-2295-4dba-847e-92807321fb30,9454a900-be26-4a3d-ad53-b449210cffb4,089fff8c-56ab-4194-bf21-cf720efc8771,Cardiology Store,DEPARTMENT_PHARMACY,True
92d6d814-267e-4d58-87a8-d281c670f7c4,0d84597b-6ea1-4332-bd4a-8451cde06855,a1022336-293c-4327-8b69-4cd134afbc1f,Central Pharmacy Store,CENTRAL_PHARMACY,True
10898cfe-5023-4af9-8b1b-59453e3d2960,0d84597b-6ea1-4332-bd4a-8451cde06855,d29be547-ab72-4a28-802d-7a986b2bc086,Emergency Store,EMERGENCY,True
c97a783c-ba65-4bb3-90bc-4beb33475158,0d84597b-6ea1-4332-bd4a-8451cde06855,bbbad3af-7943-4673-83ee-9b8de4f662b7,ICU Store,ICU,True
b72bc331-b77d-4040-8b95-a1e92bf17ec2,0d84597b-6ea1-4332-bd4a-8451cde06855,9c57bb5a-e50e-4e71-8ce5-dbc07f79ed88,General Medicine Store,DEPARTMENT_PHARMACY,True
c6a3c26c-5fb1-4caf-a470-f3f4a71f2669,0d84597b-6ea1-4332-bd4a-8451cde06855,42b3ece4-846e-4dbc-a66a-64df1f2ed4bb,Pediatrics Store,DEPARTMENT_PHARMACY,True
5d03fd79-44d5-4e9b-99b8-88f96aec48eb,0d84597b-6ea1-4332-bd4a-8451cde06855,2c6caca1-809c-4320-9bba-a49bd0b2c87d,Surgery Store,DEPARTMENT_PHARMACY,True
6b7f63df-5881-4664-b60a-b074ecd09193,0d84597b-6ea1-4332-bd4a-8451cde06855,2565dbf7-3635-44bb-b99e-98e5172f4ffd,Oncology Store,DEPARTMENT_PHARMACY,True
ff425d99-36ba-4762-ab38-bd68c87d08b8,0d84597b-6ea1-4332-bd4a-8451cde06855,34b52a3a-ff15-4899-ac27-ac302540749e,Cardiology Store,DEPARTMENT_PHARMACY,True
