id,generic_name,brand_name,strength,dosage_form,route,unit_of_measure,therapeutic_category,is_critical,storage_requirements
a7d4d675-bb94-424a-b6e4-1709b9e91e6d,Paracetamol,SYN-001,500 mg,Tablet,ORAL,tablet,Analgesic,True,2-8C
4fda6990-76da-4515-8f85-4b5ce64dd1ce,Paracetamol,SYN-002,650 mg,Tablet,ORAL,tablet,Analgesic,True,15-25C
a197882a-31bc-40ba-be53-5a7c2f5930f7,Ibuprofen,SYN-003,400 mg,Tablet,ORAL,tablet,Analgesic,True,15-25C
987c980e-f5ed-4388-b102-971ff25870b1,Amoxicillin,SYN-004,500 mg,Capsule,ORAL,tablet,Antibiotic,True,15-25C
a88fd15f-1bbb-4271-941e-899867a89583,Azithromycin,SYN-005,500 mg,Tablet,ORAL,tablet,Antibiotic,True,15-25C
85b186aa-f3a1-45ba-8d0c-349f8a13c3d4,Ceftriaxone,SYN-006,1 g,Injection,IV,vial,Antibiotic,True,15-25C
0eecbfea-7628-487c-b590-fece2c687e7a,Meropenem,SYN-007,1 g,Injection,IV,vial,Antibiotic,True,15-25C
2b376704-d06b-441d-a2bf-f0973873411c,Piperacillin/Tazobactam,SYN-008,4.5 g,Injection,IV,vial,Antibiotic,True,15-25C
d039d8bd-44d3-44fc-a49f-83d1987d0b48,Insulin Regular,SYN-009,100 IU/mL,Injection,SC,vial,Antidiabetic,True,15-25C
ea61edd3-7fbd-4c08-b312-d866041879c2,Insulin Glargine,SYN-010,100 IU/mL,Injection,SC,vial,Antidiabetic,True,15-25C
f00273a7-acae-43ae-a0b4-b85c0ed6d4d3,Metformin,SYN-011,500 mg,Tablet,ORAL,tablet,Antidiabetic,False,15-25C
01d77a5e-a466-4d48-b24b-31edb500e5fa,Atorvastatin,SYN-012,20 mg,Tablet,ORAL,tablet,Cardiovascular,False,2-8C
3a19d3ca-1898-4db4-b347-55af1376c897,Amlodipine,SYN-013,5 mg,Tablet,ORAL,tablet,Cardiovascular,False,15-25C
fdd23e22-960c-4a44-af67-60d832b98217,Losartan,SYN-014,50 mg,Tablet,ORAL,tablet,Cardiovascular,False,15-25C
0c98fcbf-9121-467b-910d-10fcfbcd35b6,Furosemide,SYN-015,40 mg,Tablet,ORAL,tablet,Cardiovascular,False,15-25C
27bdd8c0-778d-42ea-ae25-964ce81e391d,Heparin,SYN-016,5000 IU/mL,Injection,IV,vial,Anticoagulant,True,15-25C
97a16fda-9cba-4dc2-8770-0b5104c507d2,Enoxaparin,SYN-017,40 mg/0.4mL,Injection,SC,vial,Anticoagulant,True,15-25C
6989db76-adcc-4a3d-b3c0-61fb496a0f5d,Aspirin,SYN-018,75 mg,Tablet,ORAL,tablet,Cardiovascular,False,15-25C
24856ba7-ab81-4f22-985e-e30a3b9397cb,Clopidogrel,SYN-019,75 mg,Tablet,ORAL,tablet,Cardiovascular,False,15-25C
1640337f-9614-4c3f-bda8-20c0eb4c6bce,Pantoprazole,SYN-020,40 mg,Tablet,ORAL,tablet,Gastrointestinal,False,15-25C
24d1b68c-2a5b-464e-bb4e-c1071b3b4f3d,Ondansetron,SYN-021,4 mg,Injection,IV,vial,Antiemetic,False,15-25C
9c06c388-c751-407e-9c97-3b46b1db5e7c,Ondansetron,SYN-022,8 mg,Tablet,ORAL,tablet,Antiemetic,False,15-25C
c51619a8-ba83-483f-9b52-064f926d96a2,Dexamethasone,SYN-023,4 mg/mL,Injection,IV,vial,Steroid,False,2-8C
2c4e6d71-0152-4e82-9c16-bfc9c81ea55e,Hydrocortisone,SYN-024,100 mg,Injection,IV,vial,Steroid,False,15-25C
c2b13e9e-9865-4a6b-ba11-417dbd416417,Salbutamol,SYN-025,2 mg,Tablet,ORAL,tablet,Respiratory,False,15-25C
b3163dc0-3ac7-41cc-b4fc-244bcbe446ad,Budesonide,SYN-026,0.5 mg/2mL,Solution,INHALATION,tablet,Respiratory,False,15-25C
fda2f8a3-95ba-4f42-97f3-dbce57a916f1,Montelukast,SYN-027,10 mg,Tablet,ORAL,tablet,Respiratory,False,15-25C
957c588f-5e69-469f-b353-4b24fef25a65,Levothyroxine,SYN-028,50 mcg,Tablet,ORAL,tablet,Endocrine,False,15-25C
c037d58f-eb63-482e-81f7-b1f739423cdf,Levothyroxine,SYN-029,100 mcg,Tablet,ORAL,tablet,Endocrine,False,15-25C
573f39b9-7855-4b4d-8a9e-14a5e9d8b2cd,Adrenaline,SYN-030,1 mg/mL,Injection,IM,vial,Emergency,True,15-25C
f6dc8117-e75f-4920-a0cf-04c7bafc7542,Atropine,SYN-031,0.6 mg/mL,Injection,IV,vial,Emergency,True,15-25C
063be93d-6835-4b65-a8a1-c36e83278d83,Noradrenaline,SYN-032,2 mg/mL,Injection,IV,vial,Critical Care,True,15-25C
3b4f2db0-078e-4414-849b-1ba2782649be,Midazolam,SYN-033,5 mg/mL,Injection,IV,vial,Critical Care,True,15-25C
e5b7da92-602a-4a8f-9b36-3acfc3414ba7,Propofol,SYN-034,10 mg/mL,Injection,IV,vial,Anesthetic,False,2-8C
4f7512b2-6b9d-434f-807e-2fc43528691e,Fentanyl,SYN-035,50 mcg/mL,Injection,IV,vial,Analgesic,False,15-25C
2c10bfc8-d106-4422-b38f-e414215c8def,Lidocaine,SYN-036,2%,Injection,LOCAL,vial,Anesthetic,False,15-25C
58bf12e5-ee8a-4194-a34c-aa820079144d,Normal Saline,SYN-037,0.9% 500mL,IV Fluid,IV,vial,Fluid,False,15-25C
d2219992-909f-48be-967e-2e3f1c3ddfa9,Ringer Lactate,SYN-038,500mL,IV Fluid,IV,vial,Fluid,False,15-25C
0df67422-0ffe-4855-b4b7-0f4e8676cbdb,Dextrose,SYN-039,5% 500mL,IV Fluid,IV,vial,Fluid,False,15-25C
4bd504ed-a1c0-48c9-bff0-b66723a5f08d,Vancomycin,SYN-040,500 mg,Injection,IV,vial,Antibiotic,False,15-25C
0073cc32-e309-402c-96aa-1fb03de469f1,Linezolid,SYN-041,600 mg,Tablet,ORAL,tablet,Antibiotic,False,15-25C
d6c64038-55ae-44a3-863b-be781e1a4649,Levofloxacin,SYN-042,500 mg,Tablet,ORAL,tablet,Antibiotic,False,15-25C
ceee2775-c68b-4199-9eb8-21746763c4ba,Ciprofloxacin,SYN-043,500 mg,Tablet,ORAL,tablet,Antibiotic,False,15-25C
b699a59a-a0ec-49d9-b327-482e55347adf,Cefixime,SYN-044,200 mg,Tablet,ORAL,tablet,Antibiotic,False,15-25C
1b0a2521-7dda-4bed-8313-954689f28c33,Diclofenac,SYN-045,50 mg,Tablet,ORAL,tablet,Analgesic,False,2-8C
13cd9912-56bb-4721-abb1-986f20a370cb,Tramadol,SYN-046,50 mg,Capsule,ORAL,tablet,Analgesic,False,15-25C
f1b95f47-94a2-4979-a411-02444c727d3e,Morphine,SYN-047,10 mg/mL,Injection,IV,vial,Analgesic,False,15-25C
70745aec-f24f-4b18-807e-6adb80d01ba0,Calcium Gluconate,SYN-048,10% 10mL,Injection,IV,vial,Electrolyte,False,15-25C
ca8399a1-143e-4717-be95-7836c2f21dcb,Potassium Chloride,SYN-049,15% 10mL,Injection,IV,vial,Electrolyte,False,15-25C
8cb385ca-cfdc-404f-8298-512a7c8578b3,Magnesium Sulfate,SYN-050,50% 2mL,Injection,IV,vial,Electrolyte,False,15-25C
831a67ea-b75d-494e-8ba6-e91b1b1eae6e,Paracetamol Variant 1,SYN-051,500 mg,Tablet,ORAL,tablet,Analgesic,False,15-25C
24db962d-9a6b-4de6-982b-b719e504efb9,Paracetamol Variant 2,SYN-052,650 mg,Tablet,ORAL,tablet,Analgesic,False,15-25C
2cd10b6d-063e-4f55-a0b6-37edb93b63a6,Ibuprofen Variant 3,SYN-053,400 mg,Tablet,ORAL,tablet,Analgesic,False,15-25C
522740d6-f3db-4ac1-a547-6b62598fe57f,Amoxicillin Variant 4,SYN-054,500 mg,Capsule,ORAL,tablet,Antibiotic,False,15-25C
67f10774-4e14-4f09-90b6-00a732111449,Azithromycin Variant 5,SYN-055,500 mg,Tablet,ORAL,tablet,Antibiotic,False,15-25C
43110ae2-2c0b-4654-936a-72afad56219d,Ceftriaxone Variant 6,SYN-056,1 g,Injection,IV,vial,Antibiotic,False,2-8C
c5533566-0e57-4058-9e8f-cc921a574da9,Meropenem Variant 7,SYN-057,1 g,Injection,IV,vial,Antibiotic,False,15-25C
7b6b643c-11d8-4a62-8cfe-a28f5fe4f2d6,Piperacillin/Tazobactam Variant 8,SYN-058,4.5 g,Injection,IV,vial,Antibiotic,False,15-25C
24bad869-7045-4954-b58f-10edc0407e69,Insulin Regular Variant 9,SYN-059,100 IU/mL,Injection,SC,vial,Antidiabetic,False,15-25C
a041cc1e-bb11-4e03-9969-5026c46ed837,Insulin Glargine Variant 10,SYN-060,100 IU/mL,Injection,SC,vial,Antidiabetic,False,15-25C
99f2ef21-d83e-4cde-a73a-10b587a903a3,Metformin Variant 11,SYN-061,500 mg,Tablet,ORAL,tablet,Antidiabetic,False,15-25C
dee6b134-5f4e-4d83-8133-35e34f0b48e8,Atorvastatin Variant 12,SYN-062,20 mg,Tablet,ORAL,tablet,Cardiovascular,False,15-25C
ebb48eae-a1ef-4da9-8ae1-b2f70e717661,Amlodipine Variant 13,SYN-063,5 mg,Tablet,ORAL,tablet,Cardiovascular,False,15-25C
b261960f-23be-4297-9c50-f27ceac7eedb,Losartan Variant 14,SYN-064,50 mg,Tablet,ORAL,tablet,Cardiovascular,False,15-25C
1941089d-b192-4af2-b696-484fa9286d80,Furosemide Variant 15,SYN-065,40 mg,Tablet,ORAL,tablet,Cardiovascular,False,15-25C
6f12778d-43ca-4220-8b3b-11201ac91209,Heparin Variant 16,SYN-066,5000 IU/mL,Injection,IV,vial,Anticoagulant,True,15-25C
9f081f26-ba8d-47d6-870e-ca0ca1cae51f,Enoxaparin Variant 17,SYN-067,40 mg/0.4mL,Injection,SC,vial,Anticoagulant,True,2-8C
2f7de1c2-cb62-4261-83f5-d8323f438333,Aspirin Variant 18,SYN-068,75 mg,Tablet,ORAL,tablet,Cardiovascular,False,15-25C
0d430ec5-4d86-4820-8a2c-9a0885280906,Clopidogrel Variant 19,SYN-069,75 mg,Tablet,ORAL,tablet,Cardiovascular,False,15-25C
6cbb6f57-d6cb-41b0-aca5-9ea4e8c5be47,Pantoprazole Variant 20,SYN-070,40 mg,Tablet,ORAL,tablet,Gastrointestinal,False,15-25C
33e37cdb-690b-4dd6-aa0b-3e189bf6bc51,Ondansetron Variant 21,SYN-071,4 mg,Injection,IV,vial,Antiemetic,False,15-25C
3e98e5ab-52e7-4056-8353-5ac655247948,Ondansetron Variant 22,SYN-072,8 mg,Tablet,ORAL,tablet,Antiemetic,False,15-25C
305d6d9c-7521-4f74-8c0d-0bf7d5af8dfd,Dexamethasone Variant 23,SYN-073,4 mg/mL,Injection,IV,vial,Steroid,False,15-25C
b1b122eb-1ba2-4148-b9ac-5d21b2adf647,Hydrocortisone Variant 24,SYN-074,100 mg,Injection,IV,vial,Steroid,False,15-25C
061b886b-98ed-480e-9810-63995f2f47ed,Salbutamol Variant 25,SYN-075,2 mg,Tablet,ORAL,tablet,Respiratory,False,15-25C
8e67a041-f702-4f16-b57b-c66dff30e18b,Budesonide Variant 26,SYN-076,0.5 mg/2mL,Solution,INHALATION,tablet,Respiratory,False,15-25C
ec00005f-8d61-4b61-825c-d8c696ae49aa,Montelukast Variant 27,SYN-077,10 mg,Tablet,ORAL,tablet,Respiratory,False,15-25C
9c021848-0377-486f-a048-370334cce953,Levothyroxine Variant 28,SYN-078,50 mcg,Tablet,ORAL,tablet,Endocrine,False,2-8C
fb695fdf-9397-485a-aa21-6d65c73c7b07,Levothyroxine Variant 29,SYN-079,100 mcg,Tablet,ORAL,tablet,Endocrine,False,15-25C
b8b41174-e4bb-41e0-8dc8-fbdaf9d470ec,Adrenaline Variant 30,SYN-080,1 mg/mL,Injection,IM,vial,Emergency,True,15-25C
3e8ecc15-190b-4bcd-a7fd-92ec541c75f4,Atropine Variant 31,SYN-081,0.6 mg/mL,Injection,IV,vial,Emergency,True,15-25C
419b95a7-17e5-4918-ad68-d58ee6b6e6f5,Noradrenaline Variant 32,SYN-082,2 mg/mL,Injection,IV,vial,Critical Care,True,15-25C
e3420e6d-9ba0-43de-991d-15b61159daa1,Midazolam Variant 33,SYN-083,5 mg/mL,Injection,IV,vial,Critical Care,True,15-25C
378ef267-9155-41bc-a431-7c700c1731e3,Propofol Variant 34,SYN-084,10 mg/mL,Injection,IV,vial,Anesthetic,False,15-25C
3e6ecca3-9ad1-49a9-ad9a-5509b28de79d,Fentanyl Variant 35,SYN-085,50 mcg/mL,Injection,IV,vial,Analgesic,False,15-25C
bd5b3f87-5b53-4347-ac00-12fb9d5cd5a6,Lidocaine Variant 36,SYN-086,2%,Injection,LOCAL,vial,Anesthetic,False,15-25C
9d6f82ea-a6c1-4ee5-bd74-c517ba546a27,Normal Saline Variant 37,SYN-087,0.9% 500mL,IV Fluid,IV,vial,Fluid,False,15-25C
220f964e-a351-4ad0-827e-502f5ded939c,Ringer Lactate Variant 38,SYN-088,500mL,IV Fluid,IV,vial,Fluid,False,15-25C
2aceb2a6-c859-4f95-a238-9ad796b698fa,Dextrose Variant 39,SYN-089,5% 500mL,IV Fluid,IV,vial,Fluid,False,2-8C
6b615b69-ae0e-4f1b-a6dc-2d69233addaa,Vancomycin Variant 40,SYN-090,500 mg,Injection,IV,vial,Antibiotic,False,15-25C
cbb4966e-7bea-4df2-82bc-5fcfe9617ff8,Linezolid Variant 41,SYN-091,600 mg,Tablet,ORAL,tablet,Antibiotic,False,15-25C
0a915249-7e9b-4a22-be4b-d5a6c9628e04,Levofloxacin Variant 42,SYN-092,500 mg,Tablet,ORAL,tablet,Antibiotic,False,15-25C
16d1b73f-8881-425f-82b2-7ab4974b08ef,Ciprofloxacin Variant 43,SYN-093,500 mg,Tablet,ORAL,tablet,Antibiotic,False,15-25C
1d534fd0-ecdb-47f7-8df1-911899944ac3,Cefixime Variant 44,SYN-094,200 mg,Tablet,ORAL,tablet,Antibiotic,False,15-25C
cf8bc62c-4d72-4142-8ab6-03524280a750,Diclofenac Variant 45,SYN-095,50 mg,Tablet,ORAL,tablet,Analgesic,False,15-25C
8e15b3a9-915f-4bf0-84c7-182f335e062c,Tramadol Variant 46,SYN-096,50 mg,Capsule,ORAL,tablet,Analgesic,False,15-25C
67ae158e-8140-49ce-b874-0acf92a800c2,Morphine Variant 47,SYN-097,10 mg/mL,Injection,IV,vial,Analgesic,False,15-25C
be0b42c5-6bfe-48dc-8f33-e20d29d25a48,Calcium Gluconate Variant 48,SYN-098,10% 10mL,Injection,IV,vial,Electrolyte,False,15-25C
b3fa980f-96f4-474d-8999-454117e0d5d6,Potassium Chloride Variant 49,SYN-099,15% 10mL,Injection,IV,vial,Electrolyte,False,15-25C
3e9b0bad-6728-4523-be87-a00adf0fff30,Magnesium Sulfate Variant 50,SYN-100,50% 2mL,Injection,IV,vial,Electrolyte,False,2-8C
