id,hospital_id,partner_hospital_id,relationship_type,status
81df62f9-4d75-4caa-a9f7-f893e1c35b50,920ef48e-37f7-4885-9e7f-ef5f2970a521,e9ce1e40-149e-4ce9-9fa9-805e7fe159fa,RECIPROCAL,ACTIVE
4b98af37-57da-46f6-8bcf-2b95e762274e,920ef48e-37f7-4885-9e7f-ef5f2970a521,08edb0d0-edbf-44ce-9d32-b74a11e02048,RECIPROCAL,ACTIVE
f21bca08-d41d-41bd-bfb5-2456d19423df,920ef48e-37f7-4885-9e7f-ef5f2970a521,a7373a90-b4e1-4e4c-8f0b-7ad06a9fa600,RECIPROCAL,ACTIVE
6a4373e8-c560-4341-9b05-16acdf5b4738,e9ce1e40-149e-4ce9-9fa9-805e7fe159fa,e3bbe120-0a9b-4cd8-b137-17f5c377e253,RECIPROCAL,ACTIVE
4e50c6e9-33df-44c6-8318-4d692ff3c5ff,e9ce1e40-149e-4ce9-9fa9-805e7fe159fa,08edb0d0-edbf-44ce-9d32-b74a11e02048,RECIPROCAL,ACTIVE
6b1db969-6213-41ba-a43d-001844f52ae5,e9ce1e40-149e-4ce9-9fa9-805e7fe159fa,a7373a90-b4e1-4e4c-8f0b-7ad06a9fa600,RECIPROCAL,ACTIVE
7dceeb52-e81c-4cce-b67d-f07f4ad9b6cb,e3bbe120-0a9b-4cd8-b137-17f5c377e253,08edb0d0-edbf-44ce-9d32-b74a11e02048,RECIPROCAL,ACTIVE
5f81edc1-3270-4f86-8c29-2995430b9061,e3bbe120-0a9b-4cd8-b137-17f5c377e253,a7373a90-b4e1-4e4c-8f0b-7ad06a9fa600,RECIPROCAL,ACTIVE
a3af9c2b-ea90-4be1-885b-4c94532128ed,e3bbe120-0a9b-4cd8-b137-17f5c377e253,85ae4cf3-51bf-45d7-8011-bb994eb602a6,RECIPROCAL,ACTIVE
675c8a7d-f563-48d7-a93a-7c99744f9e48,e3bbe120-0a9b-4cd8-b137-17f5c377e253,9454a900-be26-4a3d-ad53-b449210cffb4,RECIPROCAL,ACTIVE
0b064ec7-930f-4aa9-a2f0-38844241d6b7,08edb0d0-edbf-44ce-9d32-b74a11e02048,85ae4cf3-51bf-45d7-8011-bb994eb602a6,RECIPROCAL,ACTIVE
73b43142-007c-447e-ab95-76dc2be1e33d,08edb0d0-edbf-44ce-9d32-b74a11e02048,9454a900-be26-4a3d-ad53-b449210cffb4,RECIPROCAL,ACTIVE
627f0d5b-9017-4df7-8692-4edfa3b34bae,08edb0d0-edbf-44ce-9d32-b74a11e02048,0d84597b-6ea1-4332-bd4a-8451cde06855,RECIPROCAL,ACTIVE
6f0ba511-fe40-455e-b95f-cb89d35614c7,85ae4cf3-51bf-45d7-8011-bb994eb602a6,9454a900-be26-4a3d-ad53-b449210cffb4,RECIPROCAL,ACTIVE
2054cb78-81b1-4bb7-b9e4-a7b272ebac7e,9454a900-be26-4a3d-ad53-b449210cffb4,0d84597b-6ea1-4332-bd4a-8451cde06855,RECIPROCAL,ACTIVE
