id,hospital_id,medicine_id,supplier_id,recommended_quantity,recommended_order_date,expected_delivery_date,urgency,reason,expected_cost,expected_stockout_reduction,confidence_score,status
86c610f3-da07-441e-9184-b5a5adfefc6c,920ef48e-37f7-4885-9e7f-ef5f2970a521,33e37cdb-690b-4dd6-aa0b-3e189bf6bc51,43b13eff-affb-4e79-a137-2d676513f12b,970.0,2026-10-08,2026-10-13,HIGH,Forecast demand exceeds usable stock within supplier lead time; DOS=0.0 days.,486799.1,12.12,0.8794,PENDING
fb0f353c-b250-42fd-b348-ccdc867462dc,920ef48e-37f7-4885-9e7f-ef5f2970a521,c51619a8-ba83-483f-9b52-064f926d96a2,85ba89f5-0cbe-423d-9b09-8edf117efeb7,1090.0,2026-10-08,2026-10-13,HIGH,Forecast demand exceeds usable stock within supplier lead time; DOS=0.0 days.,148572.13,12.08,0.7809,PENDING
dc421a7b-9471-452d-8f86-e9db16b521a8,920ef48e-37f7-4885-9e7f-ef5f2970a521,b3163dc0-3ac7-41cc-b4fc-244bcbe446ad,41e5f347-011f-49c8-a809-9ebc6ef93e37,460.0,2026-10-08,2026-10-16,HIGH,Forecast demand exceeds usable stock within supplier lead time; DOS=1.9 days.,267748.28,13.09,0.8158,PENDING
e1ea36c8-b255-4990-a710-74f1e4c63129,920ef48e-37f7-4885-9e7f-ef5f2970a521,b261960f-23be-4297-9c50-f27ceac7eedb,e6d69402-090c-458e-ab40-7589f32bf4bf,460.0,2026-10-08,2026-10-13,HIGH,Forecast demand exceeds usable stock within supplier lead time; DOS=0.0 days.,75520.45,12.21,0.9338,PENDING
62737ec4-6321-4e1f-b07a-4e8c4a9cc6a3,920ef48e-37f7-4885-9e7f-ef5f2970a521,4bd504ed-a1c0-48c9-bff0-b66723a5f08d,e692d4b3-4456-49eb-87f5-ee22fc6e4200,920.0,2026-10-08,2026-10-17,CRITICAL,Forecast demand exceeds usable stock within supplier lead time; DOS=0.6 days.,351581.35,16.02,0.8521,PENDING
b25b234e-a1d4-497e-92b1-91be4d07168a,920ef48e-37f7-4885-9e7f-ef5f2970a521,f1b95f47-94a2-4979-a411-02444c727d3e,e6d69402-090c-458e-ab40-7589f32bf4bf,770.0,2026-10-08,2026-10-12,HIGH,Forecast demand exceeds usable stock within supplier lead time; DOS=0.0 days.,282336.52,11.13,0.8288,PENDING
e861151c-bfe4-447f-a6b4-7eb8be1eb01b,920ef48e-37f7-4885-9e7f-ef5f2970a521,58bf12e5-ee8a-4194-a34c-aa820079144d,8a3cc937-5d2e-4b04-b961-e6372fb37757,810.0,2026-10-08,2026-10-16,HIGH,Forecast demand exceeds usable stock within supplier lead time; DOS=0.0 days.,337273.18,15.17,0.8332,PENDING
a50abec6-582d-4ee7-9d3b-9e4374e1a42c,920ef48e-37f7-4885-9e7f-ef5f2970a521,2cd10b6d-063e-4f55-a0b6-37edb93b63a6,1400ecad-7beb-4557-b782-a9b67dbfa3ea,1160.0,2026-10-08,2026-10-17,HIGH,Forecast demand exceeds usable stock within supplier lead time; DOS=0.0 days.,875684.67,16.11,0.897,PENDING
51d7730f-a405-464d-9f00-09aeaeb6d99a,920ef48e-37f7-4885-9e7f-ef5f2970a521,573f39b9-7855-4b4d-8a9e-14a5e9d8b2cd,b55d3c34-369b-4934-9015-9e38109b79f2,780.0,2026-10-08,2026-10-17,CRITICAL,Forecast demand exceeds usable stock within supplier lead time; DOS=0.0 days.,306519.99,16.03,0.9171,PENDING
18713745-b9fe-4979-a811-3748e59de53d,920ef48e-37f7-4885-9e7f-ef5f2970a521,13cd9912-56bb-4721-abb1-986f20a370cb,b55d3c34-369b-4934-9015-9e38109b79f2,800.0,2026-10-08,2026-10-12,HIGH,Forecast demand exceeds usable stock within supplier lead time; DOS=0.0 days.,423609.5,11.11,0.8797,PENDING
59e9bbb7-9986-4676-8de5-b03c0608effa,920ef48e-37f7-4885-9e7f-ef5f2970a521,3a19d3ca-1898-4db4-b347-55af1376c897,e692d4b3-4456-49eb-87f5-ee22fc6e4200,1380.0,2026-10-08,2026-10-17,HIGH,Forecast demand exceeds usable stock within supplier lead time; DOS=0.0 days.,1049234.49,16.07,0.8314,PENDING
2d3a6072-9564-4a61-a693-8c8fe7552d3f,920ef48e-37f7-4885-9e7f-ef5f2970a521,522740d6-f3db-4ac1-a547-6b62598fe57f,43b13eff-affb-4e79-a137-2d676513f12b,1430.0,2026-10-08,2026-10-16,HIGH,Forecast demand exceeds usable stock within supplier lead time; DOS=0.0 days.,956736.96,15.06,0.9184,PENDING
4602387c-c210-4442-8278-3cf317519a14,920ef48e-37f7-4885-9e7f-ef5f2970a521,6989db76-adcc-4a3d-b3c0-61fb496a0f5d,b55d3c34-369b-4934-9015-9e38109b79f2,850.0,2026-10-08,2026-10-15,HIGH,Forecast demand exceeds usable stock within supplier lead time; DOS=0.0 days.,307962.69,14.11,0.7856,PENDING
dd30e3af-4cf7-43a4-b03d-b406b17ea319,920ef48e-37f7-4885-9e7f-ef5f2970a521,cf8bc62c-4d72-4142-8ab6-03524280a750,e6d69402-090c-458e-ab40-7589f32bf4bf,1570.0,2026-10-08,2026-10-14,HIGH,Forecast demand exceeds usable stock within supplier lead time; DOS=0.0 days.,1351844.7,13.08,0.8367,PENDING
8a4c2b06-5e89-4f9c-abfd-8310cb235bd1,920ef48e-37f7-4885-9e7f-ef5f2970a521,2c10bfc8-d106-4422-b38f-e414215c8def,41e5f347-011f-49c8-a809-9ebc6ef93e37,970.0,2026-10-08,2026-10-16,HIGH,Forecast demand exceeds usable stock within supplier lead time; DOS=3.1 days.,667581.91,11.91,0.9585,PENDING
c42feeeb-b3b8-400b-8285-91e82dedb7bf,920ef48e-37f7-4885-9e7f-ef5f2970a521,1640337f-9614-4c3f-bda8-20c0eb4c6bce,85ba89f5-0cbe-423d-9b09-8edf117efeb7,980.0,2026-10-08,2026-10-12,HIGH,Forecast demand exceeds usable stock within supplier lead time; DOS=0.0 days.,725111.45,11.08,0.7759,PENDING
a86398dc-5239-4bd9-91b0-d4d893aa00db,920ef48e-37f7-4885-9e7f-ef5f2970a521,e3420e6d-9ba0-43de-991d-15b61159daa1,8a3cc937-5d2e-4b04-b961-e6372fb37757,100.0,2026-10-08,2026-10-14,CRITICAL,Forecast demand exceeds usable stock within supplier lead time; DOS=0.0 days.,10036.12,13.25,0.8742,PENDING
ff55d3cb-4884-4e34-b2d4-e28b76bde7c1,920ef48e-37f7-4885-9e7f-ef5f2970a521,378ef267-9155-41bc-a431-7c700c1731e3,e692d4b3-4456-49eb-87f5-ee22fc6e4200,1130.0,2026-10-08,2026-10-12,HIGH,Forecast demand exceeds usable stock within supplier lead time; DOS=2.0 days.,642346.01,11.06,0.8144,PENDING
a8b8283e-d56d-41d7-ac3e-42e0604e55f7,920ef48e-37f7-4885-9e7f-ef5f2970a521,24bad869-7045-4954-b58f-10edc0407e69,301e3cd3-c948-49e9-add4-e8080a9fab7f,990.0,2026-10-08,2026-10-17,HIGH,Forecast demand exceeds usable stock within supplier lead time; DOS=0.0 days.,73223.78,16.09,0.9269,PENDING
918c79d8-f683-4615-a6c0-587ee69ecfb2,920ef48e-37f7-4885-9e7f-ef5f2970a521,27bdd8c0-778d-42ea-ae25-964ce81e391d,e6d69402-090c-458e-ab40-7589f32bf4bf,850.0,2026-10-08,2026-10-14,CRITICAL,Forecast demand exceeds usable stock within supplier lead time; DOS=0.0 days.,291257.73,13.1,0.7804,PENDING
76905b08-0eac-4e25-b9b0-41f46c411548,920ef48e-37f7-4885-9e7f-ef5f2970a521,4f7512b2-6b9d-434f-807e-2fc43528691e,301e3cd3-c948-49e9-add4-e8080a9fab7f,810.0,2026-10-08,2026-10-12,HIGH,Forecast demand exceeds usable stock within supplier lead time; DOS=0.0 days.,606215.35,11.03,0.9139,PENDING
947430f5-0dd1-49fc-8968-d2e4d231b3db,920ef48e-37f7-4885-9e7f-ef5f2970a521,e5b7da92-602a-4a8f-9b36-3acfc3414ba7,85ba89f5-0cbe-423d-9b09-8edf117efeb7,960.0,2026-10-08,2026-10-13,HIGH,Forecast demand exceeds usable stock within supplier lead time; DOS=0.0 days.,623023.32,12.03,0.82,PENDING
17711d3d-dcbe-4ee4-aff1-2dcd1757b0d6,920ef48e-37f7-4885-9e7f-ef5f2970a521,67f10774-4e14-4f09-90b6-00a732111449,85ba89f5-0cbe-423d-9b09-8edf117efeb7,770.0,2026-10-08,2026-10-14,HIGH,Forecast demand exceeds usable stock within supplier lead time; DOS=0.0 days.,582935.15,13.06,0.8538,PENDING
a5f1673a-f1fa-49c3-ade3-76b20f9c1b58,920ef48e-37f7-4885-9e7f-ef5f2970a521,ec00005f-8d61-4b61-825c-d8c696ae49aa,43b13eff-affb-4e79-a137-2d676513f12b,160.0,2026-10-08,2026-10-15,HIGH,Forecast demand exceeds usable stock within supplier lead time; DOS=0.0 days.,73073.93,14.21,0.9456,PENDING
bdd43f80-4c45-4dbd-bf82-f23f35383416,920ef48e-37f7-4885-9e7f-ef5f2970a521,a7d4d675-bb94-424a-b6e4-1709b9e91e6d,85ba89f5-0cbe-423d-9b09-8edf117efeb7,720.0,2026-10-08,2026-10-16,CRITICAL,Forecast demand exceeds usable stock within supplier lead time; DOS=0.0 days.,382532.19,15.14,0.8886,PENDING
602627af-8e94-4c0f-b360-7377eab8be5b,920ef48e-37f7-4885-9e7f-ef5f2970a521,fda2f8a3-95ba-4f42-97f3-dbce57a916f1,85ba89f5-0cbe-423d-9b09-8edf117efeb7,1020.0,2026-10-08,2026-10-14,HIGH,Forecast demand exceeds usable stock within supplier lead time; DOS=1.1 days.,46264.34,13.02,0.959,PENDING
a28441d8-4de7-47e2-91ef-549381a2d08f,920ef48e-37f7-4885-9e7f-ef5f2970a521,220f964e-a351-4ad0-827e-502f5ded939c,301e3cd3-c948-49e9-add4-e8080a9fab7f,250.0,2026-10-08,2026-10-17,HIGH,Forecast demand exceeds usable stock within supplier lead time; DOS=0.0 days.,80880.86,16.56,0.8005,PENDING
0c4e59a9-6477-480a-92f5-d9d854d90612,920ef48e-37f7-4885-9e7f-ef5f2970a521,8cb385ca-cfdc-404f-8298-512a7c8578b3,41e5f347-011f-49c8-a809-9ebc6ef93e37,200.0,2026-10-08,2026-10-16,HIGH,Forecast demand exceeds usable stock within supplier lead time; DOS=0.0 days.,158715.29,15.23,0.7645,PENDING
788f91be-2f6e-47e6-b025-151f6afa6a04,920ef48e-37f7-4885-9e7f-ef5f2970a521,3b4f2db0-078e-4414-849b-1ba2782649be,301e3cd3-c948-49e9-add4-e8080a9fab7f,320.0,2026-10-08,2026-10-16,CRITICAL,Forecast demand exceeds usable stock within supplier lead time; DOS=0.0 days.,192740.79,15.12,0.8832,PENDING
88cc9382-463f-4806-86ba-eacbe86d074d,920ef48e-37f7-4885-9e7f-ef5f2970a521,305d6d9c-7521-4f74-8c0d-0bf7d5af8dfd,41e5f347-011f-49c8-a809-9ebc6ef93e37,130.0,2026-10-08,2026-10-17,HIGH,Forecast demand exceeds usable stock within supplier lead time; DOS=0.0 days.,32779.98,16.46,0.8484,PENDING
2b90a370-f46f-410e-8487-a4a64cd20fa9,920ef48e-37f7-4885-9e7f-ef5f2970a521,cbb4966e-7bea-4df2-82bc-5fcfe9617ff8,1400ecad-7beb-4557-b782-a9b67dbfa3ea,400.0,2026-10-08,2026-10-12,HIGH,Forecast demand exceeds usable stock within supplier lead time; DOS=0.0 days.,16061.06,11.14,0.7717,PENDING
207a960a-988b-4418-a127-7b613f749f58,920ef48e-37f7-4885-9e7f-ef5f2970a521,ea61edd3-7fbd-4c08-b312-d866041879c2,41e5f347-011f-49c8-a809-9ebc6ef93e37,140.0,2026-10-08,2026-10-11,HIGH,Forecast demand exceeds usable stock within supplier lead time; DOS=0.0 days.,34232.75,10.56,0.8973,PENDING
a62b212e-b766-4285-87ae-aadee070a6d1,920ef48e-37f7-4885-9e7f-ef5f2970a521,1941089d-b192-4af2-b696-484fa9286d80,e6d69402-090c-458e-ab40-7589f32bf4bf,170.0,2026-10-08,2026-10-16,HIGH,Forecast demand exceeds usable stock within supplier lead time; DOS=0.0 days.,39939.27,15.27,0.7883,PENDING
8d168c44-f590-48c1-bb2c-fa57d4f970f1,920ef48e-37f7-4885-9e7f-ef5f2970a521,9c021848-0377-486f-a048-370334cce953,85ba89f5-0cbe-423d-9b09-8edf117efeb7,440.0,2026-10-08,2026-10-12,HIGH,Forecast demand exceeds usable stock within supplier lead time; DOS=0.0 days.,119632.44,11.08,0.8962,PENDING
e818f8b7-08e9-4fe7-8ab8-32ad53c0e7d9,920ef48e-37f7-4885-9e7f-ef5f2970a521,8e67a041-f702-4f16-b57b-c66dff30e18b,e692d4b3-4456-49eb-87f5-ee22fc6e4200,860.0,2026-10-08,2026-10-15,HIGH,Forecast demand exceeds usable stock within supplier lead time; DOS=0.0 days.,682163.75,14.09,0.7704,PENDING
60b23fdf-ed6e-4e2c-9de0-8ec46d18c8dc,920ef48e-37f7-4885-9e7f-ef5f2970a521,2f7de1c2-cb62-4261-83f5-d8323f438333,1400ecad-7beb-4557-b782-a9b67dbfa3ea,490.0,2026-10-08,2026-10-12,HIGH,Forecast demand exceeds usable stock within supplier lead time; DOS=0.0 days.,186444.66,11.07,0.8318,PENDING
0582f59e-3968-4814-9840-c7ede9d56f8b,e9ce1e40-149e-4ce9-9fa9-805e7fe159fa,67f10774-4e14-4f09-90b6-00a732111449,389d9f94-94f3-497d-9ad3-80b154c36b08,1610.0,2026-10-08,2026-10-16,HIGH,Forecast demand exceeds usable stock within supplier lead time; DOS=0.0 days.,953803.5,15.03,0.9001,PENDING
883f2365-083a-4ad6-832e-fb4d994a33d6,e9ce1e40-149e-4ce9-9fa9-805e7fe159fa,ceee2775-c68b-4199-9eb8-21746763c4ba,e692d4b3-4456-49eb-87f5-ee22fc6e4200,440.0,2026-10-08,2026-10-17,HIGH,Forecast demand exceeds usable stock within supplier lead time; DOS=0.0 days.,148243.82,16.3,0.9148,PENDING
bd4462dd-307c-42f1-a5db-21851fa6aec6,e9ce1e40-149e-4ce9-9fa9-805e7fe159fa,9d6f82ea-a6c1-4ee5-bd74-c517ba546a27,e6d69402-090c-458e-ab40-7589f32bf4bf,1340.0,2026-10-08,2026-10-14,HIGH,Forecast demand exceeds usable stock within supplier lead time; DOS=0.0 days.,656140.79,13.1,0.8971,PENDING
d17e81d9-5850-4378-8571-b3dbe964c0ea,e9ce1e40-149e-4ce9-9fa9-805e7fe159fa,16d1b73f-8881-425f-82b2-7ab4974b08ef,8a3cc937-5d2e-4b04-b961-e6372fb37757,900.0,2026-10-08,2026-10-13,HIGH,Forecast demand exceeds usable stock within supplier lead time; DOS=0.0 days.,718095.67,12.12,0.8489,PENDING
0ec04699-be79-43e1-9f52-d7ee820ec39f,e9ce1e40-149e-4ce9-9fa9-805e7fe159fa,9f081f26-ba8d-47d6-870e-ca0ca1cae51f,85ba89f5-0cbe-423d-9b09-8edf117efeb7,690.0,2026-10-08,2026-10-16,CRITICAL,Forecast demand exceeds usable stock within supplier lead time; DOS=0.0 days.,464685.71,15.12,0.9363,PENDING
307f5491-4ce4-47ac-802a-641a561cc408,e9ce1e40-149e-4ce9-9fa9-805e7fe159fa,2cd10b6d-063e-4f55-a0b6-37edb93b63a6,85ba89f5-0cbe-423d-9b09-8edf117efeb7,1230.0,2026-10-08,2026-10-17,HIGH,Forecast demand exceeds usable stock within supplier lead time; DOS=0.0 days.,367868.7,16.1,0.908,PENDING
d4d16f27-5931-4c99-ae3f-714dc1a23ec1,e9ce1e40-149e-4ce9-9fa9-805e7fe159fa,cbb4966e-7bea-4df2-82bc-5fcfe9617ff8,e6d69402-090c-458e-ab40-7589f32bf4bf,300.0,2026-10-08,2026-10-12,HIGH,Forecast demand exceeds usable stock within supplier lead time; DOS=0.0 days.,133021.35,11.06,0.7878,PENDING
42f59cb7-7c58-492a-9bb5-385c41c5c462,e9ce1e40-149e-4ce9-9fa9-805e7fe159fa,3e8ecc15-190b-4bcd-a7fd-92ec541c75f4,e6d69402-090c-458e-ab40-7589f32bf4bf,500.0,2026-10-08,2026-10-13,CRITICAL,Forecast demand exceeds usable stock within supplier lead time; DOS=0.0 days.,244554.26,12.04,0.9254,PENDING
1c8a34e6-e202-4d73-95ea-e983e51f84dd,e9ce1e40-149e-4ce9-9fa9-805e7fe159fa,24856ba7-ab81-4f22-985e-e30a3b9397cb,8a3cc937-5d2e-4b04-b961-e6372fb37757,450.0,2026-10-08,2026-10-17,HIGH,Forecast demand exceeds usable stock within supplier lead time; DOS=0.0 days.,13823.76,16.15,0.9555,PENDING
41460d29-6067-4588-a0ca-797f68e335ba,e9ce1e40-149e-4ce9-9fa9-805e7fe159fa,063be93d-6835-4b65-a8a1-c36e83278d83,301e3cd3-c948-49e9-add4-e8080a9fab7f,950.0,2026-10-08,2026-10-17,CRITICAL,Forecast demand exceeds usable stock within supplier lead time; DOS=0.0 days.,365291.78,16.15,0.9429,PENDING
48161809-3531-41ed-90fe-c8b36b4d2622,e9ce1e40-149e-4ce9-9fa9-805e7fe159fa,6cbb6f57-d6cb-41b0-aca5-9ea4e8c5be47,e692d4b3-4456-49eb-87f5-ee22fc6e4200,360.0,2026-10-08,2026-10-17,HIGH,Forecast demand exceeds usable stock within supplier lead time; DOS=0.0 days.,135368.79,16.15,0.7684,PENDING
ed2ab157-3a49-41cf-852d-4dabc7ebf39a,e9ce1e40-149e-4ce9-9fa9-805e7fe159fa,43110ae2-2c0b-4654-936a-72afad56219d,e6d69402-090c-458e-ab40-7589f32bf4bf,350.0,2026-10-08,2026-10-14,HIGH,Forecast demand exceeds usable stock within supplier lead time; DOS=0.0 days.,89525.06,13.36,0.8484,PENDING
e3ff6823-1d80-4b4b-b356-88631c6fde31,e9ce1e40-149e-4ce9-9fa9-805e7fe159fa,ec00005f-8d61-4b61-825c-d8c696ae49aa,e6d69402-090c-458e-ab40-7589f32bf4bf,270.0,2026-10-08,2026-10-14,HIGH,Forecast demand exceeds usable stock within supplier lead time; DOS=0.0 days.,88540.6,13.24,0.8232,PENDING
ada7af5f-beee-491e-b620-947e6a343fe3,e9ce1e40-149e-4ce9-9fa9-805e7fe159fa,be0b42c5-6bfe-48dc-8f33-e20d29d25a48,41e5f347-011f-49c8-a809-9ebc6ef93e37,1220.0,2026-10-08,2026-10-13,HIGH,Forecast demand exceeds usable stock within supplier lead time; DOS=2.1 days.,212725.43,12.03,0.8358,PENDING
911bafce-c445-4dd1-b220-5a4b757f3556,e9ce1e40-149e-4ce9-9fa9-805e7fe159fa,f00273a7-acae-43ae-a0b4-b85c0ed6d4d3,389d9f94-94f3-497d-9ad3-80b154c36b08,900.0,2026-10-08,2026-10-12,HIGH,Forecast demand exceeds usable stock within supplier lead time; DOS=0.0 days.,293057.79,11.07,0.9525,PENDING
693eca82-1837-45e4-9c57-1e400791b449,e9ce1e40-149e-4ce9-9fa9-805e7fe159fa,fdd23e22-960c-4a44-af67-60d832b98217,85ba89f5-0cbe-423d-9b09-8edf117efeb7,1050.0,2026-10-08,2026-10-14,HIGH,Forecast demand exceeds usable stock within supplier lead time; DOS=0.0 days.,219472.55,13.07,0.888,PENDING
3ca9e760-a0a2-426b-8a9b-e7c778f10cd1,e9ce1e40-149e-4ce9-9fa9-805e7fe159fa,ebb48eae-a1ef-4da9-8ae1-b2f70e717661,b55d3c34-369b-4934-9015-9e38109b79f2,1090.0,2026-10-08,2026-10-16,HIGH,Forecast demand exceeds usable stock within supplier lead time; DOS=0.0 days.,590485.57,15.01,0.8336,PENDING
d7b69569-cf12-46d6-993c-4dc327fbb997,e9ce1e40-149e-4ce9-9fa9-805e7fe159fa,831a67ea-b75d-494e-8ba6-e91b1b1eae6e,301e3cd3-c948-49e9-add4-e8080a9fab7f,420.0,2026-10-08,2026-10-14,HIGH,Forecast demand exceeds usable stock within supplier lead time; DOS=0.0 days.,46262.86,13.15,0.7956,PENDING
6eff5706-f239-4ea6-9f65-302e873e52b6,e9ce1e40-149e-4ce9-9fa9-805e7fe159fa,061b886b-98ed-480e-9810-63995f2f47ed,e692d4b3-4456-49eb-87f5-ee22fc6e4200,540.0,2026-10-08,2026-10-13,HIGH,Forecast demand exceeds usable stock within supplier lead time; DOS=0.0 days.,428241.32,12.11,0.9338,PENDING
465df53d-16a7-4558-9ae1-09734a1bb00d,e9ce1e40-149e-4ce9-9fa9-805e7fe159fa,2aceb2a6-c859-4f95-a238-9ad796b698fa,301e3cd3-c948-49e9-add4-e8080a9fab7f,720.0,2026-10-08,2026-10-15,HIGH,Forecast demand exceeds usable stock within supplier lead time; DOS=0.0 days.,234246.38,14.12,0.858,PENDING
74b08d0c-9fce-409e-b5c6-9ed8bee39c7a,e9ce1e40-149e-4ce9-9fa9-805e7fe159fa,01d77a5e-a466-4d48-b24b-31edb500e5fa,e6d69402-090c-458e-ab40-7589f32bf4bf,710.0,2026-10-08,2026-10-15,HIGH,Forecast demand exceeds usable stock within supplier lead time; DOS=0.0 days.,440270.41,14.0,0.8422,PENDING
2ff70eb1-ce8a-4aaf-9252-96060fa40620,e9ce1e40-149e-4ce9-9fa9-805e7fe159fa,4bd504ed-a1c0-48c9-bff0-b66723a5f08d,b55d3c34-369b-4934-9015-9e38109b79f2,710.0,2026-10-08,2026-10-14,HIGH,Forecast demand exceeds usable stock within supplier lead time; DOS=0.0 days.,447133.82,13.15,0.816,PENDING
070f1bc6-5f2f-41c1-867e-b9870d7231dd,e9ce1e40-149e-4ce9-9fa9-805e7fe159fa,0eecbfea-7628-487c-b590-fece2c687e7a,b55d3c34-369b-4934-9015-9e38109b79f2,270.0,2026-10-08,2026-10-12,HIGH,Forecast demand exceeds usable stock within supplier lead time; DOS=0.0 days.,186386.22,11.18,0.8574,PENDING
caca6d35-4409-4291-8691-0e290c40a8e4,e9ce1e40-149e-4ce9-9fa9-805e7fe159fa,97a16fda-9cba-4dc2-8770-0b5104c507d2,8a3cc937-5d2e-4b04-b961-e6372fb37757,250.0,2026-10-08,2026-10-16,CRITICAL,Forecast demand exceeds usable stock within supplier lead time; DOS=0.0 days.,73821.98,15.6,0.8623,PENDING
558c3e1c-b7d3-4da7-8281-944db392ba4c,e9ce1e40-149e-4ce9-9fa9-805e7fe159fa,1d534fd0-ecdb-47f7-8df1-911899944ac3,8a3cc937-5d2e-4b04-b961-e6372fb37757,430.0,2026-10-08,2026-10-16,HIGH,Forecast demand exceeds usable stock within supplier lead time; DOS=0.0 days.,149060.23,15.06,0.7892,PENDING
1f6902a7-eb77-4557-bca2-fbbd42084583,e9ce1e40-149e-4ce9-9fa9-805e7fe159fa,1941089d-b192-4af2-b696-484fa9286d80,e6d69402-090c-458e-ab40-7589f32bf4bf,180.0,2026-10-08,2026-10-17,HIGH,Forecast demand exceeds usable stock within supplier lead time; DOS=0.0 days.,91874.28,16.22,0.8212,PENDING
6accd569-12aa-475d-8f54-d5ea658f4576,e9ce1e40-149e-4ce9-9fa9-805e7fe159fa,70745aec-f24f-4b18-807e-6adb80d01ba0,8a3cc937-5d2e-4b04-b961-e6372fb37757,700.0,2026-10-08,2026-10-17,HIGH,Forecast demand exceeds usable stock within supplier lead time; DOS=0.0 days.,373323.57,16.13,0.7947,PENDING
ac092d55-272d-4b14-92c7-2d8ffbee998e,e9ce1e40-149e-4ce9-9fa9-805e7fe159fa,4fda6990-76da-4515-8f85-4b5ce64dd1ce,8a3cc937-5d2e-4b04-b961-e6372fb37757,1310.0,2026-10-08,2026-10-14,CRITICAL,Forecast demand exceeds usable stock within supplier lead time; DOS=0.0 days.,146808.45,13.08,0.9166,PENDING
61290cfb-d23c-46c2-9625-a78f3b5bbc6a,e9ce1e40-149e-4ce9-9fa9-805e7fe159fa,f1b95f47-94a2-4979-a411-02444c727d3e,1400ecad-7beb-4557-b782-a9b67dbfa3ea,930.0,2026-10-08,2026-10-16,HIGH,Forecast demand exceeds usable stock within supplier lead time; DOS=0.0 days.,337809.98,15.08,0.9441,PENDING
c0055f02-5e24-4c3d-a9cf-7101cccab96c,e9ce1e40-149e-4ce9-9fa9-805e7fe159fa,3a19d3ca-1898-4db4-b347-55af1376c897,85ba89f5-0cbe-423d-9b09-8edf117efeb7,530.0,2026-10-08,2026-10-12,HIGH,Forecast demand exceeds usable stock within supplier lead time; DOS=0.0 days.,68995.9,11.11,0.7954,PENDING
d892b293-aa98-4278-b3e7-ee5b96122077,e9ce1e40-149e-4ce9-9fa9-805e7fe159fa,24d1b68c-2a5b-464e-bb4e-c1071b3b4f3d,85ba89f5-0cbe-423d-9b09-8edf117efeb7,200.0,2026-10-08,2026-10-15,HIGH,Forecast demand exceeds usable stock within supplier lead time; DOS=0.0 days.,109471.91,14.35,0.8476,PENDING
60fc5b99-7e5b-4a89-862a-a879ed15bdcc,e3bbe120-0a9b-4cd8-b137-17f5c377e253,58bf12e5-ee8a-4194-a34c-aa820079144d,41e5f347-011f-49c8-a809-9ebc6ef93e37,530.0,2026-10-08,2026-10-15,HIGH,Forecast demand exceeds usable stock within supplier lead time; DOS=0.0 days.,33631.41,14.01,0.8415,PENDING
5f000fe8-f0c8-4d7f-80da-0c535b685694,e3bbe120-0a9b-4cd8-b137-17f5c377e253,24db962d-9a6b-4de6-982b-b719e504efb9,85ba89f5-0cbe-423d-9b09-8edf117efeb7,660.0,2026-10-08,2026-10-14,HIGH,Forecast demand exceeds usable stock within supplier lead time; DOS=0.0 days.,424389.1,13.03,0.9157,PENDING
e77040fa-4f5c-4b80-84e6-f7757fb04b13,e3bbe120-0a9b-4cd8-b137-17f5c377e253,3e6ecca3-9ad1-49a9-ad9a-5509b28de79d,41e5f347-011f-49c8-a809-9ebc6ef93e37,680.0,2026-10-08,2026-10-12,HIGH,Forecast demand exceeds usable stock within supplier lead time; DOS=0.0 days.,502976.0,11.12,0.8986,PENDING
6d8adbfd-2daa-4e30-b058-5c7cbb81fb79,e3bbe120-0a9b-4cd8-b137-17f5c377e253,d6c64038-55ae-44a3-863b-be781e1a4649,85ba89f5-0cbe-423d-9b09-8edf117efeb7,60.0,2026-10-08,2026-10-15,HIGH,Forecast demand exceeds usable stock within supplier lead time; DOS=0.0 days.,8193.15,14.63,0.776,PENDING
577a981c-12d2-4ecd-b5b4-c82cca25789f,e3bbe120-0a9b-4cd8-b137-17f5c377e253,1640337f-9614-4c3f-bda8-20c0eb4c6bce,41e5f347-011f-49c8-a809-9ebc6ef93e37,1020.0,2026-10-08,2026-10-16,HIGH,Forecast demand exceeds usable stock within supplier lead time; DOS=0.0 days.,815939.56,15.08,0.9314,PENDING
1c3e7abd-1a8d-4605-bc36-855277e216f8,e3bbe120-0a9b-4cd8-b137-17f5c377e253,cf8bc62c-4d72-4142-8ab6-03524280a750,41e5f347-011f-49c8-a809-9ebc6ef93e37,1290.0,2026-10-08,2026-10-12,HIGH,Forecast demand exceeds usable stock within supplier lead time; DOS=0.0 days.,768349.61,11.04,0.8405,PENDING
913f2977-64b3-47f6-8124-0d51e8bfa946,e3bbe120-0a9b-4cd8-b137-17f5c377e253,b699a59a-a0ec-49d9-b327-482e55347adf,43b13eff-affb-4e79-a137-2d676513f12b,940.0,2026-10-08,2026-10-15,HIGH,Forecast demand exceeds usable stock within supplier lead time; DOS=4.1 days.,236421.19,14.11,0.9299,PENDING
8d1508cc-b8f0-4cd5-8970-886e708c496e,e3bbe120-0a9b-4cd8-b137-17f5c377e253,67f10774-4e14-4f09-90b6-00a732111449,8a3cc937-5d2e-4b04-b961-e6372fb37757,810.0,2026-10-08,2026-10-12,HIGH,Forecast demand exceeds usable stock within supplier lead time; DOS=0.0 days.,126145.93,11.01,0.8937,PENDING
532e9354-16c9-45ff-b4d8-91d18605636a,e3bbe120-0a9b-4cd8-b137-17f5c377e253,d2219992-909f-48be-967e-2e3f1c3ddfa9,b55d3c34-369b-4934-9015-9e38109b79f2,200.0,2026-10-08,2026-10-17,HIGH,Forecast demand exceeds usable stock within supplier lead time; DOS=0.0 days.,77463.02,16.23,0.7701,PENDING
648f6185-9545-4259-9723-3238067e1856,e3bbe120-0a9b-4cd8-b137-17f5c377e253,1d534fd0-ecdb-47f7-8df1-911899944ac3,1400ecad-7beb-4557-b782-a9b67dbfa3ea,210.0,2026-10-08,2026-10-14,HIGH,Forecast demand exceeds usable stock within supplier lead time; DOS=0.0 days.,121735.21,13.12,0.9098,PENDING
a4f8c2e4-9c6c-444c-8749-e42d0ca631fb,e3bbe120-0a9b-4cd8-b137-17f5c377e253,522740d6-f3db-4ac1-a547-6b62598fe57f,389d9f94-94f3-497d-9ad3-80b154c36b08,1050.0,2026-10-08,2026-10-13,HIGH,Forecast demand exceeds usable stock within supplier lead time; DOS=0.0 days.,200617.33,12.1,0.8341,PENDING
89102c1d-c757-48f6-80b5-1f4a490dbbdb,e3bbe120-0a9b-4cd8-b137-17f5c377e253,573f39b9-7855-4b4d-8a9e-14a5e9d8b2cd,e6d69402-090c-458e-ab40-7589f32bf4bf,570.0,2026-10-08,2026-10-14,HIGH,Forecast demand exceeds usable stock within supplier lead time; DOS=1.3 days.,308654.25,11.79,0.7769,PENDING
c59c32ab-df7e-4a91-ab5d-2ffb03437df4,e3bbe120-0a9b-4cd8-b137-17f5c377e253,1b0a2521-7dda-4bed-8313-954689f28c33,43b13eff-affb-4e79-a137-2d676513f12b,130.0,2026-10-08,2026-10-12,HIGH,Forecast demand exceeds usable stock within supplier lead time; DOS=0.0 days.,19063.55,11.58,0.8671,PENDING
a44982ae-7bdc-4970-8616-f615d37ecb3b,e3bbe120-0a9b-4cd8-b137-17f5c377e253,e3420e6d-9ba0-43de-991d-15b61159daa1,e6d69402-090c-458e-ab40-7589f32bf4bf,170.0,2026-10-08,2026-10-16,CRITICAL,Forecast demand exceeds usable stock within supplier lead time; DOS=0.0 days.,36817.08,15.02,0.8614,PENDING
3c44ce29-d8bf-4844-9e91-87d76b52a390,e3bbe120-0a9b-4cd8-b137-17f5c377e253,3b4f2db0-078e-4414-849b-1ba2782649be,41e5f347-011f-49c8-a809-9ebc6ef93e37,380.0,2026-10-08,2026-10-15,CRITICAL,Forecast demand exceeds usable stock within supplier lead time; DOS=0.0 days.,341560.11,14.06,0.9518,PENDING
cc041fe5-e32c-4fc4-ba67-04badb0980ec,e3bbe120-0a9b-4cd8-b137-17f5c377e253,063be93d-6835-4b65-a8a1-c36e83278d83,e6d69402-090c-458e-ab40-7589f32bf4bf,910.0,2026-10-08,2026-10-14,CRITICAL,Forecast demand exceeds usable stock within supplier lead time; DOS=0.0 days.,39084.2,13.03,0.7629,PENDING
350a0732-e96f-48ca-9ae6-ac5303abccd4,e3bbe120-0a9b-4cd8-b137-17f5c377e253,b1b122eb-1ba2-4148-b9ac-5d21b2adf647,b55d3c34-369b-4934-9015-9e38109b79f2,640.0,2026-10-08,2026-10-12,HIGH,Forecast demand exceeds usable stock within supplier lead time; DOS=0.0 days.,542520.89,11.14,0.862,PENDING
50f887af-1917-49c3-86da-bddc65a3fdfa,e3bbe120-0a9b-4cd8-b137-17f5c377e253,24bad869-7045-4954-b58f-10edc0407e69,301e3cd3-c948-49e9-add4-e8080a9fab7f,480.0,2026-10-08,2026-10-13,HIGH,Forecast demand exceeds usable stock within supplier lead time; DOS=0.0 days.,204058.21,12.1,0.8711,PENDING
966c108e-8c57-4806-a4d0-818d4d3d4c60,e3bbe120-0a9b-4cd8-b137-17f5c377e253,fdd23e22-960c-4a44-af67-60d832b98217,e692d4b3-4456-49eb-87f5-ee22fc6e4200,1250.0,2026-10-08,2026-10-16,HIGH,Forecast demand exceeds usable stock within supplier lead time; DOS=0.0 days.,373181.16,15.09,0.8133,PENDING
1da690e7-df48-4454-8103-dd06ddfcff8f,e3bbe120-0a9b-4cd8-b137-17f5c377e253,6b615b69-ae0e-4f1b-a6dc-2d69233addaa,8a3cc937-5d2e-4b04-b961-e6372fb37757,930.0,2026-10-08,2026-10-12,HIGH,Forecast demand exceeds usable stock within supplier lead time; DOS=0.0 days.,811473.44,11.07,0.8878,PENDING
4cfe9c4e-ebd9-4781-95b4-0451ef0e752c,e3bbe120-0a9b-4cd8-b137-17f5c377e253,85b186aa-f3a1-45ba-8d0c-349f8a13c3d4,43b13eff-affb-4e79-a137-2d676513f12b,150.0,2026-10-08,2026-10-13,CRITICAL,Forecast demand exceeds usable stock within supplier lead time; DOS=0.0 days.,107940.8,12.26,0.8822,PENDING
1916b84e-73af-4575-8f70-f11f7b885887,e3bbe120-0a9b-4cd8-b137-17f5c377e253,b261960f-23be-4297-9c50-f27ceac7eedb,301e3cd3-c948-49e9-add4-e8080a9fab7f,470.0,2026-10-08,2026-10-14,HIGH,Forecast demand exceeds usable stock within supplier lead time; DOS=0.0 days.,168390.95,13.22,0.8915,PENDING
77006c2b-8423-46bf-a834-1ea3388a02dc,e3bbe120-0a9b-4cd8-b137-17f5c377e253,a197882a-31bc-40ba-be53-5a7c2f5930f7,e6d69402-090c-458e-ab40-7589f32bf4bf,910.0,2026-10-08,2026-10-14,CRITICAL,Forecast demand exceeds usable stock within supplier lead time; DOS=0.0 days.,438861.34,13.13,0.9241,PENDING
c50afc1c-866a-4525-a8d6-7138f42a3296,e3bbe120-0a9b-4cd8-b137-17f5c377e253,70745aec-f24f-4b18-807e-6adb80d01ba0,389d9f94-94f3-497d-9ad3-80b154c36b08,620.0,2026-10-08,2026-10-16,HIGH,Forecast demand exceeds usable stock within supplier lead time; DOS=0.0 days.,372574.86,15.11,0.8207,PENDING
07748f62-e21b-4a90-bbe0-bfb46a187350,e3bbe120-0a9b-4cd8-b137-17f5c377e253,f00273a7-acae-43ae-a0b4-b85c0ed6d4d3,43b13eff-affb-4e79-a137-2d676513f12b,770.0,2026-10-08,2026-10-13,HIGH,Forecast demand exceeds usable stock within supplier lead time; DOS=0.0 days.,186077.44,12.08,0.8136,PENDING
f8597d52-4136-49de-8610-4e0d3ab5d2df,e3bbe120-0a9b-4cd8-b137-17f5c377e253,378ef267-9155-41bc-a431-7c700c1731e3,43b13eff-affb-4e79-a137-2d676513f12b,1370.0,2026-10-08,2026-10-14,HIGH,Forecast demand exceeds usable stock within supplier lead time; DOS=0.0 days.,1086335.86,13.04,0.8424,PENDING
df980e93-6331-4cff-a8a4-5cf6ffdc91af,e3bbe120-0a9b-4cd8-b137-17f5c377e253,9d6f82ea-a6c1-4ee5-bd74-c517ba546a27,85ba89f5-0cbe-423d-9b09-8edf117efeb7,740.0,2026-10-08,2026-10-12,HIGH,Forecast demand exceeds usable stock within supplier lead time; DOS=0.0 days.,339636.72,11.1,0.8453,PENDING
deb8730d-394e-4054-9ff1-8e22ff8cf65b,e3bbe120-0a9b-4cd8-b137-17f5c377e253,0eecbfea-7628-487c-b590-fece2c687e7a,43b13eff-affb-4e79-a137-2d676513f12b,220.0,2026-10-08,2026-10-12,HIGH,Forecast demand exceeds usable stock within supplier lead time; DOS=1.9 days.,167104.73,9.38,0.9091,PENDING
62ef64e9-dda1-4b00-ae43-a6871a0000cb,e3bbe120-0a9b-4cd8-b137-17f5c377e253,ca8399a1-143e-4717-be95-7836c2f21dcb,41e5f347-011f-49c8-a809-9ebc6ef93e37,140.0,2026-10-08,2026-10-15,HIGH,Forecast demand exceeds usable stock within supplier lead time; DOS=0.0 days.,8788.35,14.66,0.8748,PENDING
8ca99158-a950-438d-a039-bd25f408f48b,e3bbe120-0a9b-4cd8-b137-17f5c377e253,a88fd15f-1bbb-4271-941e-899867a89583,389d9f94-94f3-497d-9ad3-80b154c36b08,1140.0,2026-10-08,2026-10-17,HIGH,Forecast demand exceeds usable stock within supplier lead time; DOS=9.0 days.,981508.1,16.13,0.824,PENDING
544f5527-0449-4991-9855-9aad474bd62d,e3bbe120-0a9b-4cd8-b137-17f5c377e253,4fda6990-76da-4515-8f85-4b5ce64dd1ce,1400ecad-7beb-4557-b782-a9b67dbfa3ea,1090.0,2026-10-08,2026-10-11,HIGH,Forecast demand exceeds usable stock within supplier lead time; DOS=2.8 days.,960390.25,10.04,0.904,PENDING
4ca34349-894b-484c-a54e-c7f50531b4d8,e3bbe120-0a9b-4cd8-b137-17f5c377e253,16d1b73f-8881-425f-82b2-7ab4974b08ef,41e5f347-011f-49c8-a809-9ebc6ef93e37,890.0,2026-10-08,2026-10-13,HIGH,Forecast demand exceeds usable stock within supplier lead time; DOS=0.0 days.,281891.25,12.13,0.9061,PENDING
d910be60-dd69-4300-95bc-15629f953fa3,e3bbe120-0a9b-4cd8-b137-17f5c377e253,97a16fda-9cba-4dc2-8770-0b5104c507d2,8a3cc937-5d2e-4b04-b961-e6372fb37757,330.0,2026-10-08,2026-10-15,CRITICAL,Forecast demand exceeds usable stock within supplier lead time; DOS=0.0 days.,184786.14,14.25,0.9437,PENDING
81efde31-cfdd-44fc-8271-f9dd6ad79393,e3bbe120-0a9b-4cd8-b137-17f5c377e253,24856ba7-ab81-4f22-985e-e30a3b9397cb,41e5f347-011f-49c8-a809-9ebc6ef93e37,650.0,2026-10-08,2026-10-17,HIGH,Forecast demand exceeds usable stock within supplier lead time; DOS=0.0 days.,290364.6,16.12,0.9407,PENDING
d5388e05-ac3c-4712-a705-d822482f1648,e3bbe120-0a9b-4cd8-b137-17f5c377e253,c037d58f-eb63-482e-81f7-b1f739423cdf,389d9f94-94f3-497d-9ad3-80b154c36b08,540.0,2026-10-08,2026-10-16,HIGH,Forecast demand exceeds usable stock within supplier lead time; DOS=0.0 days.,269198.85,15.01,0.8737,PENDING
ea02f612-0481-47d3-8986-2f9bdea39642,e3bbe120-0a9b-4cd8-b137-17f5c377e253,9f081f26-ba8d-47d6-870e-ca0ca1cae51f,e692d4b3-4456-49eb-87f5-ee22fc6e4200,1040.0,2026-10-08,2026-10-17,CRITICAL,Forecast demand exceeds usable stock within supplier lead time; DOS=0.0 days.,61419.47,16.05,0.791,PENDING
a2f852f2-54eb-4d45-a6cd-b53c952644cc,08edb0d0-edbf-44ce-9d32-b74a11e02048,43110ae2-2c0b-4654-936a-72afad56219d,8a3cc937-5d2e-4b04-b961-e6372fb37757,250.0,2026-10-08,2026-10-17,HIGH,Forecast demand exceeds usable stock within supplier lead time; DOS=0.0 days.,203738.94,16.15,0.8014,PENDING
a25483e7-3183-4716-b920-025552f3a422,08edb0d0-edbf-44ce-9d32-b74a11e02048,a7d4d675-bb94-424a-b6e4-1709b9e91e6d,b55d3c34-369b-4934-9015-9e38109b79f2,520.0,2026-10-08,2026-10-16,CRITICAL,Forecast demand exceeds usable stock within supplier lead time; DOS=0.0 days.,197687.19,15.01,0.8659,PENDING
ebe958cb-5939-44e2-8704-a352a873d96e,08edb0d0-edbf-44ce-9d32-b74a11e02048,ca8399a1-143e-4717-be95-7836c2f21dcb,43b13eff-affb-4e79-a137-2d676513f12b,150.0,2026-10-08,2026-10-12,HIGH,Forecast demand exceeds usable stock within supplier lead time; DOS=0.0 days.,131230.06,11.63,0.8099,PENDING
db378838-5de0-4d98-863c-be7c09a6dca3,08edb0d0-edbf-44ce-9d32-b74a11e02048,24bad869-7045-4954-b58f-10edc0407e69,85ba89f5-0cbe-423d-9b09-8edf117efeb7,600.0,2026-10-08,2026-10-12,HIGH,Forecast demand exceeds usable stock within supplier lead time; DOS=0.0 days.,370327.23,11.01,0.8618,PENDING
b713929d-42aa-4cfe-ad11-9fe9dffe3a63,08edb0d0-edbf-44ce-9d32-b74a11e02048,4fda6990-76da-4515-8f85-4b5ce64dd1ce,1400ecad-7beb-4557-b782-a9b67dbfa3ea,820.0,2026-10-08,2026-10-15,CRITICAL,Forecast demand exceeds usable stock within supplier lead time; DOS=0.0 days.,95163.8,14.17,0.9302,PENDING
d7717182-57e4-45af-9951-0d72b58f692b,08edb0d0-edbf-44ce-9d32-b74a11e02048,2cd10b6d-063e-4f55-a0b6-37edb93b63a6,41e5f347-011f-49c8-a809-9ebc6ef93e37,890.0,2026-10-08,2026-10-17,HIGH,Forecast demand exceeds usable stock within supplier lead time; DOS=0.0 days.,479306.24,16.01,0.9371,PENDING
9d848813-1f49-4be5-a64b-338a147dadc6,08edb0d0-edbf-44ce-9d32-b74a11e02048,9c06c388-c751-407e-9c97-3b46b1db5e7c,e6d69402-090c-458e-ab40-7589f32bf4bf,410.0,2026-10-08,2026-10-14,HIGH,Forecast demand exceeds usable stock within supplier lead time; DOS=0.0 days.,110695.51,13.25,0.7778,PENDING
a97eb6e2-474f-4096-a691-e5a34c3cca64,08edb0d0-edbf-44ce-9d32-b74a11e02048,2b376704-d06b-441d-a2bf-f0973873411c,389d9f94-94f3-497d-9ad3-80b154c36b08,840.0,2026-10-08,2026-10-16,HIGH,Forecast demand exceeds usable stock within supplier lead time; DOS=6.2 days.,189554.52,8.83,0.8634,PENDING
752d4eee-13e8-4cfe-9c9b-785aa19d47c5,08edb0d0-edbf-44ce-9d32-b74a11e02048,2c4e6d71-0152-4e82-9c16-bfc9c81ea55e,85ba89f5-0cbe-423d-9b09-8edf117efeb7,370.0,2026-10-08,2026-10-14,HIGH,Forecast demand exceeds usable stock within supplier lead time; DOS=0.0 days.,110513.77,13.15,0.8219,PENDING
36a846f3-05b6-455c-9595-7b9b54cc0fbb,08edb0d0-edbf-44ce-9d32-b74a11e02048,ea61edd3-7fbd-4c08-b312-d866041879c2,1400ecad-7beb-4557-b782-a9b67dbfa3ea,170.0,2026-10-08,2026-10-13,CRITICAL,Forecast demand exceeds usable stock within supplier lead time; DOS=0.0 days.,25235.86,12.23,0.8624,PENDING
4afc8dbc-cfd4-4f26-aca8-7c44f32524bb,08edb0d0-edbf-44ce-9d32-b74a11e02048,987c980e-f5ed-4388-b102-971ff25870b1,e692d4b3-4456-49eb-87f5-ee22fc6e4200,210.0,2026-10-08,2026-10-15,CRITICAL,Forecast demand exceeds usable stock within supplier lead time; DOS=0.0 days.,145330.77,14.09,0.7668,PENDING
4338b472-977a-46ed-897b-78ec178027eb,08edb0d0-edbf-44ce-9d32-b74a11e02048,3e6ecca3-9ad1-49a9-ad9a-5509b28de79d,389d9f94-94f3-497d-9ad3-80b154c36b08,980.0,2026-10-08,2026-10-13,HIGH,Forecast demand exceeds usable stock within supplier lead time; DOS=0.0 days.,513675.06,12.09,0.9235,PENDING
26931b38-210f-45c1-9d5d-99e9c5134b64,08edb0d0-edbf-44ce-9d32-b74a11e02048,8cb385ca-cfdc-404f-8298-512a7c8578b3,8a3cc937-5d2e-4b04-b961-e6372fb37757,270.0,2026-10-08,2026-10-14,HIGH,Forecast demand exceeds usable stock within supplier lead time; DOS=0.0 days.,135217.47,13.35,0.8576,PENDING
5de5ba4e-b94f-4821-b2dd-d69d3582ae92,08edb0d0-edbf-44ce-9d32-b74a11e02048,b8b41174-e4bb-41e0-8dc8-fbdaf9d470ec,389d9f94-94f3-497d-9ad3-80b154c36b08,390.0,2026-10-08,2026-10-14,CRITICAL,Forecast demand exceeds usable stock within supplier lead time; DOS=0.0 days.,89875.28,13.11,0.9422,PENDING
992d2f0c-e1da-4213-8552-d4ef7842dd93,08edb0d0-edbf-44ce-9d32-b74a11e02048,33e37cdb-690b-4dd6-aa0b-3e189bf6bc51,e692d4b3-4456-49eb-87f5-ee22fc6e4200,930.0,2026-10-08,2026-10-16,HIGH,Forecast demand exceeds usable stock within supplier lead time; DOS=0.0 days.,532355.1,15.09,0.9428,PENDING
62c3da65-d0e6-4ed9-b7ef-00ecfaac77b7,08edb0d0-edbf-44ce-9d32-b74a11e02048,a88fd15f-1bbb-4271-941e-899867a89583,389d9f94-94f3-497d-9ad3-80b154c36b08,670.0,2026-10-08,2026-10-12,HIGH,Forecast demand exceeds usable stock within supplier lead time; DOS=0.0 days.,47765.6,11.01,0.7715,PENDING
88ac42c7-611d-47ff-8a9d-5e61874b0ad9,08edb0d0-edbf-44ce-9d32-b74a11e02048,99f2ef21-d83e-4cde-a73a-10b587a903a3,e692d4b3-4456-49eb-87f5-ee22fc6e4200,470.0,2026-10-08,2026-10-14,HIGH,Forecast demand exceeds usable stock within supplier lead time; DOS=0.0 days.,170100.51,13.12,0.8448,PENDING
bd371277-3f23-4209-a71a-f6ec39ff2ddf,08edb0d0-edbf-44ce-9d32-b74a11e02048,b1b122eb-1ba2-4148-b9ac-5d21b2adf647,389d9f94-94f3-497d-9ad3-80b154c36b08,560.0,2026-10-08,2026-10-12,HIGH,Forecast demand exceeds usable stock within supplier lead time; DOS=0.0 days.,240534.17,11.14,0.8253,PENDING
e8b735b0-768b-45c7-9a56-8c29fb1a3132,08edb0d0-edbf-44ce-9d32-b74a11e02048,bd5b3f87-5b53-4347-ac00-12fb9d5cd5a6,1400ecad-7beb-4557-b782-a9b67dbfa3ea,80.0,2026-10-08,2026-10-16,HIGH,Forecast demand exceeds usable stock within supplier lead time; DOS=0.0 days.,19824.6,16.63,0.8875,PENDING
f62231b6-db50-487d-b9cf-1b73761fa584,08edb0d0-edbf-44ce-9d32-b74a11e02048,e3420e6d-9ba0-43de-991d-15b61159daa1,389d9f94-94f3-497d-9ad3-80b154c36b08,160.0,2026-10-08,2026-10-14,CRITICAL,Forecast demand exceeds usable stock within supplier lead time; DOS=0.0 days.,65346.2,13.27,0.9073,PENDING
baab0b80-3163-4fb3-98af-30545804fd64,08edb0d0-edbf-44ce-9d32-b74a11e02048,d039d8bd-44d3-44fc-a49f-83d1987d0b48,301e3cd3-c948-49e9-add4-e8080a9fab7f,1260.0,2026-10-08,2026-10-16,CRITICAL,Forecast demand exceeds usable stock within supplier lead time; DOS=0.0 days.,928318.57,15.0,0.9475,PENDING
7d8718c7-fce9-411a-acc8-79adb3b583d0,08edb0d0-edbf-44ce-9d32-b74a11e02048,ceee2775-c68b-4199-9eb8-21746763c4ba,1400ecad-7beb-4557-b782-a9b67dbfa3ea,310.0,2026-10-08,2026-10-12,HIGH,Forecast demand exceeds usable stock within supplier lead time; DOS=0.0 days.,212181.46,11.06,0.9596,PENDING
9cf1a679-624f-4719-89bf-c6356660bde8,08edb0d0-edbf-44ce-9d32-b74a11e02048,0073cc32-e309-402c-96aa-1fb03de469f1,301e3cd3-c948-49e9-add4-e8080a9fab7f,350.0,2026-10-08,2026-10-13,HIGH,Forecast demand exceeds usable stock within supplier lead time; DOS=0.0 days.,123095.85,12.33,0.768,PENDING
8e32e47c-649c-4ef5-acca-1894e62f96f9,08edb0d0-edbf-44ce-9d32-b74a11e02048,573f39b9-7855-4b4d-8a9e-14a5e9d8b2cd,b55d3c34-369b-4934-9015-9e38109b79f2,570.0,2026-10-08,2026-10-17,CRITICAL,Forecast demand exceeds usable stock within supplier lead time; DOS=0.0 days.,194925.43,16.23,0.8881,PENDING
be9f2cef-9c03-41ce-bf47-37ff1da9b6bd,08edb0d0-edbf-44ce-9d32-b74a11e02048,1941089d-b192-4af2-b696-484fa9286d80,e692d4b3-4456-49eb-87f5-ee22fc6e4200,160.0,2026-10-08,2026-10-16,HIGH,Forecast demand exceeds usable stock within supplier lead time; DOS=0.0 days.,113610.74,15.59,0.8511,PENDING
09281142-22a1-46bf-bbca-3dc8779ac556,08edb0d0-edbf-44ce-9d32-b74a11e02048,f00273a7-acae-43ae-a0b4-b85c0ed6d4d3,e692d4b3-4456-49eb-87f5-ee22fc6e4200,1380.0,2026-10-08,2026-10-14,HIGH,Forecast demand exceeds usable stock within supplier lead time; DOS=0.0 days.,520261.22,13.03,0.791,PENDING
2219ebfa-1b0e-44a5-98c3-3f1e2c47eec6,08edb0d0-edbf-44ce-9d32-b74a11e02048,9f081f26-ba8d-47d6-870e-ca0ca1cae51f,e692d4b3-4456-49eb-87f5-ee22fc6e4200,1310.0,2026-10-08,2026-10-16,CRITICAL,Forecast demand exceeds usable stock within supplier lead time; DOS=0.0 days.,574537.42,15.0,0.7835,PENDING
eabab79c-a469-4b98-ac7a-15246b7972d0,08edb0d0-edbf-44ce-9d32-b74a11e02048,0eecbfea-7628-487c-b590-fece2c687e7a,8a3cc937-5d2e-4b04-b961-e6372fb37757,180.0,2026-10-08,2026-10-10,HIGH,Forecast demand exceeds usable stock within supplier lead time; DOS=0.0 days.,93775.75,9.5,0.9137,PENDING
dcf529d4-6045-48e2-ad0b-98a6b58f933c,08edb0d0-edbf-44ce-9d32-b74a11e02048,9d6f82ea-a6c1-4ee5-bd74-c517ba546a27,e6d69402-090c-458e-ab40-7589f32bf4bf,1670.0,2026-10-08,2026-10-17,HIGH,Forecast demand exceeds usable stock within supplier lead time; DOS=0.4 days.,1325014.81,15.59,0.869,PENDING
afc11782-b3d9-4a93-b610-89c1442fa93c,08edb0d0-edbf-44ce-9d32-b74a11e02048,1b0a2521-7dda-4bed-8313-954689f28c33,e6d69402-090c-458e-ab40-7589f32bf4bf,220.0,2026-10-08,2026-10-15,HIGH,Forecast demand exceeds usable stock within supplier lead time; DOS=0.0 days.,85170.49,14.15,0.8762,PENDING
bbe8c3ca-c613-4b9b-9df6-33b4d6ef27ac,08edb0d0-edbf-44ce-9d32-b74a11e02048,2f7de1c2-cb62-4261-83f5-d8323f438333,e692d4b3-4456-49eb-87f5-ee22fc6e4200,840.0,2026-10-08,2026-10-17,HIGH,Forecast demand exceeds usable stock within supplier lead time; DOS=0.0 days.,407938.0,16.01,0.7986,PENDING
ff7058a6-1776-4d32-b178-dfad101f6a60,08edb0d0-edbf-44ce-9d32-b74a11e02048,a197882a-31bc-40ba-be53-5a7c2f5930f7,1400ecad-7beb-4557-b782-a9b67dbfa3ea,660.0,2026-10-08,2026-10-12,HIGH,Forecast demand exceeds usable stock within supplier lead time; DOS=0.0 days.,525916.59,11.14,0.816,PENDING
afec89d3-97df-4df0-97f7-5aaa3cca30d8,08edb0d0-edbf-44ce-9d32-b74a11e02048,c51619a8-ba83-483f-9b52-064f926d96a2,e6d69402-090c-458e-ab40-7589f32bf4bf,980.0,2026-10-08,2026-10-16,HIGH,Forecast demand exceeds usable stock within supplier lead time; DOS=4.7 days.,368813.49,15.08,0.8837,PENDING
0d994090-d835-419b-b39f-f2509bfde94f,08edb0d0-edbf-44ce-9d32-b74a11e02048,6b615b69-ae0e-4f1b-a6dc-2d69233addaa,85ba89f5-0cbe-423d-9b09-8edf117efeb7,740.0,2026-10-08,2026-10-12,HIGH,Forecast demand exceeds usable stock within supplier lead time; DOS=0.0 days.,120908.59,11.07,0.9148,PENDING
3efe2446-b4ca-495f-91b4-65c46b088429,08edb0d0-edbf-44ce-9d32-b74a11e02048,3a19d3ca-1898-4db4-b347-55af1376c897,85ba89f5-0cbe-423d-9b09-8edf117efeb7,1500.0,2026-10-08,2026-10-17,HIGH,Forecast demand exceeds usable stock within supplier lead time; DOS=0.0 days.,882202.75,16.05,0.8301,PENDING
f6b54ebe-ab4b-423c-b4c2-7de76f60c6e1,a7373a90-b4e1-4e4c-8f0b-7ad06a9fa600,cbb4966e-7bea-4df2-82bc-5fcfe9617ff8,8a3cc937-5d2e-4b04-b961-e6372fb37757,510.0,2026-10-08,2026-10-17,HIGH,Forecast demand exceeds usable stock within supplier lead time; DOS=0.0 days.,119444.75,16.18,0.8405,PENDING
a37c25f0-2465-401d-b58e-9624fd68fc7c,a7373a90-b4e1-4e4c-8f0b-7ad06a9fa600,be0b42c5-6bfe-48dc-8f33-e20d29d25a48,389d9f94-94f3-497d-9ad3-80b154c36b08,1690.0,2026-10-08,2026-10-16,HIGH,Forecast demand exceeds usable stock within supplier lead time; DOS=0.0 days.,299245.49,15.07,0.9175,PENDING
ffb1a586-d693-4721-aca6-5350c1193f0e,a7373a90-b4e1-4e4c-8f0b-7ad06a9fa600,fdd23e22-960c-4a44-af67-60d832b98217,e692d4b3-4456-49eb-87f5-ee22fc6e4200,1340.0,2026-10-08,2026-10-15,HIGH,Forecast demand exceeds usable stock within supplier lead time; DOS=0.0 days.,311353.16,14.01,0.7765,PENDING
901b4b55-d7a2-40be-9b21-585fbbb1b73d,a7373a90-b4e1-4e4c-8f0b-7ad06a9fa600,957c588f-5e69-469f-b353-4b24fef25a65,85ba89f5-0cbe-423d-9b09-8edf117efeb7,320.0,2026-10-08,2026-10-12,HIGH,Forecast demand exceeds usable stock within supplier lead time; DOS=0.0 days.,248232.7,11.3,0.9277,PENDING
cbf80457-c01b-454f-b2ce-5ca18a55bb4c,a7373a90-b4e1-4e4c-8f0b-7ad06a9fa600,6f12778d-43ca-4220-8b3b-11201ac91209,85ba89f5-0cbe-423d-9b09-8edf117efeb7,760.0,2026-10-08,2026-10-17,CRITICAL,Forecast demand exceeds usable stock within supplier lead time; DOS=0.0 days.,117828.42,16.03,0.8244,PENDING
c52c32bd-bc34-4f5f-9ab3-00436c31bee6,a7373a90-b4e1-4e4c-8f0b-7ad06a9fa600,6989db76-adcc-4a3d-b3c0-61fb496a0f5d,e692d4b3-4456-49eb-87f5-ee22fc6e4200,580.0,2026-10-08,2026-10-17,HIGH,Forecast demand exceeds usable stock within supplier lead time; DOS=0.0 days.,448541.73,16.1,0.7954,PENDING
39871132-9d35-4ab4-a9d8-b8bf9554330b,a7373a90-b4e1-4e4c-8f0b-7ad06a9fa600,061b886b-98ed-480e-9810-63995f2f47ed,41e5f347-011f-49c8-a809-9ebc6ef93e37,570.0,2026-10-08,2026-10-15,HIGH,Forecast demand exceeds usable stock within supplier lead time; DOS=0.0 days.,252136.43,14.14,0.8038,PENDING
f29d709a-0413-4043-af5a-0dd534035f55,a7373a90-b4e1-4e4c-8f0b-7ad06a9fa600,85b186aa-f3a1-45ba-8d0c-349f8a13c3d4,e6d69402-090c-458e-ab40-7589f32bf4bf,140.0,2026-10-08,2026-10-11,HIGH,Forecast demand exceeds usable stock within supplier lead time; DOS=0.0 days.,38566.32,10.23,0.8589,PENDING
54ebe0f6-9491-4c65-a5f9-ef5742a657a5,a7373a90-b4e1-4e4c-8f0b-7ad06a9fa600,f6dc8117-e75f-4920-a0cf-04c7bafc7542,85ba89f5-0cbe-423d-9b09-8edf117efeb7,750.0,2026-10-08,2026-10-12,HIGH,Forecast demand exceeds usable stock within supplier lead time; DOS=0.0 days.,631806.0,11.06,0.8391,PENDING
6a7dba6f-1896-4e9a-9c54-bc3d2435d796,a7373a90-b4e1-4e4c-8f0b-7ad06a9fa600,d6c64038-55ae-44a3-863b-be781e1a4649,8a3cc937-5d2e-4b04-b961-e6372fb37757,70.0,2026-10-08,2026-10-14,HIGH,Forecast demand exceeds usable stock within supplier lead time; DOS=0.0 days.,61493.82,14.55,0.822,PENDING
4e0ee49d-921a-4319-8edc-a4f30e2c543c,a7373a90-b4e1-4e4c-8f0b-7ad06a9fa600,9f081f26-ba8d-47d6-870e-ca0ca1cae51f,41e5f347-011f-49c8-a809-9ebc6ef93e37,1090.0,2026-10-08,2026-10-16,CRITICAL,Forecast demand exceeds usable stock within supplier lead time; DOS=0.0 days.,348068.62,15.11,0.8652,PENDING
8368816d-a889-47c6-bb70-bca0682fb758,a7373a90-b4e1-4e4c-8f0b-7ad06a9fa600,6cbb6f57-d6cb-41b0-aca5-9ea4e8c5be47,41e5f347-011f-49c8-a809-9ebc6ef93e37,460.0,2026-10-08,2026-10-16,HIGH,Forecast demand exceeds usable stock within supplier lead time; DOS=0.0 days.,375274.3,15.01,0.8324,PENDING
9e490b57-13ad-44e3-92be-3d81dd1b9b85,a7373a90-b4e1-4e4c-8f0b-7ad06a9fa600,3e98e5ab-52e7-4056-8353-5ac655247948,e692d4b3-4456-49eb-87f5-ee22fc6e4200,1470.0,2026-10-08,2026-10-17,HIGH,Forecast demand exceeds usable stock within supplier lead time; DOS=0.0 days.,423119.1,16.07,0.7937,PENDING
bd5d1fe8-5c8f-45c4-8304-99c82ef1b89c,a7373a90-b4e1-4e4c-8f0b-7ad06a9fa600,1d534fd0-ecdb-47f7-8df1-911899944ac3,e6d69402-090c-458e-ab40-7589f32bf4bf,450.0,2026-10-08,2026-10-16,HIGH,Forecast demand exceeds usable stock within supplier lead time; DOS=0.0 days.,370698.7,15.33,0.9516,PENDING
a845fc64-93e3-4596-8660-0d7747fa3f33,a7373a90-b4e1-4e4c-8f0b-7ad06a9fa600,419b95a7-17e5-4918-ad68-d58ee6b6e6f5,43b13eff-affb-4e79-a137-2d676513f12b,80.0,2026-10-08,2026-10-11,HIGH,Forecast demand exceeds usable stock within supplier lead time; DOS=0.0 days.,44327.13,10.42,0.8175,PENDING
b59125c8-71bd-4b96-b492-8dfb99350785,a7373a90-b4e1-4e4c-8f0b-7ad06a9fa600,24856ba7-ab81-4f22-985e-e30a3b9397cb,1400ecad-7beb-4557-b782-a9b67dbfa3ea,430.0,2026-10-08,2026-10-12,HIGH,Forecast demand exceeds usable stock within supplier lead time; DOS=0.0 days.,194939.48,11.15,0.7648,PENDING
bb2c56fe-8711-4e40-80ab-a335de4c6856,a7373a90-b4e1-4e4c-8f0b-7ad06a9fa600,ea61edd3-7fbd-4c08-b312-d866041879c2,e692d4b3-4456-49eb-87f5-ee22fc6e4200,120.0,2026-10-08,2026-10-14,CRITICAL,Forecast demand exceeds usable stock within supplier lead time; DOS=0.0 days.,91241.48,13.19,0.7796,PENDING
9877d623-5747-451e-b259-98944504ff0c,a7373a90-b4e1-4e4c-8f0b-7ad06a9fa600,220f964e-a351-4ad0-827e-502f5ded939c,301e3cd3-c948-49e9-add4-e8080a9fab7f,350.0,2026-10-08,2026-10-14,HIGH,Forecast demand exceeds usable stock within supplier lead time; DOS=0.0 days.,165972.75,13.23,0.9519,PENDING
5fb4c25c-880d-43ad-a006-283dcb8766e9,a7373a90-b4e1-4e4c-8f0b-7ad06a9fa600,97a16fda-9cba-4dc2-8770-0b5104c507d2,43b13eff-affb-4e79-a137-2d676513f12b,210.0,2026-10-08,2026-10-12,HIGH,Forecast demand exceeds usable stock within supplier lead time; DOS=0.0 days.,181584.13,11.4,0.8775,PENDING
d8f4e86d-6598-401e-8fc6-e253c3596b2b,a7373a90-b4e1-4e4c-8f0b-7ad06a9fa600,305d6d9c-7521-4f74-8c0d-0bf7d5af8dfd,301e3cd3-c948-49e9-add4-e8080a9fab7f,100.0,2026-10-08,2026-10-16,HIGH,Forecast demand exceeds usable stock within supplier lead time; DOS=0.0 days.,71769.41,15.27,0.9451,PENDING
13a208cd-97f6-4191-b33d-9c39d449c058,a7373a90-b4e1-4e4c-8f0b-7ad06a9fa600,e3420e6d-9ba0-43de-991d-15b61159daa1,41e5f347-011f-49c8-a809-9ebc6ef93e37,100.0,2026-10-08,2026-10-13,CRITICAL,Forecast demand exceeds usable stock within supplier lead time; DOS=0.0 days.,65506.69,13.14,0.8489,PENDING
97606731-be66-4843-b4f2-6df716271716,a7373a90-b4e1-4e4c-8f0b-7ad06a9fa600,24bad869-7045-4954-b58f-10edc0407e69,43b13eff-affb-4e79-a137-2d676513f12b,800.0,2026-10-08,2026-10-14,HIGH,Forecast demand exceeds usable stock within supplier lead time; DOS=0.0 days.,455608.16,13.16,0.919,PENDING
9c66995b-d56c-4c5d-ac94-60711e9384fd,a7373a90-b4e1-4e4c-8f0b-7ad06a9fa600,b699a59a-a0ec-49d9-b327-482e55347adf,301e3cd3-c948-49e9-add4-e8080a9fab7f,510.0,2026-10-08,2026-10-13,HIGH,Forecast demand exceeds usable stock within supplier lead time; DOS=0.0 days.,211496.91,12.01,0.865,PENDING
e79ca2e8-325c-43d7-944c-ab1b130412aa,a7373a90-b4e1-4e4c-8f0b-7ad06a9fa600,3e6ecca3-9ad1-49a9-ad9a-5509b28de79d,43b13eff-affb-4e79-a137-2d676513f12b,1950.0,2026-10-08,2026-10-17,HIGH,Forecast demand exceeds usable stock within supplier lead time; DOS=0.0 days.,1642053.88,16.08,0.8078,PENDING
67028595-e06d-478c-a6ac-59f2cc080464,a7373a90-b4e1-4e4c-8f0b-7ad06a9fa600,d039d8bd-44d3-44fc-a49f-83d1987d0b48,8a3cc937-5d2e-4b04-b961-e6372fb37757,1190.0,2026-10-08,2026-10-15,CRITICAL,Forecast demand exceeds usable stock within supplier lead time; DOS=0.0 days.,134693.75,14.12,0.8561,PENDING
e4ce9331-4c21-49d8-a0df-d39dbffb7520,a7373a90-b4e1-4e4c-8f0b-7ad06a9fa600,8cb385ca-cfdc-404f-8298-512a7c8578b3,301e3cd3-c948-49e9-add4-e8080a9fab7f,180.0,2026-10-08,2026-10-14,HIGH,Forecast demand exceeds usable stock within supplier lead time; DOS=0.0 days.,39037.89,13.71,0.8654,PENDING
0e38a688-7af1-492c-8f1a-92cd296ce23e,a7373a90-b4e1-4e4c-8f0b-7ad06a9fa600,a88fd15f-1bbb-4271-941e-899867a89583,b55d3c34-369b-4934-9015-9e38109b79f2,740.0,2026-10-08,2026-10-17,CRITICAL,Forecast demand exceeds usable stock within supplier lead time; DOS=0.0 days.,186659.72,16.13,0.8801,PENDING
9edd678f-db2f-45fa-8514-119373c4d44d,a7373a90-b4e1-4e4c-8f0b-7ad06a9fa600,573f39b9-7855-4b4d-8a9e-14a5e9d8b2cd,1400ecad-7beb-4557-b782-a9b67dbfa3ea,700.0,2026-10-08,2026-10-15,HIGH,Forecast demand exceeds usable stock within supplier lead time; DOS=3.2 days.,402360.79,10.81,0.8767,PENDING
7046c83b-0d8c-4dbb-b778-9ba012ac3c7b,a7373a90-b4e1-4e4c-8f0b-7ad06a9fa600,a197882a-31bc-40ba-be53-5a7c2f5930f7,43b13eff-affb-4e79-a137-2d676513f12b,720.0,2026-10-08,2026-10-10,HIGH,Forecast demand exceeds usable stock within supplier lead time; DOS=0.0 days.,644948.57,9.01,0.9398,PENDING
36c56da9-e4c5-4681-8d6e-a63936a3ec7e,a7373a90-b4e1-4e4c-8f0b-7ad06a9fa600,3a19d3ca-1898-4db4-b347-55af1376c897,301e3cd3-c948-49e9-add4-e8080a9fab7f,850.0,2026-10-08,2026-10-13,HIGH,Forecast demand exceeds usable stock within supplier lead time; DOS=0.0 days.,679686.93,12.09,0.9302,PENDING
f241f6a0-ea38-4561-b9bc-d441ba359aec,a7373a90-b4e1-4e4c-8f0b-7ad06a9fa600,8e15b3a9-915f-4bf0-84c7-182f335e062c,301e3cd3-c948-49e9-add4-e8080a9fab7f,470.0,2026-10-08,2026-10-17,HIGH,Forecast demand exceeds usable stock within supplier lead time; DOS=0.0 days.,370103.82,16.22,0.8797,PENDING
8a00a835-3e22-40eb-af30-99bddcf7367e,a7373a90-b4e1-4e4c-8f0b-7ad06a9fa600,6b615b69-ae0e-4f1b-a6dc-2d69233addaa,389d9f94-94f3-497d-9ad3-80b154c36b08,1140.0,2026-10-08,2026-10-15,HIGH,Forecast demand exceeds usable stock within supplier lead time; DOS=0.0 days.,950315.52,14.06,0.8255,PENDING
551f3ab1-09bf-46ba-bb3d-8013707da97b,85ae4cf3-51bf-45d7-8011-bb994eb602a6,d039d8bd-44d3-44fc-a49f-83d1987d0b48,301e3cd3-c948-49e9-add4-e8080a9fab7f,1230.0,2026-10-08,2026-10-13,CRITICAL,Forecast demand exceeds usable stock within supplier lead time; DOS=0.0 days.,538330.32,12.02,0.8549,PENDING
6da19e21-9a40-4d5a-84ed-0dad41d46da9,85ae4cf3-51bf-45d7-8011-bb994eb602a6,c5533566-0e57-4058-9e8f-cc921a574da9,e6d69402-090c-458e-ab40-7589f32bf4bf,800.0,2026-10-08,2026-10-17,HIGH,Forecast demand exceeds usable stock within supplier lead time; DOS=0.0 days.,319324.41,16.15,0.9595,PENDING
637637a2-e552-4c7e-b680-de220432e7d4,85ae4cf3-51bf-45d7-8011-bb994eb602a6,cbb4966e-7bea-4df2-82bc-5fcfe9617ff8,b55d3c34-369b-4934-9015-9e38109b79f2,580.0,2026-10-08,2026-10-15,HIGH,Forecast demand exceeds usable stock within supplier lead time; DOS=0.0 days.,468775.55,14.23,0.8913,PENDING
b552985f-a109-4d95-a3f8-1a7671a0f18c,85ae4cf3-51bf-45d7-8011-bb994eb602a6,a7d4d675-bb94-424a-b6e4-1709b9e91e6d,389d9f94-94f3-497d-9ad3-80b154c36b08,470.0,2026-10-08,2026-10-12,HIGH,Forecast demand exceeds usable stock within supplier lead time; DOS=0.0 days.,279920.83,11.14,0.8433,PENDING
4531a2fc-7a98-4fbb-a52a-854483c56837,85ae4cf3-51bf-45d7-8011-bb994eb602a6,b3fa980f-96f4-474d-8999-454117e0d5d6,1400ecad-7beb-4557-b782-a9b67dbfa3ea,820.0,2026-10-08,2026-10-17,HIGH,Forecast demand exceeds usable stock within supplier lead time; DOS=0.0 days.,212087.73,16.15,0.866,PENDING
729bf759-90b7-4467-99d4-b771fc4b4e2f,85ae4cf3-51bf-45d7-8011-bb994eb602a6,987c980e-f5ed-4388-b102-971ff25870b1,b55d3c34-369b-4934-9015-9e38109b79f2,190.0,2026-10-08,2026-10-17,CRITICAL,Forecast demand exceeds usable stock within supplier lead time; DOS=0.0 days.,46807.5,16.18,0.8475,PENDING
1bba0d7f-e457-416a-92cc-c93183a9dc31,85ae4cf3-51bf-45d7-8011-bb994eb602a6,b261960f-23be-4297-9c50-f27ceac7eedb,b55d3c34-369b-4934-9015-9e38109b79f2,420.0,2026-10-08,2026-10-14,HIGH,Forecast demand exceeds usable stock within supplier lead time; DOS=0.0 days.,232567.43,13.07,0.947,PENDING
688f6fdb-ae36-4128-810c-8532102ec6c5,85ae4cf3-51bf-45d7-8011-bb994eb602a6,f6dc8117-e75f-4920-a0cf-04c7bafc7542,e6d69402-090c-458e-ab40-7589f32bf4bf,1200.0,2026-10-08,2026-10-16,CRITICAL,Forecast demand exceeds usable stock within supplier lead time; DOS=0.0 days.,854260.43,15.02,0.9381,PENDING
e79721f6-9a33-41a7-9451-3845739f36d1,85ae4cf3-51bf-45d7-8011-bb994eb602a6,9f081f26-ba8d-47d6-870e-ca0ca1cae51f,1400ecad-7beb-4557-b782-a9b67dbfa3ea,570.0,2026-10-08,2026-10-11,HIGH,Forecast demand exceeds usable stock within supplier lead time; DOS=0.0 days.,185706.35,10.03,0.8218,PENDING
2cb6ed29-c8ff-4d36-aa0c-fda5d832f972,85ae4cf3-51bf-45d7-8011-bb994eb602a6,419b95a7-17e5-4918-ad68-d58ee6b6e6f5,e692d4b3-4456-49eb-87f5-ee22fc6e4200,70.0,2026-10-08,2026-10-10,HIGH,Forecast demand exceeds usable stock within supplier lead time; DOS=0.0 days.,33689.94,9.2,0.7887,PENDING
227c7d2d-be43-4610-bd8b-21d0391c8f7c,85ae4cf3-51bf-45d7-8011-bb994eb602a6,3e6ecca3-9ad1-49a9-ad9a-5509b28de79d,e692d4b3-4456-49eb-87f5-ee22fc6e4200,1290.0,2026-10-08,2026-10-14,HIGH,Forecast demand exceeds usable stock within supplier lead time; DOS=0.0 days.,611829.43,13.03,0.8369,PENDING
5fad8188-74ea-4b77-b715-fe0ec67edc63,85ae4cf3-51bf-45d7-8011-bb994eb602a6,2c4e6d71-0152-4e82-9c16-bfc9c81ea55e,e692d4b3-4456-49eb-87f5-ee22fc6e4200,550.0,2026-10-08,2026-10-15,HIGH,Forecast demand exceeds usable stock within supplier lead time; DOS=0.0 days.,448516.25,14.03,0.8335,PENDING
2c1a3f99-a722-4349-b4e4-eac1674b66dc,85ae4cf3-51bf-45d7-8011-bb994eb602a6,0c98fcbf-9121-467b-910d-10fcfbcd35b6,e6d69402-090c-458e-ab40-7589f32bf4bf,760.0,2026-10-08,2026-10-12,HIGH,Forecast demand exceeds usable stock within supplier lead time; DOS=0.0 days.,22511.01,11.13,0.8938,PENDING
e0091eed-47e7-4d45-a6a5-67500a96019d,85ae4cf3-51bf-45d7-8011-bb994eb602a6,f00273a7-acae-43ae-a0b4-b85c0ed6d4d3,1400ecad-7beb-4557-b782-a9b67dbfa3ea,1340.0,2026-10-08,2026-10-15,HIGH,Forecast demand exceeds usable stock within supplier lead time; DOS=0.0 days.,1093823.37,14.07,0.8595,PENDING
bd3ec6e8-1778-42fd-be94-a4810a247e86,85ae4cf3-51bf-45d7-8011-bb994eb602a6,4bd504ed-a1c0-48c9-bff0-b66723a5f08d,85ba89f5-0cbe-423d-9b09-8edf117efeb7,1010.0,2026-10-08,2026-10-17,HIGH,Forecast demand exceeds usable stock within supplier lead time; DOS=0.0 days.,197942.77,16.14,0.9284,PENDING
3876cb5e-56c5-45f9-9bc5-b5915c107610,85ae4cf3-51bf-45d7-8011-bb994eb602a6,6cbb6f57-d6cb-41b0-aca5-9ea4e8c5be47,e6d69402-090c-458e-ab40-7589f32bf4bf,470.0,2026-10-08,2026-10-14,HIGH,Forecast demand exceeds usable stock within supplier lead time; DOS=0.0 days.,178547.23,13.08,0.837,PENDING
b94cc8ed-2849-40a1-9138-ae46fecebb1f,85ae4cf3-51bf-45d7-8011-bb994eb602a6,24bad869-7045-4954-b58f-10edc0407e69,b55d3c34-369b-4934-9015-9e38109b79f2,640.0,2026-10-08,2026-10-16,HIGH,Forecast demand exceeds usable stock within supplier lead time; DOS=0.0 days.,185573.42,15.11,0.8975,PENDING
282f5752-2f1c-477e-bcd2-bb3d02cda5a3,85ae4cf3-51bf-45d7-8011-bb994eb602a6,e3420e6d-9ba0-43de-991d-15b61159daa1,389d9f94-94f3-497d-9ad3-80b154c36b08,100.0,2026-10-08,2026-10-12,HIGH,Forecast demand exceeds usable stock within supplier lead time; DOS=0.0 days.,28069.11,11.24,0.9323,PENDING
4b4d7fea-2568-46c1-b7a6-2f47b92d2531,85ae4cf3-51bf-45d7-8011-bb994eb602a6,063be93d-6835-4b65-a8a1-c36e83278d83,301e3cd3-c948-49e9-add4-e8080a9fab7f,1150.0,2026-10-08,2026-10-16,CRITICAL,Forecast demand exceeds usable stock within supplier lead time; DOS=0.0 days.,558117.39,15.04,0.8185,PENDING
1492ac0e-77f4-4ce2-a114-4c0d198f4906,85ae4cf3-51bf-45d7-8011-bb994eb602a6,305d6d9c-7521-4f74-8c0d-0bf7d5af8dfd,8a3cc937-5d2e-4b04-b961-e6372fb37757,70.0,2026-10-08,2026-10-13,HIGH,Forecast demand exceeds usable stock within supplier lead time; DOS=0.0 days.,28613.64,12.77,0.8837,PENDING
54224865-710d-4861-a6c0-2c81bac07840,85ae4cf3-51bf-45d7-8011-bb994eb602a6,cf8bc62c-4d72-4142-8ab6-03524280a750,1400ecad-7beb-4557-b782-a9b67dbfa3ea,1200.0,2026-10-08,2026-10-17,HIGH,Forecast demand exceeds usable stock within supplier lead time; DOS=0.0 days.,723341.63,16.06,0.7934,PENDING
d0a11823-1ca3-4bf9-ac0b-47b36a7b61e8,85ae4cf3-51bf-45d7-8011-bb994eb602a6,b8b41174-e4bb-41e0-8dc8-fbdaf9d470ec,41e5f347-011f-49c8-a809-9ebc6ef93e37,390.0,2026-10-08,2026-10-16,CRITICAL,Forecast demand exceeds usable stock within supplier lead time; DOS=0.0 days.,196047.99,15.08,0.9019,PENDING
57eb9c68-cb60-4456-a2bd-69b4b4237c03,85ae4cf3-51bf-45d7-8011-bb994eb602a6,13cd9912-56bb-4721-abb1-986f20a370cb,301e3cd3-c948-49e9-add4-e8080a9fab7f,730.0,2026-10-08,2026-10-15,HIGH,Forecast demand exceeds usable stock within supplier lead time; DOS=0.0 days.,545569.28,14.12,0.8217,PENDING
f4742faf-d580-4cdc-aec2-0ba8e1b23300,85ae4cf3-51bf-45d7-8011-bb994eb602a6,99f2ef21-d83e-4cde-a73a-10b587a903a3,e692d4b3-4456-49eb-87f5-ee22fc6e4200,410.0,2026-10-08,2026-10-15,HIGH,Forecast demand exceeds usable stock within supplier lead time; DOS=0.0 days.,172984.73,14.19,0.839,PENDING
7acf29e1-30a8-4b03-9a59-b40f9f40a46e,85ae4cf3-51bf-45d7-8011-bb994eb602a6,24856ba7-ab81-4f22-985e-e30a3b9397cb,e692d4b3-4456-49eb-87f5-ee22fc6e4200,470.0,2026-10-08,2026-10-13,HIGH,Forecast demand exceeds usable stock within supplier lead time; DOS=0.0 days.,393706.5,12.08,0.9083,PENDING
d54d7f8a-7ccd-49a6-a181-dcd24698eced,85ae4cf3-51bf-45d7-8011-bb994eb602a6,1941089d-b192-4af2-b696-484fa9286d80,43b13eff-affb-4e79-a137-2d676513f12b,300.0,2026-10-08,2026-10-17,HIGH,Forecast demand exceeds usable stock within supplier lead time; DOS=0.0 days.,211998.66,16.03,0.9389,PENDING
71c557c8-47df-4cac-a43f-5373711c186a,9454a900-be26-4a3d-ad53-b449210cffb4,3e9b0bad-6728-4523-be87-a00adf0fff30,b55d3c34-369b-4934-9015-9e38109b79f2,670.0,2026-10-08,2026-10-16,HIGH,Forecast demand exceeds usable stock within supplier lead time; DOS=0.0 days.,21850.81,15.15,0.8179,PENDING
795dbd30-d349-46c6-b715-c74c2d6b3427,9454a900-be26-4a3d-ad53-b449210cffb4,ceee2775-c68b-4199-9eb8-21746763c4ba,e6d69402-090c-458e-ab40-7589f32bf4bf,320.0,2026-10-08,2026-10-14,HIGH,Forecast demand exceeds usable stock within supplier lead time; DOS=0.0 days.,19018.82,13.39,0.8196,PENDING
9320aac3-5f54-45f3-8fe9-7419dd1af862,9454a900-be26-4a3d-ad53-b449210cffb4,1d534fd0-ecdb-47f7-8df1-911899944ac3,85ba89f5-0cbe-423d-9b09-8edf117efeb7,300.0,2026-10-08,2026-10-13,HIGH,Forecast demand exceeds usable stock within supplier lead time; DOS=0.0 days.,9723.35,12.19,0.806,PENDING
751438b2-202f-447a-ba82-e8603dab8905,9454a900-be26-4a3d-ad53-b449210cffb4,6f12778d-43ca-4220-8b3b-11201ac91209,301e3cd3-c948-49e9-add4-e8080a9fab7f,810.0,2026-10-08,2026-10-12,HIGH,Forecast demand exceeds usable stock within supplier lead time; DOS=0.0 days.,230181.51,11.13,0.7627,PENDING
57f67e9e-ca44-4f37-96b7-3f4d2f053631,9454a900-be26-4a3d-ad53-b449210cffb4,2c4e6d71-0152-4e82-9c16-bfc9c81ea55e,41e5f347-011f-49c8-a809-9ebc6ef93e37,470.0,2026-10-08,2026-10-14,HIGH,Forecast demand exceeds usable stock within supplier lead time; DOS=0.0 days.,202686.62,13.18,0.8215,PENDING
3eb1a0b6-ddbb-41b9-afec-21ee9c1a8595,9454a900-be26-4a3d-ad53-b449210cffb4,9c021848-0377-486f-a048-370334cce953,85ba89f5-0cbe-423d-9b09-8edf117efeb7,640.0,2026-10-08,2026-10-15,HIGH,Forecast demand exceeds usable stock within supplier lead time; DOS=0.0 days.,449231.98,14.11,0.9045,PENDING
3299f372-8a4f-4881-9e3b-cb999b7a61d7,9454a900-be26-4a3d-ad53-b449210cffb4,9f081f26-ba8d-47d6-870e-ca0ca1cae51f,8a3cc937-5d2e-4b04-b961-e6372fb37757,780.0,2026-10-08,2026-10-14,HIGH,Forecast demand exceeds usable stock within supplier lead time; DOS=3.5 days.,391204.5,9.58,0.858,PENDING
0128ebc2-0e3a-419b-9591-6693e27ba6f3,9454a900-be26-4a3d-ad53-b449210cffb4,27bdd8c0-778d-42ea-ae25-964ce81e391d,e692d4b3-4456-49eb-87f5-ee22fc6e4200,1100.0,2026-10-08,2026-10-16,CRITICAL,Forecast demand exceeds usable stock within supplier lead time; DOS=0.0 days.,59034.1,15.07,0.9107,PENDING
8952f57f-2b25-4b6b-ad4a-e31d902f1b30,9454a900-be26-4a3d-ad53-b449210cffb4,d2219992-909f-48be-967e-2e3f1c3ddfa9,1400ecad-7beb-4557-b782-a9b67dbfa3ea,130.0,2026-10-08,2026-10-12,HIGH,Forecast demand exceeds usable stock within supplier lead time; DOS=0.0 days.,45099.4,11.26,0.9594,PENDING
7ef90b3f-c394-4836-9372-3f5d32acfb97,9454a900-be26-4a3d-ad53-b449210cffb4,b1b122eb-1ba2-4148-b9ac-5d21b2adf647,389d9f94-94f3-497d-9ad3-80b154c36b08,650.0,2026-10-08,2026-10-12,HIGH,Forecast demand exceeds usable stock within supplier lead time; DOS=0.0 days.,134852.11,11.04,0.8462,PENDING
ac062f8e-6011-4a41-89c0-10ad067a35cc,9454a900-be26-4a3d-ad53-b449210cffb4,4bd504ed-a1c0-48c9-bff0-b66723a5f08d,1400ecad-7beb-4557-b782-a9b67dbfa3ea,540.0,2026-10-08,2026-10-17,HIGH,Forecast demand exceeds usable stock within supplier lead time; DOS=0.0 days.,270652.58,16.03,0.8844,PENDING
c15e1a72-b359-47b6-86bd-00d93cee902b,9454a900-be26-4a3d-ad53-b449210cffb4,063be93d-6835-4b65-a8a1-c36e83278d83,41e5f347-011f-49c8-a809-9ebc6ef93e37,940.0,2026-10-08,2026-10-15,CRITICAL,Forecast demand exceeds usable stock within supplier lead time; DOS=0.0 days.,664188.69,14.0,0.8493,PENDING
eed6170a-5069-4149-bfad-c0ce1d317197,9454a900-be26-4a3d-ad53-b449210cffb4,7b6b643c-11d8-4a62-8cfe-a28f5fe4f2d6,8a3cc937-5d2e-4b04-b961-e6372fb37757,650.0,2026-10-08,2026-10-16,HIGH,Forecast demand exceeds usable stock within supplier lead time; DOS=0.0 days.,551972.5,15.18,0.8179,PENDING
d243dfe9-3bc5-4658-aaa7-e8aeb21d1fc1,9454a900-be26-4a3d-ad53-b449210cffb4,67f10774-4e14-4f09-90b6-00a732111449,301e3cd3-c948-49e9-add4-e8080a9fab7f,1600.0,2026-10-08,2026-10-17,HIGH,Forecast demand exceeds usable stock within supplier lead time; DOS=0.0 days.,733673.09,16.09,0.8422,PENDING
f37e7ce0-69a7-403d-8174-5909f147d7bc,9454a900-be26-4a3d-ad53-b449210cffb4,3b4f2db0-078e-4414-849b-1ba2782649be,b55d3c34-369b-4934-9015-9e38109b79f2,220.0,2026-10-08,2026-10-12,HIGH,Forecast demand exceeds usable stock within supplier lead time; DOS=0.0 days.,73453.21,11.5,0.9493,PENDING
51155afb-57a9-405e-96f5-b129082ce950,9454a900-be26-4a3d-ad53-b449210cffb4,0073cc32-e309-402c-96aa-1fb03de469f1,389d9f94-94f3-497d-9ad3-80b154c36b08,460.0,2026-10-08,2026-10-13,HIGH,Forecast demand exceeds usable stock within supplier lead time; DOS=0.0 days.,129455.09,12.12,0.8901,PENDING
a2e78b30-88b6-493c-a921-a07e6fb7c885,9454a900-be26-4a3d-ad53-b449210cffb4,67ae158e-8140-49ce-b874-0acf92a800c2,301e3cd3-c948-49e9-add4-e8080a9fab7f,80.0,2026-10-08,2026-10-15,HIGH,Forecast demand exceeds usable stock within supplier lead time; DOS=0.0 days.,6401.14,14.68,0.8258,PENDING
5053af6e-55a0-4072-8933-7a8befc804f0,9454a900-be26-4a3d-ad53-b449210cffb4,0a915249-7e9b-4a22-be4b-d5a6c9628e04,43b13eff-affb-4e79-a137-2d676513f12b,540.0,2026-10-08,2026-10-17,HIGH,Forecast demand exceeds usable stock within supplier lead time; DOS=0.0 days.,467934.37,16.17,0.9515,PENDING
5414e688-b3a9-410f-ae9d-61e3c6516ee4,9454a900-be26-4a3d-ad53-b449210cffb4,01d77a5e-a466-4d48-b24b-31edb500e5fa,41e5f347-011f-49c8-a809-9ebc6ef93e37,1170.0,2026-10-08,2026-10-14,HIGH,Forecast demand exceeds usable stock within supplier lead time; DOS=0.0 days.,824611.58,13.08,0.7796,PENDING
2580496b-a245-4556-8c59-4f5fe9c04693,9454a900-be26-4a3d-ad53-b449210cffb4,987c980e-f5ed-4388-b102-971ff25870b1,8a3cc937-5d2e-4b04-b961-e6372fb37757,80.0,2026-10-08,2026-10-10,HIGH,Forecast demand exceeds usable stock within supplier lead time; DOS=0.0 days.,34632.6,9.02,0.8847,PENDING
f40472f8-5774-42bd-ab85-acebe984b327,9454a900-be26-4a3d-ad53-b449210cffb4,24d1b68c-2a5b-464e-bb4e-c1071b3b4f3d,301e3cd3-c948-49e9-add4-e8080a9fab7f,170.0,2026-10-08,2026-10-14,HIGH,Forecast demand exceeds usable stock within supplier lead time; DOS=0.0 days.,95048.67,13.18,0.8731,PENDING
2fcfa950-2f1e-42ee-ac6c-45b679ba3524,9454a900-be26-4a3d-ad53-b449210cffb4,fda2f8a3-95ba-4f42-97f3-dbce57a916f1,1400ecad-7beb-4557-b782-a9b67dbfa3ea,1080.0,2026-10-08,2026-10-14,HIGH,Forecast demand exceeds usable stock within supplier lead time; DOS=0.0 days.,102325.37,13.03,0.9283,PENDING
fc1de859-b217-4959-b7a6-222bd0bea039,9454a900-be26-4a3d-ad53-b449210cffb4,d039d8bd-44d3-44fc-a49f-83d1987d0b48,389d9f94-94f3-497d-9ad3-80b154c36b08,1180.0,2026-10-08,2026-10-14,HIGH,Forecast demand exceeds usable stock within supplier lead time; DOS=2.6 days.,431794.19,10.35,0.8505,PENDING
7527100e-fc69-461c-a6f8-5b3e99ac06b5,9454a900-be26-4a3d-ad53-b449210cffb4,b261960f-23be-4297-9c50-f27ceac7eedb,8a3cc937-5d2e-4b04-b961-e6372fb37757,300.0,2026-10-08,2026-10-12,HIGH,Forecast demand exceeds usable stock within supplier lead time; DOS=0.0 days.,133790.87,11.1,0.8881,PENDING
f9cf5f25-c5c7-4292-810a-ddcb8e39ef78,9454a900-be26-4a3d-ad53-b449210cffb4,33e37cdb-690b-4dd6-aa0b-3e189bf6bc51,301e3cd3-c948-49e9-add4-e8080a9fab7f,1150.0,2026-10-08,2026-10-16,HIGH,Forecast demand exceeds usable stock within supplier lead time; DOS=0.0 days.,258666.18,15.02,0.9577,PENDING
d5d0e0ef-1cc1-4254-a379-f74404eb9abb,9454a900-be26-4a3d-ad53-b449210cffb4,97a16fda-9cba-4dc2-8770-0b5104c507d2,43b13eff-affb-4e79-a137-2d676513f12b,190.0,2026-10-08,2026-10-11,HIGH,Forecast demand exceeds usable stock within supplier lead time; DOS=0.0 days.,167678.4,10.28,0.9244,PENDING
8af9ffc7-4a1f-4a1a-bf25-a2523534faf7,9454a900-be26-4a3d-ad53-b449210cffb4,a88fd15f-1bbb-4271-941e-899867a89583,389d9f94-94f3-497d-9ad3-80b154c36b08,690.0,2026-10-08,2026-10-11,HIGH,Forecast demand exceeds usable stock within supplier lead time; DOS=0.0 days.,505692.46,10.14,0.7912,PENDING
1aa4ebbf-d11b-4975-9d15-d21c376a1d9a,9454a900-be26-4a3d-ad53-b449210cffb4,0d430ec5-4d86-4820-8a2c-9a0885280906,85ba89f5-0cbe-423d-9b09-8edf117efeb7,70.0,2026-10-08,2026-10-16,HIGH,Forecast demand exceeds usable stock within supplier lead time; DOS=0.0 days.,43078.32,16.55,0.881,PENDING
8c737f4c-6761-444f-bc31-4314c37271a8,9454a900-be26-4a3d-ad53-b449210cffb4,d6c64038-55ae-44a3-863b-be781e1a4649,1400ecad-7beb-4557-b782-a9b67dbfa3ea,70.0,2026-10-08,2026-10-15,HIGH,Forecast demand exceeds usable stock within supplier lead time; DOS=0.0 days.,51597.11,16.2,0.8294,PENDING
41d62b61-5f7f-4c7a-ba79-0201810e9601,0d84597b-6ea1-4332-bd4a-8451cde06855,ea61edd3-7fbd-4c08-b312-d866041879c2,8a3cc937-5d2e-4b04-b961-e6372fb37757,150.0,2026-10-08,2026-10-14,CRITICAL,Forecast demand exceeds usable stock within supplier lead time; DOS=0.0 days.,83593.29,13.8,0.8551,PENDING
9470c60c-7ce6-4390-98cd-c009614fe7ae,0d84597b-6ea1-4332-bd4a-8451cde06855,58bf12e5-ee8a-4194-a34c-aa820079144d,389d9f94-94f3-497d-9ad3-80b154c36b08,790.0,2026-10-08,2026-10-14,HIGH,Forecast demand exceeds usable stock within supplier lead time; DOS=0.0 days.,160044.2,13.1,0.8873,PENDING
76f39462-be27-4281-aa7b-ecbde7251507,0d84597b-6ea1-4332-bd4a-8451cde06855,a7d4d675-bb94-424a-b6e4-1709b9e91e6d,b55d3c34-369b-4934-9015-9e38109b79f2,560.0,2026-10-08,2026-10-17,CRITICAL,Forecast demand exceeds usable stock within supplier lead time; DOS=0.0 days.,201191.02,16.0,0.9163,PENDING
3132d945-9d82-4171-9a72-56dcdfe0744d,0d84597b-6ea1-4332-bd4a-8451cde06855,2cd10b6d-063e-4f55-a0b6-37edb93b63a6,8a3cc937-5d2e-4b04-b961-e6372fb37757,710.0,2026-10-08,2026-10-16,HIGH,Forecast demand exceeds usable stock within supplier lead time; DOS=0.0 days.,61841.94,15.19,0.9428,PENDING
01b6423b-72f0-4779-a75e-fd3fad91795a,0d84597b-6ea1-4332-bd4a-8451cde06855,831a67ea-b75d-494e-8ba6-e91b1b1eae6e,85ba89f5-0cbe-423d-9b09-8edf117efeb7,600.0,2026-10-08,2026-10-16,HIGH,Forecast demand exceeds usable stock within supplier lead time; DOS=0.0 days.,504692.78,15.16,0.8932,PENDING
b5b2e602-f6fe-443c-bcc6-7d839670af4b,0d84597b-6ea1-4332-bd4a-8451cde06855,2aceb2a6-c859-4f95-a238-9ad796b698fa,301e3cd3-c948-49e9-add4-e8080a9fab7f,810.0,2026-10-08,2026-10-15,HIGH,Forecast demand exceeds usable stock within supplier lead time; DOS=0.0 days.,175301.76,14.14,0.8789,PENDING
fe9ff32b-2a9f-43ec-9fd7-35522795db72,0d84597b-6ea1-4332-bd4a-8451cde06855,99f2ef21-d83e-4cde-a73a-10b587a903a3,e6d69402-090c-458e-ab40-7589f32bf4bf,550.0,2026-10-08,2026-10-17,HIGH,Forecast demand exceeds usable stock within supplier lead time; DOS=0.0 days.,116771.13,16.29,0.86,PENDING
9ada86c3-3e39-4566-9ac1-ae14625b4715,0d84597b-6ea1-4332-bd4a-8451cde06855,f00273a7-acae-43ae-a0b4-b85c0ed6d4d3,389d9f94-94f3-497d-9ad3-80b154c36b08,1030.0,2026-10-08,2026-10-16,HIGH,Forecast demand exceeds usable stock within supplier lead time; DOS=0.0 days.,331024.91,15.07,0.8318,PENDING
bc4b7bd5-184e-4491-9a2d-beb6260a097e,0d84597b-6ea1-4332-bd4a-8451cde06855,3e6ecca3-9ad1-49a9-ad9a-5509b28de79d,b55d3c34-369b-4934-9015-9e38109b79f2,1630.0,2026-10-08,2026-10-15,HIGH,Forecast demand exceeds usable stock within supplier lead time; DOS=4.6 days.,1397186.02,14.04,0.843,PENDING
653aed45-290e-4325-ac08-fc3a46754ac9,0d84597b-6ea1-4332-bd4a-8451cde06855,f6dc8117-e75f-4920-a0cf-04c7bafc7542,8a3cc937-5d2e-4b04-b961-e6372fb37757,910.0,2026-10-08,2026-10-15,CRITICAL,Forecast demand exceeds usable stock within supplier lead time; DOS=0.0 days.,637127.75,14.13,0.8388,PENDING
b055afe1-ca47-4385-8177-a48ffcd72764,0d84597b-6ea1-4332-bd4a-8451cde06855,27bdd8c0-778d-42ea-ae25-964ce81e391d,1400ecad-7beb-4557-b782-a9b67dbfa3ea,890.0,2026-10-08,2026-10-16,CRITICAL,Forecast demand exceeds usable stock within supplier lead time; DOS=0.0 days.,751712.55,15.03,0.8876,PENDING
be6c55f5-35f4-41a5-8c85-4d229a434c5d,0d84597b-6ea1-4332-bd4a-8451cde06855,3e8ecc15-190b-4bcd-a7fd-92ec541c75f4,e692d4b3-4456-49eb-87f5-ee22fc6e4200,630.0,2026-10-08,2026-10-15,CRITICAL,Forecast demand exceeds usable stock within supplier lead time; DOS=0.0 days.,249773.21,14.21,0.9137,PENDING
355a53e5-a0c3-4781-a3fc-3a8c928628c9,0d84597b-6ea1-4332-bd4a-8451cde06855,987c980e-f5ed-4388-b102-971ff25870b1,85ba89f5-0cbe-423d-9b09-8edf117efeb7,90.0,2026-10-08,2026-10-10,HIGH,Forecast demand exceeds usable stock within supplier lead time; DOS=0.0 days.,61584.88,9.37,0.778,PENDING
3e6778c3-9eef-47d5-a591-06e23786827a,0d84597b-6ea1-4332-bd4a-8451cde06855,67ae158e-8140-49ce-b874-0acf92a800c2,85ba89f5-0cbe-423d-9b09-8edf117efeb7,90.0,2026-10-08,2026-10-15,HIGH,Forecast demand exceeds usable stock within supplier lead time; DOS=0.0 days.,27397.63,14.75,0.8347,PENDING
b392401b-c8b9-490f-8575-046f20148278,0d84597b-6ea1-4332-bd4a-8451cde06855,2b376704-d06b-441d-a2bf-f0973873411c,43b13eff-affb-4e79-a137-2d676513f12b,910.0,2026-10-08,2026-10-11,HIGH,Forecast demand exceeds usable stock within supplier lead time; DOS=0.0 days.,564698.26,10.03,0.8879,PENDING
22886857-e43d-43ef-a893-73c7df10bb53,0d84597b-6ea1-4332-bd4a-8451cde06855,a041cc1e-bb11-4e03-9969-5026c46ed837,389d9f94-94f3-497d-9ad3-80b154c36b08,400.0,2026-10-08,2026-10-14,HIGH,Forecast demand exceeds usable stock within supplier lead time; DOS=0.0 days.,23573.04,13.22,0.8068,PENDING
704b1011-962f-434b-b390-bd02ab037113,0d84597b-6ea1-4332-bd4a-8451cde06855,957c588f-5e69-469f-b353-4b24fef25a65,41e5f347-011f-49c8-a809-9ebc6ef93e37,460.0,2026-10-08,2026-10-16,HIGH,Forecast demand exceeds usable stock within supplier lead time; DOS=0.0 days.,192301.37,15.25,0.9286,PENDING
9341717b-bc7c-47c6-b5db-7c3904805eed,0d84597b-6ea1-4332-bd4a-8451cde06855,6f12778d-43ca-4220-8b3b-11201ac91209,43b13eff-affb-4e79-a137-2d676513f12b,720.0,2026-10-08,2026-10-13,HIGH,Forecast demand exceeds usable stock within supplier lead time; DOS=0.3 days.,209146.48,11.77,0.8439,PENDING
4671af9f-f007-4fe3-b48f-24dd841356ce,0d84597b-6ea1-4332-bd4a-8451cde06855,be0b42c5-6bfe-48dc-8f33-e20d29d25a48,e6d69402-090c-458e-ab40-7589f32bf4bf,760.0,2026-10-08,2026-10-13,HIGH,Forecast demand exceeds usable stock within supplier lead time; DOS=0.0 days.,160673.32,12.06,0.9411,PENDING
b938b488-2b5d-427c-89be-bc8ff31d5819,0d84597b-6ea1-4332-bd4a-8451cde06855,6b615b69-ae0e-4f1b-a6dc-2d69233addaa,85ba89f5-0cbe-423d-9b09-8edf117efeb7,840.0,2026-10-08,2026-10-16,HIGH,Forecast demand exceeds usable stock within supplier lead time; DOS=0.0 days.,461770.49,15.17,0.8937,PENDING
21890687-55ae-480d-9d34-c02c8350cde4,0d84597b-6ea1-4332-bd4a-8451cde06855,bd5b3f87-5b53-4347-ac00-12fb9d5cd5a6,8a3cc937-5d2e-4b04-b961-e6372fb37757,80.0,2026-10-08,2026-10-16,HIGH,Forecast demand exceeds usable stock within supplier lead time; DOS=0.0 days.,12747.73,15.9,0.8878,PENDING
ef40af45-1627-42e3-aed4-8737a4e5db8c,0d84597b-6ea1-4332-bd4a-8451cde06855,ec00005f-8d61-4b61-825c-d8c696ae49aa,389d9f94-94f3-497d-9ad3-80b154c36b08,270.0,2026-10-08,2026-10-16,HIGH,Forecast demand exceeds usable stock within supplier lead time; DOS=0.0 days.,164988.01,15.22,0.903,PENDING
d7f3f1c6-58bc-4909-b175-62167412fdf2,0d84597b-6ea1-4332-bd4a-8451cde06855,419b95a7-17e5-4918-ad68-d58ee6b6e6f5,389d9f94-94f3-497d-9ad3-80b154c36b08,120.0,2026-10-08,2026-10-12,HIGH,Forecast demand exceeds usable stock within supplier lead time; DOS=0.0 days.,104660.72,11.59,0.8088,PENDING
5df714ac-7cfd-4676-85cf-30f7e39f8ceb,0d84597b-6ea1-4332-bd4a-8451cde06855,fdd23e22-960c-4a44-af67-60d832b98217,85ba89f5-0cbe-423d-9b09-8edf117efeb7,1010.0,2026-10-08,2026-10-17,HIGH,Forecast demand exceeds usable stock within supplier lead time; DOS=4.2 days.,893784.39,11.87,0.9321,PENDING
68b1a871-6eeb-4785-b409-d2b02a3e9e6d,0d84597b-6ea1-4332-bd4a-8451cde06855,9f081f26-ba8d-47d6-870e-ca0ca1cae51f,1400ecad-7beb-4557-b782-a9b67dbfa3ea,750.0,2026-10-08,2026-10-15,HIGH,Forecast demand exceeds usable stock within supplier lead time; DOS=3.9 days.,216045.88,10.15,0.9202,PENDING
19baa3e6-eb85-4039-a65b-b087f6d8ae61,0d84597b-6ea1-4332-bd4a-8451cde06855,1b0a2521-7dda-4bed-8313-954689f28c33,e692d4b3-4456-49eb-87f5-ee22fc6e4200,190.0,2026-10-08,2026-10-17,HIGH,Forecast demand exceeds usable stock within supplier lead time; DOS=0.0 days.,108545.69,16.83,0.8217,PENDING
9dcf06af-c0ff-4353-98d0-7668900ce46a,0d84597b-6ea1-4332-bd4a-8451cde06855,4bd504ed-a1c0-48c9-bff0-b66723a5f08d,301e3cd3-c948-49e9-add4-e8080a9fab7f,550.0,2026-10-08,2026-10-14,HIGH,Forecast demand exceeds usable stock within supplier lead time; DOS=0.0 days.,316926.29,13.1,0.9355,PENDING
e5e4572b-03bb-4259-8129-db0176838e6e,0d84597b-6ea1-4332-bd4a-8451cde06855,3e98e5ab-52e7-4056-8353-5ac655247948,b55d3c34-369b-4934-9015-9e38109b79f2,730.0,2026-10-08,2026-10-13,HIGH,Forecast demand exceeds usable stock within supplier lead time; DOS=0.0 days.,542615.43,12.07,0.8349,PENDING
ee850707-ae74-457c-8e09-bd3c98baa5d6,0d84597b-6ea1-4332-bd4a-8451cde06855,d6c64038-55ae-44a3-863b-be781e1a4649,e692d4b3-4456-49eb-87f5-ee22fc6e4200,80.0,2026-10-08,2026-10-14,HIGH,Forecast demand exceeds usable stock within supplier lead time; DOS=0.0 days.,31688.49,14.6,0.8869,PENDING
94d97784-9872-4aa0-8038-1c1f163ccb70,0d84597b-6ea1-4332-bd4a-8451cde06855,e5b7da92-602a-4a8f-9b36-3acfc3414ba7,301e3cd3-c948-49e9-add4-e8080a9fab7f,1490.0,2026-10-08,2026-10-16,HIGH,Forecast demand exceeds usable stock within supplier lead time; DOS=0.0 days.,1253215.88,15.06,0.8615,PENDING
654ebfdf-fc77-41ff-af1c-8d1c4c0c1c89,0d84597b-6ea1-4332-bd4a-8451cde06855,97a16fda-9cba-4dc2-8770-0b5104c507d2,8a3cc937-5d2e-4b04-b961-e6372fb37757,360.0,2026-10-08,2026-10-17,CRITICAL,Forecast demand exceeds usable stock within supplier lead time; DOS=0.0 days.,90522.1,16.29,0.8187,PENDING
1c4d7948-e12d-4707-9658-2260636ecad5,0d84597b-6ea1-4332-bd4a-8451cde06855,378ef267-9155-41bc-a431-7c700c1731e3,389d9f94-94f3-497d-9ad3-80b154c36b08,1380.0,2026-10-08,2026-10-16,HIGH,Forecast demand exceeds usable stock within supplier lead time; DOS=0.0 days.,664623.03,15.07,0.9077,PENDING
2cefe379-bf78-40c1-9513-bdc8c7f07139,0d84597b-6ea1-4332-bd4a-8451cde06855,d039d8bd-44d3-44fc-a49f-83d1987d0b48,b55d3c34-369b-4934-9015-9e38109b79f2,1610.0,2026-10-08,2026-10-16,CRITICAL,Forecast demand exceeds usable stock within supplier lead time; DOS=0.0 days.,441846.87,15.03,0.9525,PENDING
71425a65-e481-4f4c-ace6-401bf7d4d4f3,0d84597b-6ea1-4332-bd4a-8451cde06855,01d77a5e-a466-4d48-b24b-31edb500e5fa,301e3cd3-c948-49e9-add4-e8080a9fab7f,990.0,2026-10-08,2026-10-17,HIGH,Forecast demand exceeds usable stock within supplier lead time; DOS=0.0 days.,35542.48,16.12,0.8415,PENDING
d91b2a23-a09e-433d-a1a1-9b49aef3c1ed,0d84597b-6ea1-4332-bd4a-8451cde06855,4fda6990-76da-4515-8f85-4b5ce64dd1ce,389d9f94-94f3-497d-9ad3-80b154c36b08,1210.0,2026-10-08,2026-10-13,CRITICAL,Forecast demand exceeds usable stock within supplier lead time; DOS=0.0 days.,652714.43,12.04,0.7847,PENDING
