id,hospital_id,supplier_id,po_number,status,order_date,expected_delivery_date,actual_delivery_date,total_amount
3bc171b5-00e3-42f1-9ac3-8ffecc7d1645,920ef48e-37f7-4885-9e7f-ef5f2970a521,301e3cd3-c948-49e9-add4-e8080a9fab7f,PO-BEN-2026-83292,PARTIALLY_RECEIVED,2026-06-25,2026-07-03,,630054.32
34628ed9-1119-4c4b-b2ca-cd6874254742,920ef48e-37f7-4885-9e7f-ef5f2970a521,1400ecad-7beb-4557-b782-a9b67dbfa3ea,PO-BEN-2026-79961,ORDERED,2026-06-13,2026-06-20,,1759217.54
880b60c5-3a23-4270-9ef3-a7a69e782294,920ef48e-37f7-4885-9e7f-ef5f2970a521,301e3cd3-c948-49e9-add4-e8080a9fab7f,PO-BEN-2026-42111,RECEIVED,2026-10-06,2026-10-11,2026-10-13,1514019.79
e17d4e6d-238a-49bf-b3a0-bdff8784d6a2,920ef48e-37f7-4885-9e7f-ef5f2970a521,43b13eff-affb-4e79-a137-2d676513f12b,PO-BEN-2026-91047,RECEIVED,2026-05-27,2026-05-30,2026-05-31,237932.58
a127acea-bb37-4a3b-8228-344df770916d,920ef48e-37f7-4885-9e7f-ef5f2970a521,b55d3c34-369b-4934-9015-9e38109b79f2,PO-BEN-2026-55576,RECEIVED,2026-06-14,2026-06-22,2026-06-24,682869.07
f381cdff-226d-4797-9a8d-c6f2e95ec44c,920ef48e-37f7-4885-9e7f-ef5f2970a521,301e3cd3-c948-49e9-add4-e8080a9fab7f,PO-BEN-2026-98027,APPROVED,2026-08-28,2026-09-03,,291592.55
b5abfa49-08cc-4a0d-abc5-883c600e0a5d,920ef48e-37f7-4885-9e7f-ef5f2970a521,b55d3c34-369b-4934-9015-9e38109b79f2,PO-BEN-2026-11115,RECEIVED,2026-06-26,2026-06-28,2026-06-28,478189.41
f23f6602-d3e0-4144-9214-a8909dcf9751,920ef48e-37f7-4885-9e7f-ef5f2970a521,1400ecad-7beb-4557-b782-a9b67dbfa3ea,PO-BEN-2026-48811,RECEIVED,2026-08-09,2026-08-15,2026-08-14,90267.32
d833beea-41fb-4e28-80a8-384436a20f0b,920ef48e-37f7-4885-9e7f-ef5f2970a521,1400ecad-7beb-4557-b782-a9b67dbfa3ea,PO-BEN-2026-85037,APPROVED,2026-06-14,2026-06-23,,218097.5
19d0c05d-aceb-4749-ab59-2671c05dbbf3,920ef48e-37f7-4885-9e7f-ef5f2970a521,389d9f94-94f3-497d-9ad3-80b154c36b08,PO-BEN-2026-74828,RECEIVED,2026-06-25,2026-07-04,2026-07-03,402938.6
7c8fdfb7-7325-441a-9e7e-00f71e34d033,920ef48e-37f7-4885-9e7f-ef5f2970a521,e6d69402-090c-458e-ab40-7589f32bf4bf,PO-BEN-2026-87006,PARTIALLY_RECEIVED,2026-05-24,2026-06-01,,1449302.4
2cdf7bc4-f93b-40ec-9f43-107ad6f922ca,920ef48e-37f7-4885-9e7f-ef5f2970a521,85ba89f5-0cbe-423d-9b09-8edf117efeb7,PO-BEN-2026-85280,RECEIVED,2026-07-18,2026-07-21,2026-07-23,1607931.27
aa672c44-20e2-443d-8ca0-2e24938229d5,920ef48e-37f7-4885-9e7f-ef5f2970a521,b55d3c34-369b-4934-9015-9e38109b79f2,PO-BEN-2026-38512,PARTIALLY_RECEIVED,2026-05-18,2026-05-28,,1831927.48
a570d5aa-774a-4fb5-9c41-b763298838e7,920ef48e-37f7-4885-9e7f-ef5f2970a521,8a3cc937-5d2e-4b04-b961-e6372fb37757,PO-BEN-2026-60967,ORDERED,2026-08-15,2026-08-18,,300919.42
857732ec-8c32-4ebd-900b-11e0afae47b0,920ef48e-37f7-4885-9e7f-ef5f2970a521,389d9f94-94f3-497d-9ad3-80b154c36b08,PO-BEN-2026-87739,APPROVED,2026-05-15,2026-05-22,,1386040.58
a4a0c103-debd-493d-b920-151241b477c0,920ef48e-37f7-4885-9e7f-ef5f2970a521,1400ecad-7beb-4557-b782-a9b67dbfa3ea,PO-BEN-2026-63675,RECEIVED,2026-09-04,2026-09-11,2026-09-13,653606.76
0d0da191-2b98-424b-8638-75c8311d4fdc,920ef48e-37f7-4885-9e7f-ef5f2970a521,b55d3c34-369b-4934-9015-9e38109b79f2,PO-BEN-2026-70540,APPROVED,2026-06-20,2026-06-28,,674961.36
dc7ad843-0ae5-406a-a8b3-5ca10f59393c,920ef48e-37f7-4885-9e7f-ef5f2970a521,8a3cc937-5d2e-4b04-b961-e6372fb37757,PO-BEN-2026-73980,RECEIVED,2026-07-03,2026-07-10,2026-07-11,1551132.09
a2f71a49-a22b-4c7f-911c-6de6ebba22cc,920ef48e-37f7-4885-9e7f-ef5f2970a521,301e3cd3-c948-49e9-add4-e8080a9fab7f,PO-BEN-2026-56546,PARTIALLY_RECEIVED,2026-08-28,2026-09-06,,862064.09
2b54f3f6-d46d-45ec-bccd-1d992e6c60b3,920ef48e-37f7-4885-9e7f-ef5f2970a521,301e3cd3-c948-49e9-add4-e8080a9fab7f,PO-BEN-2026-48853,RECEIVED,2026-06-18,2026-06-25,2026-06-26,555520.44
26ebd952-1de1-4884-a0ac-a42a215d726e,e9ce1e40-149e-4ce9-9fa9-805e7fe159fa,43b13eff-affb-4e79-a137-2d676513f12b,PO-MAN-2026-74013,RECEIVED,2026-07-08,2026-07-16,2026-07-18,976599.95
c31b8e7d-2d75-480a-893a-78a3cc40e858,e9ce1e40-149e-4ce9-9fa9-805e7fe159fa,301e3cd3-c948-49e9-add4-e8080a9fab7f,PO-MAN-2026-37434,ORDERED,2026-09-18,2026-09-26,,118034.83
89065b08-1a97-4d21-8180-3790cddbb362,e9ce1e40-149e-4ce9-9fa9-805e7fe159fa,e692d4b3-4456-49eb-87f5-ee22fc6e4200,PO-MAN-2026-13325,PARTIALLY_RECEIVED,2026-05-23,2026-05-27,,1466775.11
35458334-af10-42c1-912b-d60b9fede64d,e9ce1e40-149e-4ce9-9fa9-805e7fe159fa,8a3cc937-5d2e-4b04-b961-e6372fb37757,PO-MAN-2026-54142,PARTIALLY_RECEIVED,2026-06-08,2026-06-11,,754798.76
bed7be51-3081-4b86-9759-21ece0ad6696,e9ce1e40-149e-4ce9-9fa9-805e7fe159fa,1400ecad-7beb-4557-b782-a9b67dbfa3ea,PO-MAN-2026-30748,RECEIVED,2026-05-25,2026-06-01,2026-05-31,1627961.99
f7de2b77-aa79-440f-a79f-92387fd412bc,e9ce1e40-149e-4ce9-9fa9-805e7fe159fa,85ba89f5-0cbe-423d-9b09-8edf117efeb7,PO-MAN-2026-79985,PARTIALLY_RECEIVED,2026-09-01,2026-09-03,,676500.82
e9204504-8f8e-47de-be4b-f12f3391ab4d,e9ce1e40-149e-4ce9-9fa9-805e7fe159fa,301e3cd3-c948-49e9-add4-e8080a9fab7f,PO-MAN-2026-67671,APPROVED,2026-08-02,2026-08-06,,429728.6
6fdb4225-c4ae-401a-945d-19bb3cbadeb1,e9ce1e40-149e-4ce9-9fa9-805e7fe159fa,b55d3c34-369b-4934-9015-9e38109b79f2,PO-MAN-2026-58611,APPROVED,2026-06-24,2026-07-01,,1447437.13
a75e0e74-867d-4979-b391-47a38177aab8,e9ce1e40-149e-4ce9-9fa9-805e7fe159fa,1400ecad-7beb-4557-b782-a9b67dbfa3ea,PO-MAN-2026-85902,ORDERED,2026-05-26,2026-05-31,,1007924.08
a9b37357-cd77-48d9-9ad6-dc5293c9d180,e9ce1e40-149e-4ce9-9fa9-805e7fe159fa,301e3cd3-c948-49e9-add4-e8080a9fab7f,PO-MAN-2026-62269,RECEIVED,2026-08-22,2026-08-29,2026-08-30,788974.69
c124bd6b-e000-4ee3-ac2f-4dbf5584de15,e9ce1e40-149e-4ce9-9fa9-805e7fe159fa,85ba89f5-0cbe-423d-9b09-8edf117efeb7,PO-MAN-2026-32117,ORDERED,2026-05-17,2026-05-23,,1593160.72
9a6f34d7-f627-4237-81fe-b04d677e5cc6,e9ce1e40-149e-4ce9-9fa9-805e7fe159fa,41e5f347-011f-49c8-a809-9ebc6ef93e37,PO-MAN-2026-45210,APPROVED,2026-10-05,2026-10-11,,1312861.89
551dfd91-641f-4739-9492-a663670e89c9,e9ce1e40-149e-4ce9-9fa9-805e7fe159fa,389d9f94-94f3-497d-9ad3-80b154c36b08,PO-MAN-2026-54098,RECEIVED,2026-06-24,2026-06-26,2026-06-25,258385.0
569ccff5-0304-4fc9-b8d3-23bfcf9c57e0,e9ce1e40-149e-4ce9-9fa9-805e7fe159fa,e692d4b3-4456-49eb-87f5-ee22fc6e4200,PO-MAN-2026-62920,APPROVED,2026-09-21,2026-09-26,,416588.27
16f54a08-1e64-4f03-9506-e8d64dbbbb77,e9ce1e40-149e-4ce9-9fa9-805e7fe159fa,41e5f347-011f-49c8-a809-9ebc6ef93e37,PO-MAN-2026-41857,ORDERED,2026-09-10,2026-09-16,,859895.69
db89bc22-72ac-4f7b-9147-6d11dec00f21,e9ce1e40-149e-4ce9-9fa9-805e7fe159fa,389d9f94-94f3-497d-9ad3-80b154c36b08,PO-MAN-2026-42357,PARTIALLY_RECEIVED,2026-07-24,2026-07-28,,317887.06
cf18e05e-cd26-49ce-9b6c-80a6b09ad15d,e9ce1e40-149e-4ce9-9fa9-805e7fe159fa,43b13eff-affb-4e79-a137-2d676513f12b,PO-MAN-2026-48298,RECEIVED,2026-06-23,2026-06-28,2026-06-27,943909.96
7b435468-ea67-4c1f-9acf-f61be35fae4b,e9ce1e40-149e-4ce9-9fa9-805e7fe159fa,43b13eff-affb-4e79-a137-2d676513f12b,PO-MAN-2026-86423,APPROVED,2026-07-24,2026-08-03,,2013423.16
6b8caf58-5b05-40ba-8859-5a15067bfb24,e9ce1e40-149e-4ce9-9fa9-805e7fe159fa,389d9f94-94f3-497d-9ad3-80b154c36b08,PO-MAN-2026-48341,RECEIVED,2026-06-09,2026-06-17,2026-06-18,980709.49
8ebf5a2b-d7f0-4098-8a9c-2fcceb1703f2,e9ce1e40-149e-4ce9-9fa9-805e7fe159fa,85ba89f5-0cbe-423d-9b09-8edf117efeb7,PO-MAN-2026-53689,PARTIALLY_RECEIVED,2026-07-01,2026-07-10,,441758.49
893bfc88-8ca4-4198-9e77-0199734f4357,e3bbe120-0a9b-4cd8-b137-17f5c377e253,e692d4b3-4456-49eb-87f5-ee22fc6e4200,PO-MYS-2026-53556,RECEIVED,2026-06-06,2026-06-10,2026-06-12,597227.29
6b480f2b-84c9-4667-972f-a4be54c4b580,e3bbe120-0a9b-4cd8-b137-17f5c377e253,1400ecad-7beb-4557-b782-a9b67dbfa3ea,PO-MYS-2026-16460,APPROVED,2026-06-05,2026-06-10,,333282.31
af1ce810-199f-42c7-82e1-aa8c750652fe,e3bbe120-0a9b-4cd8-b137-17f5c377e253,41e5f347-011f-49c8-a809-9ebc6ef93e37,PO-MYS-2026-30856,PARTIALLY_RECEIVED,2026-06-01,2026-06-07,,1056663.14
f3752a7b-e191-48aa-ac99-789b50c7ef75,e3bbe120-0a9b-4cd8-b137-17f5c377e253,b55d3c34-369b-4934-9015-9e38109b79f2,PO-MYS-2026-92609,ORDERED,2026-10-01,2026-10-07,,645670.18
bac3b31e-88af-4ae0-a9bc-bc5430f730d3,e3bbe120-0a9b-4cd8-b137-17f5c377e253,1400ecad-7beb-4557-b782-a9b67dbfa3ea,PO-MYS-2026-22377,ORDERED,2026-08-11,2026-08-19,,1020323.44
d83e6fea-1632-4033-af66-e8431628abc3,e3bbe120-0a9b-4cd8-b137-17f5c377e253,8a3cc937-5d2e-4b04-b961-e6372fb37757,PO-MYS-2026-29315,RECEIVED,2026-07-04,2026-07-11,2026-07-12,804567.1
d551c5f3-6d08-4d5d-b093-6f1a2b1abf2d,e3bbe120-0a9b-4cd8-b137-17f5c377e253,301e3cd3-c948-49e9-add4-e8080a9fab7f,PO-MYS-2026-35649,RECEIVED,2026-08-13,2026-08-18,2026-08-17,878903.5
2ef22a0a-f10f-4475-b6fb-65c96467df8c,e3bbe120-0a9b-4cd8-b137-17f5c377e253,1400ecad-7beb-4557-b782-a9b67dbfa3ea,PO-MYS-2026-20255,APPROVED,2026-05-14,2026-05-18,,309477.0
27561b2e-b32e-4524-adc6-74e45d1d036e,e3bbe120-0a9b-4cd8-b137-17f5c377e253,1400ecad-7beb-4557-b782-a9b67dbfa3ea,PO-MYS-2026-14574,PARTIALLY_RECEIVED,2026-06-20,2026-06-26,,764931.4
f46753c7-b480-4556-b345-3800c4b74c69,e3bbe120-0a9b-4cd8-b137-17f5c377e253,85ba89f5-0cbe-423d-9b09-8edf117efeb7,PO-MYS-2026-10280,PARTIALLY_RECEIVED,2026-10-01,2026-10-11,,1510168.66
6db93028-0f9b-4d81-9ac9-543014491799,e3bbe120-0a9b-4cd8-b137-17f5c377e253,e692d4b3-4456-49eb-87f5-ee22fc6e4200,PO-MYS-2026-48859,APPROVED,2026-08-24,2026-08-26,,889051.81
ca833200-bf97-4a83-b565-51ac98515a18,e3bbe120-0a9b-4cd8-b137-17f5c377e253,389d9f94-94f3-497d-9ad3-80b154c36b08,PO-MYS-2026-74770,APPROVED,2026-07-12,2026-07-15,,916387.45
ea021556-a27a-4671-b63c-ed12e34e7fc9,e3bbe120-0a9b-4cd8-b137-17f5c377e253,389d9f94-94f3-497d-9ad3-80b154c36b08,PO-MYS-2026-85993,RECEIVED,2026-09-25,2026-10-01,2026-10-02,130417.4
f767f061-985b-4ebe-ab4d-0a288d06d408,e3bbe120-0a9b-4cd8-b137-17f5c377e253,85ba89f5-0cbe-423d-9b09-8edf117efeb7,PO-MYS-2026-63384,RECEIVED,2026-09-05,2026-09-09,2026-09-08,648841.44
43c03181-aa6a-4d01-8f38-1477a679d70e,e3bbe120-0a9b-4cd8-b137-17f5c377e253,41e5f347-011f-49c8-a809-9ebc6ef93e37,PO-MYS-2026-49502,RECEIVED,2026-06-10,2026-06-15,2026-06-14,1096018.2
177ad447-03a0-432d-be25-41534feb6d1e,e3bbe120-0a9b-4cd8-b137-17f5c377e253,1400ecad-7beb-4557-b782-a9b67dbfa3ea,PO-MYS-2026-19913,ORDERED,2026-10-08,2026-10-14,,977084.79
9463d085-783b-4ec1-9832-2c8d729875ba,e3bbe120-0a9b-4cd8-b137-17f5c377e253,41e5f347-011f-49c8-a809-9ebc6ef93e37,PO-MYS-2026-58210,PARTIALLY_RECEIVED,2026-07-10,2026-07-20,,2130702.04
9fad1248-bba6-4c82-965d-cb391f49ffec,e3bbe120-0a9b-4cd8-b137-17f5c377e253,e6d69402-090c-458e-ab40-7589f32bf4bf,PO-MYS-2026-64298,ORDERED,2026-10-03,2026-10-13,,644933.48
5d87d7d2-5483-4868-b370-be165f2f547b,e3bbe120-0a9b-4cd8-b137-17f5c377e253,8a3cc937-5d2e-4b04-b961-e6372fb37757,PO-MYS-2026-45347,ORDERED,2026-07-25,2026-07-31,,630659.75
edff562f-eb61-479c-a752-e4924668c665,e3bbe120-0a9b-4cd8-b137-17f5c377e253,b55d3c34-369b-4934-9015-9e38109b79f2,PO-MYS-2026-39699,PARTIALLY_RECEIVED,2026-08-18,2026-08-21,,1157021.41
344ec110-3ad3-4cb8-b263-16484194610f,08edb0d0-edbf-44ce-9d32-b74a11e02048,e692d4b3-4456-49eb-87f5-ee22fc6e4200,PO-HUB-2026-43722,APPROVED,2026-05-28,2026-06-01,,325532.78
5d6d2752-2278-4c89-a58e-5ed8562a92dd,08edb0d0-edbf-44ce-9d32-b74a11e02048,e6d69402-090c-458e-ab40-7589f32bf4bf,PO-HUB-2026-61085,ORDERED,2026-06-25,2026-06-27,,848098.22
273ae76b-6be4-4119-8bf7-9de2abc9762b,08edb0d0-edbf-44ce-9d32-b74a11e02048,b55d3c34-369b-4934-9015-9e38109b79f2,PO-HUB-2026-27747,PARTIALLY_RECEIVED,2026-10-01,2026-10-11,,1103856.94
1b6d74a7-5fa1-4130-8d9d-dcb9141f785d,08edb0d0-edbf-44ce-9d32-b74a11e02048,b55d3c34-369b-4934-9015-9e38109b79f2,PO-HUB-2026-78987,PARTIALLY_RECEIVED,2026-07-19,2026-07-21,,1018838.96
17c7c74a-3161-4972-8463-b3c75188d1b6,08edb0d0-edbf-44ce-9d32-b74a11e02048,e692d4b3-4456-49eb-87f5-ee22fc6e4200,PO-HUB-2026-50033,ORDERED,2026-06-21,2026-06-26,,728858.37
d449284a-4c32-4315-9aec-12c7f886790d,08edb0d0-edbf-44ce-9d32-b74a11e02048,e6d69402-090c-458e-ab40-7589f32bf4bf,PO-HUB-2026-96636,RECEIVED,2026-06-23,2026-06-30,2026-07-02,1161728.38
0d5e607a-49a3-459a-8861-8f73e7996672,08edb0d0-edbf-44ce-9d32-b74a11e02048,43b13eff-affb-4e79-a137-2d676513f12b,PO-HUB-2026-14442,RECEIVED,2026-07-09,2026-07-18,2026-07-17,1913733.55
31ec2697-bc3e-4b31-ae14-9fdbc2ec6cea,08edb0d0-edbf-44ce-9d32-b74a11e02048,e6d69402-090c-458e-ab40-7589f32bf4bf,PO-HUB-2026-31915,APPROVED,2026-06-06,2026-06-10,,847439.29
0dd10d85-f3d1-41f1-97ce-93c924be19f6,08edb0d0-edbf-44ce-9d32-b74a11e02048,e6d69402-090c-458e-ab40-7589f32bf4bf,PO-HUB-2026-18141,RECEIVED,2026-08-21,2026-08-29,2026-08-30,613597.12
2da763e0-e17b-4d2d-a72a-c04c1b338daf,08edb0d0-edbf-44ce-9d32-b74a11e02048,e6d69402-090c-458e-ab40-7589f32bf4bf,PO-HUB-2026-68742,ORDERED,2026-08-29,2026-09-01,,430868.95
1e080a2e-c85f-4287-9e67-8160306ff815,08edb0d0-edbf-44ce-9d32-b74a11e02048,43b13eff-affb-4e79-a137-2d676513f12b,PO-HUB-2026-44717,APPROVED,2026-09-07,2026-09-15,,917465.97
e0a76e1d-b37a-402d-ac8d-3ed4436f5e9d,08edb0d0-edbf-44ce-9d32-b74a11e02048,41e5f347-011f-49c8-a809-9ebc6ef93e37,PO-HUB-2026-81563,RECEIVED,2026-05-23,2026-06-02,2026-06-04,211135.09
98fda19f-18fc-457b-a901-9daea2a8bcd8,08edb0d0-edbf-44ce-9d32-b74a11e02048,e6d69402-090c-458e-ab40-7589f32bf4bf,PO-HUB-2026-48272,RECEIVED,2026-10-08,2026-10-16,2026-10-15,684661.48
860cd407-7ad3-487c-9139-78b7f2371c63,08edb0d0-edbf-44ce-9d32-b74a11e02048,41e5f347-011f-49c8-a809-9ebc6ef93e37,PO-HUB-2026-77087,ORDERED,2026-06-29,2026-07-02,,885403.29
ce3fe0e7-fdf3-4f93-9b2c-1d8ab222d5e1,08edb0d0-edbf-44ce-9d32-b74a11e02048,85ba89f5-0cbe-423d-9b09-8edf117efeb7,PO-HUB-2026-17408,APPROVED,2026-05-17,2026-05-25,,826059.14
d8ce1ff3-3fce-481f-b7bf-059ed3a53eb9,08edb0d0-edbf-44ce-9d32-b74a11e02048,e692d4b3-4456-49eb-87f5-ee22fc6e4200,PO-HUB-2026-90548,RECEIVED,2026-09-20,2026-09-24,2026-09-24,405814.98
9f7527f1-fcde-4675-bcfa-16c9e65e7430,08edb0d0-edbf-44ce-9d32-b74a11e02048,389d9f94-94f3-497d-9ad3-80b154c36b08,PO-HUB-2026-91860,RECEIVED,2026-08-17,2026-08-24,2026-08-24,867016.95
7001a4c5-ae58-426f-bf93-2fa809781b0a,08edb0d0-edbf-44ce-9d32-b74a11e02048,8a3cc937-5d2e-4b04-b961-e6372fb37757,PO-HUB-2026-78134,ORDERED,2026-08-05,2026-08-12,,155951.44
cfc0989a-9d5a-48d2-96c2-e10097ca8e87,08edb0d0-edbf-44ce-9d32-b74a11e02048,85ba89f5-0cbe-423d-9b09-8edf117efeb7,PO-HUB-2026-71926,RECEIVED,2026-07-31,2026-08-06,2026-08-08,1334276.45
bac48bc0-53db-429c-9cd5-e458b55e3bbf,08edb0d0-edbf-44ce-9d32-b74a11e02048,1400ecad-7beb-4557-b782-a9b67dbfa3ea,PO-HUB-2026-98406,PARTIALLY_RECEIVED,2026-08-06,2026-08-14,,763997.24
89cd8330-90e5-4c99-808d-d422a4df34ea,a7373a90-b4e1-4e4c-8f0b-7ad06a9fa600,b55d3c34-369b-4934-9015-9e38109b79f2,PO-KOC-2026-54847,ORDERED,2026-06-18,2026-06-28,,99938.08
1a98ab11-488c-4188-880f-db478dbbce76,a7373a90-b4e1-4e4c-8f0b-7ad06a9fa600,1400ecad-7beb-4557-b782-a9b67dbfa3ea,PO-KOC-2026-81405,ORDERED,2026-07-18,2026-07-22,,984341.56
ea398da3-af22-45a9-8f46-adea15d14671,a7373a90-b4e1-4e4c-8f0b-7ad06a9fa600,41e5f347-011f-49c8-a809-9ebc6ef93e37,PO-KOC-2026-12295,RECEIVED,2026-07-01,2026-07-04,2026-07-06,392677.03
b2b59d01-18e4-4790-9bde-64f5c2f31083,a7373a90-b4e1-4e4c-8f0b-7ad06a9fa600,8a3cc937-5d2e-4b04-b961-e6372fb37757,PO-KOC-2026-39232,RECEIVED,2026-06-22,2026-07-02,2026-07-02,1428637.39
73666112-7823-4198-945a-ad3c1e206694,a7373a90-b4e1-4e4c-8f0b-7ad06a9fa600,b55d3c34-369b-4934-9015-9e38109b79f2,PO-KOC-2026-60404,RECEIVED,2026-08-24,2026-08-28,2026-08-28,1226122.67
9cd42213-a3cb-4ceb-bac0-f01415e9449e,a7373a90-b4e1-4e4c-8f0b-7ad06a9fa600,85ba89f5-0cbe-423d-9b09-8edf117efeb7,PO-KOC-2026-94625,RECEIVED,2026-10-04,2026-10-11,2026-10-13,859208.34
e5987e70-771f-4dbc-bba1-cc4a7149b510,a7373a90-b4e1-4e4c-8f0b-7ad06a9fa600,41e5f347-011f-49c8-a809-9ebc6ef93e37,PO-KOC-2026-19384,RECEIVED,2026-07-03,2026-07-12,2026-07-14,464519.9
0d7b0241-e0d9-4c29-a965-567ff052ed23,a7373a90-b4e1-4e4c-8f0b-7ad06a9fa600,301e3cd3-c948-49e9-add4-e8080a9fab7f,PO-KOC-2026-45065,RECEIVED,2026-08-14,2026-08-18,2026-08-18,236609.73
17ea1212-2571-45e9-8acc-27030dffc8f9,a7373a90-b4e1-4e4c-8f0b-7ad06a9fa600,301e3cd3-c948-49e9-add4-e8080a9fab7f,PO-KOC-2026-88145,APPROVED,2026-10-08,2026-10-17,,746269.78
18fce84a-dda9-48ce-a2a4-74f62317057b,a7373a90-b4e1-4e4c-8f0b-7ad06a9fa600,41e5f347-011f-49c8-a809-9ebc6ef93e37,PO-KOC-2026-36833,RECEIVED,2026-09-13,2026-09-19,2026-09-18,1028457.14
5f67e7dc-a0ba-4c09-8acc-0499f43d27ce,a7373a90-b4e1-4e4c-8f0b-7ad06a9fa600,b55d3c34-369b-4934-9015-9e38109b79f2,PO-KOC-2026-71241,PARTIALLY_RECEIVED,2026-09-03,2026-09-07,,554042.83
0d989659-dcee-4e38-804f-6a44aced201e,a7373a90-b4e1-4e4c-8f0b-7ad06a9fa600,43b13eff-affb-4e79-a137-2d676513f12b,PO-KOC-2026-28987,ORDERED,2026-07-06,2026-07-15,,681555.88
0ef91036-d0ca-4c99-be2c-3b1fff09aaa6,a7373a90-b4e1-4e4c-8f0b-7ad06a9fa600,b55d3c34-369b-4934-9015-9e38109b79f2,PO-KOC-2026-73348,PARTIALLY_RECEIVED,2026-09-07,2026-09-10,,505280.83
dcdcaadc-780b-4142-bc1a-429a739a11e2,a7373a90-b4e1-4e4c-8f0b-7ad06a9fa600,301e3cd3-c948-49e9-add4-e8080a9fab7f,PO-KOC-2026-10101,APPROVED,2026-06-28,2026-07-06,,1989067.45
f27969c3-c62a-4c63-aa47-9e5a4a1452a3,a7373a90-b4e1-4e4c-8f0b-7ad06a9fa600,389d9f94-94f3-497d-9ad3-80b154c36b08,PO-KOC-2026-10381,ORDERED,2026-07-04,2026-07-06,,1567017.0
ed0ce864-a7d6-4efd-956d-540694503876,a7373a90-b4e1-4e4c-8f0b-7ad06a9fa600,e6d69402-090c-458e-ab40-7589f32bf4bf,PO-KOC-2026-32772,APPROVED,2026-07-27,2026-07-29,,1668232.16
1ef3c604-670d-4257-8887-b6585a291704,a7373a90-b4e1-4e4c-8f0b-7ad06a9fa600,8a3cc937-5d2e-4b04-b961-e6372fb37757,PO-KOC-2026-53971,ORDERED,2026-10-07,2026-10-12,,1577446.22
ea69a3c7-b01f-4c79-a20d-89b1e4d8742a,a7373a90-b4e1-4e4c-8f0b-7ad06a9fa600,e692d4b3-4456-49eb-87f5-ee22fc6e4200,PO-KOC-2026-24491,RECEIVED,2026-08-30,2026-09-07,2026-09-08,1243851.6
7c44aa59-61c3-47b4-a33d-e8f24d99e9d8,a7373a90-b4e1-4e4c-8f0b-7ad06a9fa600,e692d4b3-4456-49eb-87f5-ee22fc6e4200,PO-KOC-2026-50018,ORDERED,2026-07-26,2026-08-02,,817172.35
5ac34a19-452b-4e86-8e64-37c547a4efdd,a7373a90-b4e1-4e4c-8f0b-7ad06a9fa600,e692d4b3-4456-49eb-87f5-ee22fc6e4200,PO-KOC-2026-24639,PARTIALLY_RECEIVED,2026-08-24,2026-09-03,,563589.91
3b4acdb8-dde1-4262-a6f5-8d6f1d7ec70b,85ae4cf3-51bf-45d7-8011-bb994eb602a6,b55d3c34-369b-4934-9015-9e38109b79f2,PO-CHE-2026-70755,PARTIALLY_RECEIVED,2026-05-26,2026-06-04,,517478.6
b5bd515e-d865-4c8f-8fc7-89be63154e12,85ae4cf3-51bf-45d7-8011-bb994eb602a6,41e5f347-011f-49c8-a809-9ebc6ef93e37,PO-CHE-2026-48050,ORDERED,2026-08-29,2026-09-05,,1202115.89
0bb88b73-0d02-4226-9731-14a05d20292d,85ae4cf3-51bf-45d7-8011-bb994eb602a6,1400ecad-7beb-4557-b782-a9b67dbfa3ea,PO-CHE-2026-70629,PARTIALLY_RECEIVED,2026-08-08,2026-08-17,,798977.36
e25b2080-d874-46de-a2b8-7ad02d645cda,85ae4cf3-51bf-45d7-8011-bb994eb602a6,43b13eff-affb-4e79-a137-2d676513f12b,PO-CHE-2026-64484,ORDERED,2026-08-14,2026-08-19,,315122.74
27890868-d20d-49a4-ba5e-3ec036169c37,85ae4cf3-51bf-45d7-8011-bb994eb602a6,301e3cd3-c948-49e9-add4-e8080a9fab7f,PO-CHE-2026-39630,RECEIVED,2026-08-22,2026-08-27,2026-08-26,551359.51
078e8334-fe9b-4de4-bbf0-36d8c73cb435,85ae4cf3-51bf-45d7-8011-bb994eb602a6,b55d3c34-369b-4934-9015-9e38109b79f2,PO-CHE-2026-14221,RECEIVED,2026-07-05,2026-07-07,2026-07-09,1704659.88
84a74f6e-45be-4266-8344-2386066ee434,85ae4cf3-51bf-45d7-8011-bb994eb602a6,1400ecad-7beb-4557-b782-a9b67dbfa3ea,PO-CHE-2026-12095,RECEIVED,2026-07-16,2026-07-20,2026-07-19,1233382.29
4513d697-fcde-4f43-b3e8-5fb145ed06b0,85ae4cf3-51bf-45d7-8011-bb994eb602a6,41e5f347-011f-49c8-a809-9ebc6ef93e37,PO-CHE-2026-76818,PARTIALLY_RECEIVED,2026-08-09,2026-08-17,,1180087.84
004ea88b-8540-4e55-906a-ecffd7d85319,85ae4cf3-51bf-45d7-8011-bb994eb602a6,b55d3c34-369b-4934-9015-9e38109b79f2,PO-CHE-2026-82636,RECEIVED,2026-07-20,2026-07-26,2026-07-27,244838.09
b9f778d4-a0d4-4bd9-925b-124d0578059e,85ae4cf3-51bf-45d7-8011-bb994eb602a6,301e3cd3-c948-49e9-add4-e8080a9fab7f,PO-CHE-2026-88238,RECEIVED,2026-10-04,2026-10-09,2026-10-09,1898711.34
3b8d4188-c45e-49de-98d8-184542ec234b,85ae4cf3-51bf-45d7-8011-bb994eb602a6,b55d3c34-369b-4934-9015-9e38109b79f2,PO-CHE-2026-56439,APPROVED,2026-10-08,2026-10-17,,925256.0
9eb790fd-7ec5-4a1f-80f6-4e09766e00b4,85ae4cf3-51bf-45d7-8011-bb994eb602a6,301e3cd3-c948-49e9-add4-e8080a9fab7f,PO-CHE-2026-65194,RECEIVED,2026-08-03,2026-08-06,2026-08-08,720067.8
b7c977d0-7f61-4c00-8006-701cd0afb046,85ae4cf3-51bf-45d7-8011-bb994eb602a6,41e5f347-011f-49c8-a809-9ebc6ef93e37,PO-CHE-2026-97109,RECEIVED,2026-05-20,2026-05-25,2026-05-25,1094876.8
a0c1c6bf-a07e-4c3e-aa58-bde5dc5bbcf5,85ae4cf3-51bf-45d7-8011-bb994eb602a6,8a3cc937-5d2e-4b04-b961-e6372fb37757,PO-CHE-2026-93890,ORDERED,2026-07-17,2026-07-24,,1011998.79
42e4d292-1fc7-45af-95cc-26e04f479356,85ae4cf3-51bf-45d7-8011-bb994eb602a6,b55d3c34-369b-4934-9015-9e38109b79f2,PO-CHE-2026-72522,RECEIVED,2026-05-29,2026-06-04,2026-06-03,759193.97
c271b21f-b8a6-409c-a1b1-ffda5e8fd45f,85ae4cf3-51bf-45d7-8011-bb994eb602a6,301e3cd3-c948-49e9-add4-e8080a9fab7f,PO-CHE-2026-14082,APPROVED,2026-08-23,2026-08-30,,389632.14
101b7df6-44c5-448c-975c-33f1d9dda6f9,85ae4cf3-51bf-45d7-8011-bb994eb602a6,85ba89f5-0cbe-423d-9b09-8edf117efeb7,PO-CHE-2026-45170,ORDERED,2026-08-21,2026-08-24,,819421.55
698b1f46-b014-4e7a-8a74-18e14b7b6d5a,85ae4cf3-51bf-45d7-8011-bb994eb602a6,b55d3c34-369b-4934-9015-9e38109b79f2,PO-CHE-2026-57612,RECEIVED,2026-06-24,2026-06-29,2026-06-29,402296.21
6134553f-b17c-492b-a415-f90512ba6cb6,85ae4cf3-51bf-45d7-8011-bb994eb602a6,301e3cd3-c948-49e9-add4-e8080a9fab7f,PO-CHE-2026-85068,RECEIVED,2026-07-18,2026-07-25,2026-07-26,402404.76
1de9c132-e59b-4e92-8e0c-0e810877b551,85ae4cf3-51bf-45d7-8011-bb994eb602a6,e692d4b3-4456-49eb-87f5-ee22fc6e4200,PO-CHE-2026-40128,APPROVED,2026-08-29,2026-09-07,,1370782.46
634347ec-d147-4ff0-b0f3-b9dd6ae62fa8,9454a900-be26-4a3d-ad53-b449210cffb4,e6d69402-090c-458e-ab40-7589f32bf4bf,PO-HYD-2026-11385,ORDERED,2026-08-08,2026-08-10,,854651.79
3e37c9fc-98ae-41a3-b751-5b58125311f6,9454a900-be26-4a3d-ad53-b449210cffb4,301e3cd3-c948-49e9-add4-e8080a9fab7f,PO-HYD-2026-14721,RECEIVED,2026-08-16,2026-08-26,2026-08-26,721269.53
5cdfdf27-758d-409c-8840-55f19d92f171,9454a900-be26-4a3d-ad53-b449210cffb4,41e5f347-011f-49c8-a809-9ebc6ef93e37,PO-HYD-2026-17110,RECEIVED,2026-05-24,2026-05-29,2026-05-29,1535850.77
622beb4a-8c89-48b7-8786-5838c8621eb2,9454a900-be26-4a3d-ad53-b449210cffb4,1400ecad-7beb-4557-b782-a9b67dbfa3ea,PO-HYD-2026-50400,APPROVED,2026-07-25,2026-07-29,,1026085.1
1d59cc99-9fa6-4bc4-a9b2-c926f915d2dd,9454a900-be26-4a3d-ad53-b449210cffb4,8a3cc937-5d2e-4b04-b961-e6372fb37757,PO-HYD-2026-17096,APPROVED,2026-08-15,2026-08-20,,502575.45
38186998-4681-4088-bedd-4e2621f8ebe3,9454a900-be26-4a3d-ad53-b449210cffb4,1400ecad-7beb-4557-b782-a9b67dbfa3ea,PO-HYD-2026-18659,APPROVED,2026-06-08,2026-06-10,,1328830.16
d10a6d4f-a629-488b-baa1-7bcd2be0795a,9454a900-be26-4a3d-ad53-b449210cffb4,301e3cd3-c948-49e9-add4-e8080a9fab7f,PO-HYD-2026-59266,APPROVED,2026-07-08,2026-07-10,,107065.58
f6d6c933-3b88-4205-a617-b2fc36f0cb47,9454a900-be26-4a3d-ad53-b449210cffb4,e692d4b3-4456-49eb-87f5-ee22fc6e4200,PO-HYD-2026-52762,RECEIVED,2026-09-30,2026-10-03,2026-10-03,615043.49
003df2c4-5d94-4c95-9e45-31d95082a487,9454a900-be26-4a3d-ad53-b449210cffb4,41e5f347-011f-49c8-a809-9ebc6ef93e37,PO-HYD-2026-38427,RECEIVED,2026-07-16,2026-07-21,2026-07-23,873933.22
2af77140-5cc5-42d6-ac9b-bf57f8ee5227,9454a900-be26-4a3d-ad53-b449210cffb4,41e5f347-011f-49c8-a809-9ebc6ef93e37,PO-HYD-2026-94258,PARTIALLY_RECEIVED,2026-06-01,2026-06-09,,1172853.2
8aac5151-e30e-43fa-8b58-ad53649251bb,9454a900-be26-4a3d-ad53-b449210cffb4,389d9f94-94f3-497d-9ad3-80b154c36b08,PO-HYD-2026-64443,RECEIVED,2026-09-08,2026-09-13,2026-09-15,1051265.66
f2b5d510-c694-44a7-97c4-dbdff2905382,9454a900-be26-4a3d-ad53-b449210cffb4,301e3cd3-c948-49e9-add4-e8080a9fab7f,PO-HYD-2026-27575,RECEIVED,2026-05-17,2026-05-25,2026-05-25,768001.03
5c693c06-0f49-4706-9a92-6c7cca5dde90,9454a900-be26-4a3d-ad53-b449210cffb4,389d9f94-94f3-497d-9ad3-80b154c36b08,PO-HYD-2026-72574,RECEIVED,2026-09-14,2026-09-20,2026-09-20,1959679.43
28d1b55c-f272-4087-98a7-0601f5d77ae4,9454a900-be26-4a3d-ad53-b449210cffb4,41e5f347-011f-49c8-a809-9ebc6ef93e37,PO-HYD-2026-20448,PARTIALLY_RECEIVED,2026-05-26,2026-05-29,,1349498.98
b320b478-ca00-47d9-bb15-c51840b33272,9454a900-be26-4a3d-ad53-b449210cffb4,389d9f94-94f3-497d-9ad3-80b154c36b08,PO-HYD-2026-56570,RECEIVED,2026-09-15,2026-09-22,2026-09-24,326369.67
c228fd9d-485c-417c-ba22-40b8fee069d8,9454a900-be26-4a3d-ad53-b449210cffb4,389d9f94-94f3-497d-9ad3-80b154c36b08,PO-HYD-2026-19344,ORDERED,2026-06-26,2026-06-30,,456204.04
9a090c27-0e1f-4593-8f73-4d8071698d1b,9454a900-be26-4a3d-ad53-b449210cffb4,1400ecad-7beb-4557-b782-a9b67dbfa3ea,PO-HYD-2026-24424,RECEIVED,2026-09-20,2026-09-27,2026-09-28,1096266.19
686268a2-0578-4906-84b1-9bcbe8f5e709,9454a900-be26-4a3d-ad53-b449210cffb4,e692d4b3-4456-49eb-87f5-ee22fc6e4200,PO-HYD-2026-34368,RECEIVED,2026-05-18,2026-05-24,2026-05-24,895514.18
fd1395cb-f49d-4b8e-ae37-c157896e3411,9454a900-be26-4a3d-ad53-b449210cffb4,85ba89f5-0cbe-423d-9b09-8edf117efeb7,PO-HYD-2026-51327,RECEIVED,2026-08-20,2026-08-23,2026-08-23,756053.61
9c5a17f9-8107-449f-bf39-9843178f64fd,9454a900-be26-4a3d-ad53-b449210cffb4,389d9f94-94f3-497d-9ad3-80b154c36b08,PO-HYD-2026-98652,APPROVED,2026-07-16,2026-07-25,,586589.34
4c6d0e89-3d9c-4d64-9a3b-5bc39e9fdef0,0d84597b-6ea1-4332-bd4a-8451cde06855,b55d3c34-369b-4934-9015-9e38109b79f2,PO-PUN-2026-59534,RECEIVED,2026-07-04,2026-07-10,2026-07-10,336331.77
9dd2ab02-57c4-48e8-b9fc-40a4ce127940,0d84597b-6ea1-4332-bd4a-8451cde06855,43b13eff-affb-4e79-a137-2d676513f12b,PO-PUN-2026-82048,RECEIVED,2026-06-30,2026-07-07,2026-07-07,320960.25
43067e6b-c183-474e-9fa7-3238a6083d22,0d84597b-6ea1-4332-bd4a-8451cde06855,389d9f94-94f3-497d-9ad3-80b154c36b08,PO-PUN-2026-53940,ORDERED,2026-08-29,2026-09-04,,1111990.52
588e1cbf-7315-4ef7-b640-6f6b7c576da5,0d84597b-6ea1-4332-bd4a-8451cde06855,e692d4b3-4456-49eb-87f5-ee22fc6e4200,PO-PUN-2026-63348,RECEIVED,2026-08-20,2026-08-27,2026-08-29,1299584.45
bb59ba1d-78b7-4da7-bdb2-26b001ca427c,0d84597b-6ea1-4332-bd4a-8451cde06855,1400ecad-7beb-4557-b782-a9b67dbfa3ea,PO-PUN-2026-83651,APPROVED,2026-06-27,2026-07-07,,209145.59
0244080e-0454-49c0-a9ec-2cc5c85115f0,0d84597b-6ea1-4332-bd4a-8451cde06855,301e3cd3-c948-49e9-add4-e8080a9fab7f,PO-PUN-2026-14214,RECEIVED,2026-05-23,2026-05-28,2026-05-30,1334041.16
ce5c3810-2b12-4aa2-8f93-92040b447b07,0d84597b-6ea1-4332-bd4a-8451cde06855,389d9f94-94f3-497d-9ad3-80b154c36b08,PO-PUN-2026-61787,ORDERED,2026-05-26,2026-05-30,,1359575.41
1ff3fb96-e69a-4e9c-b796-dda9668b424f,0d84597b-6ea1-4332-bd4a-8451cde06855,8a3cc937-5d2e-4b04-b961-e6372fb37757,PO-PUN-2026-91822,APPROVED,2026-09-30,2026-10-09,,986430.45
3f6917e1-b916-42ff-9ef1-7f3e20510df9,0d84597b-6ea1-4332-bd4a-8451cde06855,389d9f94-94f3-497d-9ad3-80b154c36b08,PO-PUN-2026-97776,APPROVED,2026-06-26,2026-06-30,,512877.09
1f2abe9a-fa2b-4d61-b201-aadf4cf2c354,0d84597b-6ea1-4332-bd4a-8451cde06855,1400ecad-7beb-4557-b782-a9b67dbfa3ea,PO-PUN-2026-25975,APPROVED,2026-07-14,2026-07-18,,1327109.47
e7d8a13b-9dd5-46bb-8193-a1d058ccb619,0d84597b-6ea1-4332-bd4a-8451cde06855,301e3cd3-c948-49e9-add4-e8080a9fab7f,PO-PUN-2026-97209,APPROVED,2026-06-07,2026-06-12,,570025.68
46911443-9d80-41cb-b3f9-4ff955656447,0d84597b-6ea1-4332-bd4a-8451cde06855,43b13eff-affb-4e79-a137-2d676513f12b,PO-PUN-2026-88234,ORDERED,2026-06-22,2026-07-02,,839980.41
9f5bdfc5-3d6b-4b38-bdb6-4b22b90d77de,0d84597b-6ea1-4332-bd4a-8451cde06855,e6d69402-090c-458e-ab40-7589f32bf4bf,PO-PUN-2026-70574,APPROVED,2026-07-15,2026-07-17,,304880.82
77939f58-25b3-40db-853e-34e6822e32bb,0d84597b-6ea1-4332-bd4a-8451cde06855,301e3cd3-c948-49e9-add4-e8080a9fab7f,PO-PUN-2026-11712,PARTIALLY_RECEIVED,2026-07-07,2026-07-16,,668196.49
14c0d7cc-f26d-4847-96ad-2faba171e681,0d84597b-6ea1-4332-bd4a-8451cde06855,43b13eff-affb-4e79-a137-2d676513f12b,PO-PUN-2026-36944,APPROVED,2026-05-30,2026-06-07,,450471.01
30e9a73a-c453-42d7-8419-2deeebf19fdc,0d84597b-6ea1-4332-bd4a-8451cde06855,b55d3c34-369b-4934-9015-9e38109b79f2,PO-PUN-2026-73415,RECEIVED,2026-06-14,2026-06-19,2026-06-19,339057.96
273d37b8-d64c-422d-8e44-a229745c54ae,0d84597b-6ea1-4332-bd4a-8451cde06855,389d9f94-94f3-497d-9ad3-80b154c36b08,PO-PUN-2026-91463,RECEIVED,2026-06-19,2026-06-22,2026-06-24,1282121.1
65d85858-9174-4aa7-8647-48f9d28aeb84,0d84597b-6ea1-4332-bd4a-8451cde06855,301e3cd3-c948-49e9-add4-e8080a9fab7f,PO-PUN-2026-62209,ORDERED,2026-06-14,2026-06-19,,432897.71
3ca13d20-ea55-49d1-b953-0389fbaaf9c6,0d84597b-6ea1-4332-bd4a-8451cde06855,8a3cc937-5d2e-4b04-b961-e6372fb37757,PO-PUN-2026-26510,ORDERED,2026-06-27,2026-07-02,,1447041.84
f5dc5398-3508-44ad-b826-dda451458939,0d84597b-6ea1-4332-bd4a-8451cde06855,41e5f347-011f-49c8-a809-9ebc6ef93e37,PO-PUN-2026-61524,RECEIVED,2026-08-17,2026-08-26,2026-08-27,736306.67
