id,supplier_id,medicine_id,unit_price,minimum_order_quantity,lead_time_days,reliability_score,is_preferred,is_active
16483408-5d4b-49ec-81f1-7842f10d9677,301e3cd3-c948-49e9-add4-e8080a9fab7f,3b4f2db0-078e-4414-849b-1ba2782649be,1205.78,10,7,0.899,False,True
00e8486e-51be-499d-9178-c78ee5a42332,301e3cd3-c948-49e9-add4-e8080a9fab7f,8e67a041-f702-4f16-b57b-c66dff30e18b,1145.42,50,7,0.897,False,True
6c0d9de7-f559-4c85-9894-f03868cfe800,301e3cd3-c948-49e9-add4-e8080a9fab7f,9c06c388-c751-407e-9c97-3b46b1db5e7c,63.23,50,5,0.825,False,True
b953767f-fab8-451e-8f1a-8561ad12d308,301e3cd3-c948-49e9-add4-e8080a9fab7f,16d1b73f-8881-425f-82b2-7ab4974b08ef,1537.3,50,2,0.792,False,True
705028f1-e08f-448e-8947-dcf0c4234c01,301e3cd3-c948-49e9-add4-e8080a9fab7f,e3420e6d-9ba0-43de-991d-15b61159daa1,534.12,20,5,0.897,False,True
5427131c-7584-41e8-a085-c8ead1f67c02,301e3cd3-c948-49e9-add4-e8080a9fab7f,6b615b69-ae0e-4f1b-a6dc-2d69233addaa,1198.45,100,5,0.951,True,True
f8fe7b62-7b30-4056-80b0-e9be9af571cb,301e3cd3-c948-49e9-add4-e8080a9fab7f,24bad869-7045-4954-b58f-10edc0407e69,48.7,50,2,0.932,False,True
f71f5ab4-954c-42c9-a30a-3dab4a709028,301e3cd3-c948-49e9-add4-e8080a9fab7f,1b0a2521-7dda-4bed-8313-954689f28c33,297.0,10,10,0.812,False,True
7933ae92-03cd-4150-abb5-a02831b33fb3,301e3cd3-c948-49e9-add4-e8080a9fab7f,063be93d-6835-4b65-a8a1-c36e83278d83,807.51,50,3,0.843,False,True
24b00f9b-0f9a-41cc-bc94-8129de6d24e3,301e3cd3-c948-49e9-add4-e8080a9fab7f,f6dc8117-e75f-4920-a0cf-04c7bafc7542,656.37,20,10,0.805,False,True
df02c981-be7c-4421-8414-f5e4e20c0884,301e3cd3-c948-49e9-add4-e8080a9fab7f,bd5b3f87-5b53-4347-ac00-12fb9d5cd5a6,1636.18,10,6,0.836,False,True
30bd2cc3-5224-4bbe-9514-b93f80b3a5da,301e3cd3-c948-49e9-add4-e8080a9fab7f,ec00005f-8d61-4b61-825c-d8c696ae49aa,1403.52,100,4,0.874,False,True
7e60040b-7eea-41b6-99a1-c890a6df6c72,301e3cd3-c948-49e9-add4-e8080a9fab7f,ea61edd3-7fbd-4c08-b312-d866041879c2,180.73,100,6,0.876,False,True
e52a8fc0-afea-4cd6-885e-dcb690412c74,301e3cd3-c948-49e9-add4-e8080a9fab7f,9f081f26-ba8d-47d6-870e-ca0ca1cae51f,556.27,250,9,0.817,False,True
16f4552c-9256-4bbf-a8e8-2536d7e1cf00,301e3cd3-c948-49e9-add4-e8080a9fab7f,831a67ea-b75d-494e-8ba6-e91b1b1eae6e,1367.27,50,6,0.871,False,True
54ed3f99-8e98-4631-b8b7-cd9c6e028978,301e3cd3-c948-49e9-add4-e8080a9fab7f,0df67422-0ffe-4855-b4b7-0f4e8676cbdb,1054.7,100,2,0.798,False,True
55d6b9bd-28ad-4552-a866-ce22dc529f14,301e3cd3-c948-49e9-add4-e8080a9fab7f,987c980e-f5ed-4388-b102-971ff25870b1,82.57,100,3,0.849,True,True
3d0822b8-d2d1-4ce0-b7fe-9d3edcfe1e07,301e3cd3-c948-49e9-add4-e8080a9fab7f,85b186aa-f3a1-45ba-8d0c-349f8a13c3d4,193.3,50,3,0.816,False,True
57f4a8cf-a2a0-4c13-830c-b8fc06c1d673,301e3cd3-c948-49e9-add4-e8080a9fab7f,b1b122eb-1ba2-4148-b9ac-5d21b2adf647,1049.26,50,6,0.904,True,True
4d7e6c0f-4c58-4f3e-83cc-035f97fa30f0,301e3cd3-c948-49e9-add4-e8080a9fab7f,573f39b9-7855-4b4d-8a9e-14a5e9d8b2cd,1725.74,20,5,0.944,True,True
275af82b-f829-4407-999f-ec2338efa9a0,301e3cd3-c948-49e9-add4-e8080a9fab7f,c037d58f-eb63-482e-81f7-b1f739423cdf,880.09,50,8,0.977,False,True
830eda2b-76f5-40ef-9960-a265171871d4,301e3cd3-c948-49e9-add4-e8080a9fab7f,b3fa980f-96f4-474d-8999-454117e0d5d6,856.49,50,9,0.85,False,True
1b1ae19e-e871-4e7c-acc8-a2c6751e8310,301e3cd3-c948-49e9-add4-e8080a9fab7f,43110ae2-2c0b-4654-936a-72afad56219d,794.53,20,4,0.954,False,True
15f9c76a-61a1-4c73-88aa-d2f4d3a36c72,301e3cd3-c948-49e9-add4-e8080a9fab7f,4bd504ed-a1c0-48c9-bff0-b66723a5f08d,259.33,10,4,0.803,False,True
101557c1-8b70-4ed4-9068-25df5d422a54,301e3cd3-c948-49e9-add4-e8080a9fab7f,e5b7da92-602a-4a8f-9b36-3acfc3414ba7,511.97,50,4,0.933,False,True
b2ad8d8c-2066-4e34-9c76-2f8867abe41b,301e3cd3-c948-49e9-add4-e8080a9fab7f,fdd23e22-960c-4a44-af67-60d832b98217,201.07,100,7,0.828,True,True
e989cfd7-6d05-4360-afc1-b2ab3c534069,301e3cd3-c948-49e9-add4-e8080a9fab7f,0eecbfea-7628-487c-b590-fece2c687e7a,1002.3,250,6,0.954,False,True
044b068b-6c3f-4729-94a7-06cc08b169f7,301e3cd3-c948-49e9-add4-e8080a9fab7f,d2219992-909f-48be-967e-2e3f1c3ddfa9,576.31,20,3,0.841,False,True
1ee76eae-c027-409c-837a-ef243de85456,301e3cd3-c948-49e9-add4-e8080a9fab7f,ebb48eae-a1ef-4da9-8ae1-b2f70e717661,466.69,250,10,0.815,True,True
4dc82b08-03ea-4734-9c5a-9daacb8912b1,301e3cd3-c948-49e9-add4-e8080a9fab7f,d6c64038-55ae-44a3-863b-be781e1a4649,787.69,250,10,0.967,False,True
24a063e0-c996-4005-9f2c-09f054e71996,301e3cd3-c948-49e9-add4-e8080a9fab7f,ceee2775-c68b-4199-9eb8-21746763c4ba,1604.3,250,4,0.889,False,True
23a03ea0-c442-4766-a536-30a559d9c577,301e3cd3-c948-49e9-add4-e8080a9fab7f,061b886b-98ed-480e-9810-63995f2f47ed,1391.45,250,5,0.858,True,True
7f583644-4bfd-4478-9b1b-53e6a398486a,301e3cd3-c948-49e9-add4-e8080a9fab7f,fda2f8a3-95ba-4f42-97f3-dbce57a916f1,1346.25,100,5,0.977,False,True
a4d938d7-4cac-4b2e-b7da-1d84c587d31f,301e3cd3-c948-49e9-add4-e8080a9fab7f,6989db76-adcc-4a3d-b3c0-61fb496a0f5d,227.98,20,2,0.812,True,True
25078834-ed36-456e-9cc7-6019f9d0e3d4,301e3cd3-c948-49e9-add4-e8080a9fab7f,1941089d-b192-4af2-b696-484fa9286d80,1082.09,250,8,0.821,False,True
6ba6249e-ec35-4df8-8395-8a5d987871e9,301e3cd3-c948-49e9-add4-e8080a9fab7f,fb695fdf-9397-485a-aa21-6d65c73c7b07,1401.11,250,4,0.885,True,True
53905c3d-afd9-4fb4-8830-310a5b9b317a,301e3cd3-c948-49e9-add4-e8080a9fab7f,33e37cdb-690b-4dd6-aa0b-3e189bf6bc51,32.97,250,3,0.808,False,True
454d913e-e80b-4047-acb7-96e7c15e182b,301e3cd3-c948-49e9-add4-e8080a9fab7f,9d6f82ea-a6c1-4ee5-bd74-c517ba546a27,226.32,20,4,0.926,False,True
382f38dc-dcea-46a8-9e2a-9ecb2f44dc52,301e3cd3-c948-49e9-add4-e8080a9fab7f,70745aec-f24f-4b18-807e-6adb80d01ba0,366.0,50,9,0.93,False,True
6a8fcee5-7278-4460-aa71-fc19bbb54317,301e3cd3-c948-49e9-add4-e8080a9fab7f,9c021848-0377-486f-a048-370334cce953,242.86,250,5,0.975,False,True
4df0b009-a067-434f-84c5-3499917dc272,301e3cd3-c948-49e9-add4-e8080a9fab7f,2f7de1c2-cb62-4261-83f5-d8323f438333,547.3,10,3,0.919,False,True
8f387322-1000-47eb-8c21-cf4c05af08ba,301e3cd3-c948-49e9-add4-e8080a9fab7f,6cbb6f57-d6cb-41b0-aca5-9ea4e8c5be47,521.31,50,10,0.785,False,True
14fb9677-8be9-4e8f-9316-74ffc2bebc45,301e3cd3-c948-49e9-add4-e8080a9fab7f,b699a59a-a0ec-49d9-b327-482e55347adf,1144.08,250,9,0.809,False,True
b4089ad2-3e71-445f-9acf-fce09f8558ec,301e3cd3-c948-49e9-add4-e8080a9fab7f,67f10774-4e14-4f09-90b6-00a732111449,1739.49,10,3,0.976,False,True
3046a297-70fe-4ef7-926f-ccacdd489693,301e3cd3-c948-49e9-add4-e8080a9fab7f,27bdd8c0-778d-42ea-ae25-964ce81e391d,845.55,50,7,0.784,True,True
55c08e78-e178-4af7-909e-1c72fa07e7b2,301e3cd3-c948-49e9-add4-e8080a9fab7f,97a16fda-9cba-4dc2-8770-0b5104c507d2,1494.34,100,4,0.829,False,True
71687726-d1a3-4b02-93f1-8af9c8eef62c,301e3cd3-c948-49e9-add4-e8080a9fab7f,a88fd15f-1bbb-4271-941e-899867a89583,1093.98,100,10,0.907,False,True
2006b1aa-5be8-48a6-a459-3489e1a0e121,301e3cd3-c948-49e9-add4-e8080a9fab7f,01d77a5e-a466-4d48-b24b-31edb500e5fa,678.54,250,10,0.917,False,True
77301c9f-3b29-4bdd-8bfe-b78456c26fff,301e3cd3-c948-49e9-add4-e8080a9fab7f,8cb385ca-cfdc-404f-8298-512a7c8578b3,821.38,50,6,0.83,False,True
98d9b77a-3038-43e5-8143-cafa8bffad49,301e3cd3-c948-49e9-add4-e8080a9fab7f,b8b41174-e4bb-41e0-8dc8-fbdaf9d470ec,1471.29,20,10,0.794,False,True
98052fd1-0fff-40e6-bc45-efe47802ba98,301e3cd3-c948-49e9-add4-e8080a9fab7f,522740d6-f3db-4ac1-a547-6b62598fe57f,269.94,10,3,0.845,True,True
722652e0-a6b2-4200-b46e-a1c5ea3ab634,301e3cd3-c948-49e9-add4-e8080a9fab7f,1640337f-9614-4c3f-bda8-20c0eb4c6bce,1658.38,250,7,0.84,True,True
40809155-d2b0-4383-b829-ebcf5e3f4fe1,301e3cd3-c948-49e9-add4-e8080a9fab7f,957c588f-5e69-469f-b353-4b24fef25a65,214.96,10,6,0.792,True,True
edc5ecda-7a32-4adf-bac4-30948568c599,301e3cd3-c948-49e9-add4-e8080a9fab7f,99f2ef21-d83e-4cde-a73a-10b587a903a3,103.66,10,5,0.923,False,True
1ffb2eab-4a24-46a5-a7b8-6a6527caddac,301e3cd3-c948-49e9-add4-e8080a9fab7f,2b376704-d06b-441d-a2bf-f0973873411c,577.84,50,10,0.964,False,True
12ca5165-03d9-48ea-af31-20dd36decd36,301e3cd3-c948-49e9-add4-e8080a9fab7f,a041cc1e-bb11-4e03-9969-5026c46ed837,85.91,50,6,0.83,False,True
e70168d4-6f47-4c91-a6c6-361521a1d531,301e3cd3-c948-49e9-add4-e8080a9fab7f,0d430ec5-4d86-4820-8a2c-9a0885280906,1031.65,10,10,0.79,False,True
413b2e4f-ef47-430e-8b99-c190b8ea5157,301e3cd3-c948-49e9-add4-e8080a9fab7f,c51619a8-ba83-483f-9b52-064f926d96a2,946.57,50,10,0.955,True,True
be6d5848-8478-42f0-a061-b8d545f51dc7,301e3cd3-c948-49e9-add4-e8080a9fab7f,378ef267-9155-41bc-a431-7c700c1731e3,1665.32,10,8,0.957,False,True
0697a051-8532-49ce-9446-2fef88a10952,301e3cd3-c948-49e9-add4-e8080a9fab7f,8e15b3a9-915f-4bf0-84c7-182f335e062c,1763.39,10,4,0.944,False,True
337fbc64-ae57-4746-bfbb-a09d511adce5,1400ecad-7beb-4557-b782-a9b67dbfa3ea,0df67422-0ffe-4855-b4b7-0f4e8676cbdb,1082.47,10,10,0.805,True,True
99c95ec1-40cf-41c0-95f6-2bcd30388d30,1400ecad-7beb-4557-b782-a9b67dbfa3ea,ec00005f-8d61-4b61-825c-d8c696ae49aa,165.17,50,7,0.868,False,True
0582e118-3f48-4110-a9df-7eb6e3b1f814,1400ecad-7beb-4557-b782-a9b67dbfa3ea,9c06c388-c751-407e-9c97-3b46b1db5e7c,1210.85,100,5,0.969,False,True
57e43d16-0fbe-4adf-91f5-d215839a5afe,1400ecad-7beb-4557-b782-a9b67dbfa3ea,43110ae2-2c0b-4654-936a-72afad56219d,492.8,100,5,0.846,True,True
08e86711-e9b0-459e-ba82-2048d4b8ce8c,1400ecad-7beb-4557-b782-a9b67dbfa3ea,ca8399a1-143e-4717-be95-7836c2f21dcb,272.83,10,10,0.872,False,True
5132453a-84ec-4ba2-966d-e33ddf89f8ed,1400ecad-7beb-4557-b782-a9b67dbfa3ea,33e37cdb-690b-4dd6-aa0b-3e189bf6bc51,1315.6,10,6,0.977,False,True
8a47d31e-f560-4172-ade2-7bd8e8ee0709,1400ecad-7beb-4557-b782-a9b67dbfa3ea,ebb48eae-a1ef-4da9-8ae1-b2f70e717661,867.03,10,5,0.987,False,True
44ed7705-dfe7-490b-b85f-98e3bcdd8670,1400ecad-7beb-4557-b782-a9b67dbfa3ea,3e98e5ab-52e7-4056-8353-5ac655247948,1712.54,50,3,0.959,False,True
9ca25eef-c273-4e14-b338-d29ce7c1c74b,1400ecad-7beb-4557-b782-a9b67dbfa3ea,2b376704-d06b-441d-a2bf-f0973873411c,226.48,50,7,0.924,True,True
cb3fb2e6-2fab-416c-93df-95bfabd804e0,1400ecad-7beb-4557-b782-a9b67dbfa3ea,bd5b3f87-5b53-4347-ac00-12fb9d5cd5a6,822.14,100,9,0.842,False,True
265293ba-e83c-41ac-8f35-3a9b0d53f9be,1400ecad-7beb-4557-b782-a9b67dbfa3ea,2cd10b6d-063e-4f55-a0b6-37edb93b63a6,800.63,10,4,0.973,False,True
424ef840-dcdd-4448-8f18-9d32bee5c23e,1400ecad-7beb-4557-b782-a9b67dbfa3ea,70745aec-f24f-4b18-807e-6adb80d01ba0,206.17,20,10,0.965,False,True
7a10c8f3-5d68-4706-94e2-ce5b4c6c4ced,1400ecad-7beb-4557-b782-a9b67dbfa3ea,3b4f2db0-078e-4414-849b-1ba2782649be,1507.72,10,2,0.99,False,True
b1d92469-5a76-44c9-b68c-21e44cd4f79c,1400ecad-7beb-4557-b782-a9b67dbfa3ea,27bdd8c0-778d-42ea-ae25-964ce81e391d,1173.02,100,2,0.968,True,True
840b1503-1009-4b60-977e-dd44bce41a16,1400ecad-7beb-4557-b782-a9b67dbfa3ea,987c980e-f5ed-4388-b102-971ff25870b1,439.56,50,3,0.943,True,True
3dd92923-2637-4acb-b25b-540179a98105,1400ecad-7beb-4557-b782-a9b67dbfa3ea,b1b122eb-1ba2-4148-b9ac-5d21b2adf647,1639.86,20,7,0.788,True,True
63efc58e-7413-47b8-9943-466adc4285b2,1400ecad-7beb-4557-b782-a9b67dbfa3ea,99f2ef21-d83e-4cde-a73a-10b587a903a3,100.57,250,7,0.948,False,True
24bd7d11-40a7-4f71-a383-5d0325ff59f1,1400ecad-7beb-4557-b782-a9b67dbfa3ea,8e15b3a9-915f-4bf0-84c7-182f335e062c,1530.14,20,2,0.948,False,True
1764dcae-c270-4145-a859-f1c3114d3934,1400ecad-7beb-4557-b782-a9b67dbfa3ea,8cb385ca-cfdc-404f-8298-512a7c8578b3,1391.62,250,8,0.956,True,True
10d9975e-b9c5-496d-bb81-438c757176c5,1400ecad-7beb-4557-b782-a9b67dbfa3ea,d039d8bd-44d3-44fc-a49f-83d1987d0b48,369.59,10,3,0.886,False,True
4ab43792-f5ca-47a7-90b4-e1aaf9c1b261,1400ecad-7beb-4557-b782-a9b67dbfa3ea,b3163dc0-3ac7-41cc-b4fc-244bcbe446ad,1136.98,10,9,0.813,False,True
b1b5894f-4cae-4fea-b5cd-21e1a246ecbf,1400ecad-7beb-4557-b782-a9b67dbfa3ea,c2b13e9e-9865-4a6b-ba11-417dbd416417,353.93,10,4,0.929,False,True
6b8a3e3d-8b30-4bdb-a5ea-b72c86116d4c,1400ecad-7beb-4557-b782-a9b67dbfa3ea,58bf12e5-ee8a-4194-a34c-aa820079144d,1103.89,50,2,0.909,True,True
a539a89c-a948-4857-bad8-ad9b0268345e,1400ecad-7beb-4557-b782-a9b67dbfa3ea,6b615b69-ae0e-4f1b-a6dc-2d69233addaa,1592.39,50,8,0.816,True,True
4a51ed2c-88ac-4d86-86d7-92c787862eaa,1400ecad-7beb-4557-b782-a9b67dbfa3ea,67ae158e-8140-49ce-b874-0acf92a800c2,336.89,20,10,0.876,False,True
46e56b66-37fa-4186-a386-4f4d4860efa5,1400ecad-7beb-4557-b782-a9b67dbfa3ea,8e67a041-f702-4f16-b57b-c66dff30e18b,1148.44,250,7,0.81,False,True
54148cbb-d621-4c43-a5cf-eaec4e06d698,1400ecad-7beb-4557-b782-a9b67dbfa3ea,4bd504ed-a1c0-48c9-bff0-b66723a5f08d,548.01,50,7,0.927,False,True
5065d922-80fe-4aa2-b4c5-7250ba579e00,1400ecad-7beb-4557-b782-a9b67dbfa3ea,f6dc8117-e75f-4920-a0cf-04c7bafc7542,1693.55,10,3,0.887,False,True
1b9a49f3-7489-4e1c-9524-aebfc54ac83d,1400ecad-7beb-4557-b782-a9b67dbfa3ea,fb695fdf-9397-485a-aa21-6d65c73c7b07,857.71,10,3,0.808,False,True
733481e6-3195-41b1-b307-94be785178c8,1400ecad-7beb-4557-b782-a9b67dbfa3ea,f00273a7-acae-43ae-a0b4-b85c0ed6d4d3,554.03,100,5,0.908,False,True
06333b1c-3196-45b1-ba17-d8324c73824d,1400ecad-7beb-4557-b782-a9b67dbfa3ea,cf8bc62c-4d72-4142-8ab6-03524280a750,745.97,10,5,0.826,False,True
e76e5cc3-2684-4be6-abd4-503c7507692e,1400ecad-7beb-4557-b782-a9b67dbfa3ea,24bad869-7045-4954-b58f-10edc0407e69,576.14,250,2,0.868,False,True
c5268380-c5d6-48b9-9706-9c8d79ed1886,1400ecad-7beb-4557-b782-a9b67dbfa3ea,ceee2775-c68b-4199-9eb8-21746763c4ba,412.26,10,7,0.899,False,True
51c3c996-66ec-4872-93c9-f672f7bd44fc,1400ecad-7beb-4557-b782-a9b67dbfa3ea,13cd9912-56bb-4721-abb1-986f20a370cb,1169.12,50,7,0.846,False,True
453b530c-ccfa-41c6-b927-d500b96579ee,1400ecad-7beb-4557-b782-a9b67dbfa3ea,b261960f-23be-4297-9c50-f27ceac7eedb,992.07,10,5,0.911,False,True
78ec4be5-8306-4a96-a080-14639b12a50c,1400ecad-7beb-4557-b782-a9b67dbfa3ea,c037d58f-eb63-482e-81f7-b1f739423cdf,926.83,250,8,0.966,False,True
83fb9e6b-0549-4ca2-9ba8-95f90bc6152c,1400ecad-7beb-4557-b782-a9b67dbfa3ea,fdd23e22-960c-4a44-af67-60d832b98217,910.51,100,6,0.948,False,True
2d680f2f-bbf0-4cd1-b161-9683a0a9f5be,1400ecad-7beb-4557-b782-a9b67dbfa3ea,d2219992-909f-48be-967e-2e3f1c3ddfa9,1508.59,20,6,0.804,True,True
9c4aa763-680f-41c7-a3c3-31829219b280,1400ecad-7beb-4557-b782-a9b67dbfa3ea,0d430ec5-4d86-4820-8a2c-9a0885280906,1516.85,250,2,0.839,False,True
5087580d-8fb5-451b-9fdb-3192554c800e,1400ecad-7beb-4557-b782-a9b67dbfa3ea,1640337f-9614-4c3f-bda8-20c0eb4c6bce,318.01,100,4,0.936,True,True
789a4034-fc85-4e36-9c48-3327e9980c54,1400ecad-7beb-4557-b782-a9b67dbfa3ea,fda2f8a3-95ba-4f42-97f3-dbce57a916f1,1490.29,100,9,0.858,True,True
fa1a47ee-3a73-46ca-abd6-f4ed1b4373b9,1400ecad-7beb-4557-b782-a9b67dbfa3ea,b699a59a-a0ec-49d9-b327-482e55347adf,1084.71,100,3,0.857,False,True
16820848-3878-4eae-b797-72d76f4d6cf5,1400ecad-7beb-4557-b782-a9b67dbfa3ea,957c588f-5e69-469f-b353-4b24fef25a65,1791.87,50,8,0.845,False,True
99cea704-c235-4622-b97a-d98258b5756b,1400ecad-7beb-4557-b782-a9b67dbfa3ea,522740d6-f3db-4ac1-a547-6b62598fe57f,1272.09,100,5,0.915,True,True
9d38dc38-f986-42dd-85be-c4099f66cf59,1400ecad-7beb-4557-b782-a9b67dbfa3ea,2c4e6d71-0152-4e82-9c16-bfc9c81ea55e,382.63,100,6,0.814,True,True
2880ff37-c317-4281-80b7-b00594108a68,1400ecad-7beb-4557-b782-a9b67dbfa3ea,0eecbfea-7628-487c-b590-fece2c687e7a,1506.66,250,10,0.897,False,True
4f0170e6-fbc9-4ef7-90d1-146a1a74b1e8,1400ecad-7beb-4557-b782-a9b67dbfa3ea,220f964e-a351-4ad0-827e-502f5ded939c,1782.66,100,3,0.874,False,True
e37a8c7b-5af6-4996-aa38-d01830763c11,1400ecad-7beb-4557-b782-a9b67dbfa3ea,2c10bfc8-d106-4422-b38f-e414215c8def,151.45,250,8,0.871,False,True
295d38b0-9cb3-4fe3-8e06-ae1dccda625e,1400ecad-7beb-4557-b782-a9b67dbfa3ea,9c021848-0377-486f-a048-370334cce953,278.01,20,3,0.97,True,True
efe6046b-3ffb-424a-93c5-b6466e0a0146,1400ecad-7beb-4557-b782-a9b67dbfa3ea,f1b95f47-94a2-4979-a411-02444c727d3e,425.27,10,4,0.883,False,True
380f0431-6d59-4b9d-9e43-e4f81ed6bc9e,1400ecad-7beb-4557-b782-a9b67dbfa3ea,9d6f82ea-a6c1-4ee5-bd74-c517ba546a27,891.98,10,2,0.831,False,True
5ff18fc2-a89b-49b4-b1e4-788f759bec03,1400ecad-7beb-4557-b782-a9b67dbfa3ea,0073cc32-e309-402c-96aa-1fb03de469f1,1150.56,50,7,0.921,False,True
83f73867-deb5-4752-9e7b-71b59067cc23,1400ecad-7beb-4557-b782-a9b67dbfa3ea,9f081f26-ba8d-47d6-870e-ca0ca1cae51f,112.13,100,5,0.893,False,True
8a1c15e8-4a94-415c-9c73-e1a3d27fbb0b,1400ecad-7beb-4557-b782-a9b67dbfa3ea,24856ba7-ab81-4f22-985e-e30a3b9397cb,1521.31,20,6,0.941,False,True
d9744eb8-b1e4-460b-bf23-722774bb6fd5,1400ecad-7beb-4557-b782-a9b67dbfa3ea,305d6d9c-7521-4f74-8c0d-0bf7d5af8dfd,912.59,50,10,0.903,False,True
42ff097b-25fb-4397-9d24-256f55d18acb,1400ecad-7beb-4557-b782-a9b67dbfa3ea,24db962d-9a6b-4de6-982b-b719e504efb9,618.34,50,6,0.892,True,True
efcb6c5a-17f3-40e9-b90e-3512b9f64195,1400ecad-7beb-4557-b782-a9b67dbfa3ea,e5b7da92-602a-4a8f-9b36-3acfc3414ba7,722.21,250,10,0.912,True,True
bc958171-f2af-4adf-bd4c-3014e622ef04,1400ecad-7beb-4557-b782-a9b67dbfa3ea,e3420e6d-9ba0-43de-991d-15b61159daa1,615.23,20,3,0.785,False,True
e166e40f-59d9-4b9e-b055-57c726d62eb9,1400ecad-7beb-4557-b782-a9b67dbfa3ea,831a67ea-b75d-494e-8ba6-e91b1b1eae6e,811.19,50,4,0.906,True,True
0770cfd5-2170-43da-80ca-ff24aed22519,1400ecad-7beb-4557-b782-a9b67dbfa3ea,0c98fcbf-9121-467b-910d-10fcfbcd35b6,506.22,10,8,0.913,False,True
5e0b794a-3ade-42c4-a502-8abd8349fd91,85ba89f5-0cbe-423d-9b09-8edf117efeb7,a88fd15f-1bbb-4271-941e-899867a89583,719.32,50,3,0.966,True,True
549316ef-dad7-4041-8fa3-f192a9cfb45a,85ba89f5-0cbe-423d-9b09-8edf117efeb7,43110ae2-2c0b-4654-936a-72afad56219d,159.98,20,8,0.931,False,True
0226c37f-2e09-41ce-bb7f-8ba90966abaf,85ba89f5-0cbe-423d-9b09-8edf117efeb7,061b886b-98ed-480e-9810-63995f2f47ed,1797.75,20,7,0.866,True,True
d105d1cf-eaf1-4b61-a7a9-3bac58fb9604,85ba89f5-0cbe-423d-9b09-8edf117efeb7,d039d8bd-44d3-44fc-a49f-83d1987d0b48,1038.17,20,3,0.927,False,True
8f0f7243-62cb-4548-b7f5-241aad64f642,85ba89f5-0cbe-423d-9b09-8edf117efeb7,957c588f-5e69-469f-b353-4b24fef25a65,711.13,250,6,0.884,True,True
045f8e4a-edd9-4ec6-9036-d4f693097651,85ba89f5-0cbe-423d-9b09-8edf117efeb7,a7d4d675-bb94-424a-b6e4-1709b9e91e6d,662.76,250,2,0.822,True,True
4ddb473b-2618-41f1-96be-bda1adfdb9d4,85ba89f5-0cbe-423d-9b09-8edf117efeb7,cbb4966e-7bea-4df2-82bc-5fcfe9617ff8,820.28,10,10,0.852,False,True
2446cb49-2ac2-4d2e-b9c3-ba88a3d4d53d,85ba89f5-0cbe-423d-9b09-8edf117efeb7,58bf12e5-ee8a-4194-a34c-aa820079144d,1726.9,100,10,0.894,False,True
09bfa605-ac6c-49dc-844d-e459bce2cf55,85ba89f5-0cbe-423d-9b09-8edf117efeb7,cf8bc62c-4d72-4142-8ab6-03524280a750,1615.42,100,5,0.848,False,True
a41cfb35-0e17-4cd1-8f70-1f33ddcd9eca,85ba89f5-0cbe-423d-9b09-8edf117efeb7,1b0a2521-7dda-4bed-8313-954689f28c33,956.94,20,10,0.904,False,True
d1acd530-2b0d-4ed9-b692-42b2e8f9eeda,85ba89f5-0cbe-423d-9b09-8edf117efeb7,2aceb2a6-c859-4f95-a238-9ad796b698fa,544.49,100,9,0.848,True,True
69ca9c06-8157-49ba-a55c-6e75c4b9abc0,85ba89f5-0cbe-423d-9b09-8edf117efeb7,c2b13e9e-9865-4a6b-ba11-417dbd416417,1574.77,20,2,0.898,False,True
f33f8c01-8df4-45c5-9ec8-a11057233a19,85ba89f5-0cbe-423d-9b09-8edf117efeb7,8cb385ca-cfdc-404f-8298-512a7c8578b3,1412.61,20,7,0.88,False,True
0d676f26-2d94-424a-9e66-c1eab84101b1,85ba89f5-0cbe-423d-9b09-8edf117efeb7,b3163dc0-3ac7-41cc-b4fc-244bcbe446ad,1216.88,50,4,0.97,False,True
127d6ea3-71bc-4df1-a04e-49e07b407f99,85ba89f5-0cbe-423d-9b09-8edf117efeb7,d6c64038-55ae-44a3-863b-be781e1a4649,339.84,250,3,0.801,False,True
ce452841-02a3-4f55-b975-22738b594cdb,85ba89f5-0cbe-423d-9b09-8edf117efeb7,9f081f26-ba8d-47d6-870e-ca0ca1cae51f,1719.99,50,9,0.871,True,True
2af93eda-d77f-4e6e-ad42-076a51e82216,85ba89f5-0cbe-423d-9b09-8edf117efeb7,ec00005f-8d61-4b61-825c-d8c696ae49aa,1727.92,50,8,0.789,False,True
6dca1f86-fe86-446a-a95d-5ea62ae71154,85ba89f5-0cbe-423d-9b09-8edf117efeb7,ceee2775-c68b-4199-9eb8-21746763c4ba,125.43,10,10,0.888,False,True
1d6bf4f9-ae0f-453d-a58c-598e052bc3fd,85ba89f5-0cbe-423d-9b09-8edf117efeb7,8e15b3a9-915f-4bf0-84c7-182f335e062c,99.32,50,9,0.861,True,True
36d5f703-9a48-49cb-9806-809540ce84b4,85ba89f5-0cbe-423d-9b09-8edf117efeb7,0c98fcbf-9121-467b-910d-10fcfbcd35b6,1259.16,10,6,0.843,False,True
2abb9906-299e-49ea-a075-2bb9b326f00f,85ba89f5-0cbe-423d-9b09-8edf117efeb7,c5533566-0e57-4058-9e8f-cc921a574da9,754.56,20,3,0.804,False,True
2a4c2ca6-74c0-4683-bbf9-f000e6c35ba7,85ba89f5-0cbe-423d-9b09-8edf117efeb7,9d6f82ea-a6c1-4ee5-bd74-c517ba546a27,10.21,10,2,0.883,False,True
b6b2a447-e9c6-4e4a-a3d7-1a57afeca655,85ba89f5-0cbe-423d-9b09-8edf117efeb7,6f12778d-43ca-4220-8b3b-11201ac91209,780.94,50,6,0.957,False,True
d8a38f5b-52b1-4b05-a1cf-7fffb1ceb6ce,85ba89f5-0cbe-423d-9b09-8edf117efeb7,0073cc32-e309-402c-96aa-1fb03de469f1,585.9,100,7,0.881,False,True
977cb183-22c2-499c-8604-604f7d9f5fc9,85ba89f5-0cbe-423d-9b09-8edf117efeb7,ea61edd3-7fbd-4c08-b312-d866041879c2,417.03,20,8,0.975,True,True
670c4d8e-919d-4552-9bae-f619bb4de0db,85ba89f5-0cbe-423d-9b09-8edf117efeb7,831a67ea-b75d-494e-8ba6-e91b1b1eae6e,833.7,20,9,0.812,True,True
9f4bb952-6fbf-4de7-88fe-69e87ab913ec,85ba89f5-0cbe-423d-9b09-8edf117efeb7,b261960f-23be-4297-9c50-f27ceac7eedb,255.66,100,2,0.782,True,True
3763c4ed-7c22-4531-a317-75181636a908,85ba89f5-0cbe-423d-9b09-8edf117efeb7,f6dc8117-e75f-4920-a0cf-04c7bafc7542,64.06,250,3,0.91,False,True
0acf1d49-f567-41d0-a2f3-fd44e24812ce,85ba89f5-0cbe-423d-9b09-8edf117efeb7,573f39b9-7855-4b4d-8a9e-14a5e9d8b2cd,1028.03,10,4,0.958,True,True
1fcd71ee-2a89-461d-891d-5dda4b34e628,85ba89f5-0cbe-423d-9b09-8edf117efeb7,9c06c388-c751-407e-9c97-3b46b1db5e7c,1537.24,50,6,0.814,False,True
afaed652-3487-45b1-8a2e-85851904cc29,85ba89f5-0cbe-423d-9b09-8edf117efeb7,b699a59a-a0ec-49d9-b327-482e55347adf,1541.04,100,4,0.973,False,True
bfbcd9a4-835f-4301-b0f1-8acfe5a8f8b2,85ba89f5-0cbe-423d-9b09-8edf117efeb7,0d430ec5-4d86-4820-8a2c-9a0885280906,1089.34,20,10,0.856,False,True
550a1a4e-5190-4d0a-b22f-0a2141fb5865,85ba89f5-0cbe-423d-9b09-8edf117efeb7,67ae158e-8140-49ce-b874-0acf92a800c2,578.57,250,6,0.906,False,True
bf19e2d8-e17e-42f7-8f9b-99181f343bdf,85ba89f5-0cbe-423d-9b09-8edf117efeb7,0df67422-0ffe-4855-b4b7-0f4e8676cbdb,749.93,100,7,0.796,True,True
190b35e1-358a-4c86-a462-ac95b4eab8fa,85ba89f5-0cbe-423d-9b09-8edf117efeb7,9c021848-0377-486f-a048-370334cce953,628.89,20,5,0.815,False,True
20934e2d-6753-46c0-9df7-2e027c6551cf,85ba89f5-0cbe-423d-9b09-8edf117efeb7,67f10774-4e14-4f09-90b6-00a732111449,1276.9,10,4,0.847,False,True
e72ec66f-2226-45f8-804b-1af62dd7c7ad,85ba89f5-0cbe-423d-9b09-8edf117efeb7,987c980e-f5ed-4388-b102-971ff25870b1,1072.14,100,4,0.81,False,True
13d7ee36-dfbb-4822-ab71-5fb634a4beee,85ba89f5-0cbe-423d-9b09-8edf117efeb7,2b376704-d06b-441d-a2bf-f0973873411c,317.92,10,9,0.988,True,True
3b576628-1445-4460-91bc-fcc08fa250e9,85ba89f5-0cbe-423d-9b09-8edf117efeb7,378ef267-9155-41bc-a431-7c700c1731e3,37.71,50,6,0.903,True,True
150a8b4d-4573-4287-950b-0bf5674e0f19,85ba89f5-0cbe-423d-9b09-8edf117efeb7,3b4f2db0-078e-4414-849b-1ba2782649be,1615.97,250,2,0.893,False,True
f4b8820a-23b9-4ab5-9e14-11e61cc86b95,85ba89f5-0cbe-423d-9b09-8edf117efeb7,24d1b68c-2a5b-464e-bb4e-c1071b3b4f3d,497.55,250,8,0.905,False,True
87fce5fc-43a9-4d25-aad6-f8505a4de3bf,85ba89f5-0cbe-423d-9b09-8edf117efeb7,2f7de1c2-cb62-4261-83f5-d8323f438333,1197.21,10,10,0.784,False,True
d651e761-d1c1-4412-b304-31f7bebedbf8,85ba89f5-0cbe-423d-9b09-8edf117efeb7,419b95a7-17e5-4918-ad68-d58ee6b6e6f5,422.45,250,9,0.833,False,True
701bd5bf-5f46-4277-9a9b-c36008b099d0,85ba89f5-0cbe-423d-9b09-8edf117efeb7,b1b122eb-1ba2-4148-b9ac-5d21b2adf647,999.95,250,6,0.922,False,True
87723f87-4023-438f-9743-60c63e171e9d,85ba89f5-0cbe-423d-9b09-8edf117efeb7,f00273a7-acae-43ae-a0b4-b85c0ed6d4d3,1023.95,20,4,0.987,False,True
ca6cc7ab-2be6-4539-9a91-d4c3e19191c9,85ba89f5-0cbe-423d-9b09-8edf117efeb7,e3420e6d-9ba0-43de-991d-15b61159daa1,930.13,100,10,0.947,False,True
b5851a63-218f-4ee9-9977-f7bec4c76523,85ba89f5-0cbe-423d-9b09-8edf117efeb7,2c10bfc8-d106-4422-b38f-e414215c8def,739.07,10,10,0.967,False,True
a25a8336-8ae0-4b82-8e49-7a8d1019a9f7,85ba89f5-0cbe-423d-9b09-8edf117efeb7,0eecbfea-7628-487c-b590-fece2c687e7a,1231.19,10,6,0.982,True,True
6bf7c752-1c63-407d-9f69-b363071605b3,85ba89f5-0cbe-423d-9b09-8edf117efeb7,6b615b69-ae0e-4f1b-a6dc-2d69233addaa,365.58,10,10,0.972,False,True
8b9d3bc3-733b-457e-b049-50e2aad37f40,85ba89f5-0cbe-423d-9b09-8edf117efeb7,b3fa980f-96f4-474d-8999-454117e0d5d6,849.88,250,9,0.964,False,True
1fba794d-827a-4c90-b8f9-2ca6be724db4,85ba89f5-0cbe-423d-9b09-8edf117efeb7,a041cc1e-bb11-4e03-9969-5026c46ed837,934.5,100,2,0.934,False,True
b7a165e8-5103-4e0f-9adb-dca53594e07b,85ba89f5-0cbe-423d-9b09-8edf117efeb7,d2219992-909f-48be-967e-2e3f1c3ddfa9,1029.32,100,5,0.97,False,True
c7d85cdc-f792-4607-8ad2-d6f2382da44e,85ba89f5-0cbe-423d-9b09-8edf117efeb7,fda2f8a3-95ba-4f42-97f3-dbce57a916f1,1438.19,10,6,0.823,False,True
8b10d2b4-36dd-4d31-b51c-6ca4c904e0fa,85ba89f5-0cbe-423d-9b09-8edf117efeb7,e5b7da92-602a-4a8f-9b36-3acfc3414ba7,49.47,10,3,0.859,False,True
d184fea5-f1f1-49cc-b991-a02c56faec31,85ba89f5-0cbe-423d-9b09-8edf117efeb7,bd5b3f87-5b53-4347-ac00-12fb9d5cd5a6,1598.53,250,7,0.847,False,True
f6a1a0d4-d3c9-4ed7-bc7a-58f99bd51b64,85ba89f5-0cbe-423d-9b09-8edf117efeb7,ebb48eae-a1ef-4da9-8ae1-b2f70e717661,1049.13,20,5,0.906,False,True
1a799c30-ff2d-49d2-bdeb-4aeb929e9afa,85ba89f5-0cbe-423d-9b09-8edf117efeb7,c51619a8-ba83-483f-9b52-064f926d96a2,846.01,50,2,0.859,False,True
7d398cf4-c1c2-40df-a6d3-1e02dd15be03,85ba89f5-0cbe-423d-9b09-8edf117efeb7,ca8399a1-143e-4717-be95-7836c2f21dcb,242.95,10,4,0.924,False,True
da912e80-a01d-4a40-813a-f8ddb5bad003,85ba89f5-0cbe-423d-9b09-8edf117efeb7,220f964e-a351-4ad0-827e-502f5ded939c,1719.18,10,8,0.801,False,True
00be4154-f37a-45f9-93f8-c1e50d502227,85ba89f5-0cbe-423d-9b09-8edf117efeb7,305d6d9c-7521-4f74-8c0d-0bf7d5af8dfd,1586.82,20,5,0.822,True,True
db8e36e1-4098-4277-95a4-8ce2514da99d,b55d3c34-369b-4934-9015-9e38109b79f2,a88fd15f-1bbb-4271-941e-899867a89583,887.17,50,6,0.893,False,True
0b93ee34-490f-4728-8fdb-2df860b2093b,b55d3c34-369b-4934-9015-9e38109b79f2,b699a59a-a0ec-49d9-b327-482e55347adf,244.1,20,3,0.98,False,True
674d2743-3d60-4116-a3a2-bedefd46136f,b55d3c34-369b-4934-9015-9e38109b79f2,b3fa980f-96f4-474d-8999-454117e0d5d6,1716.14,10,3,0.896,False,True
e33e93b2-5410-4831-bfb7-ee4e7568c668,b55d3c34-369b-4934-9015-9e38109b79f2,8cb385ca-cfdc-404f-8298-512a7c8578b3,461.71,250,2,0.805,False,True
d5e44440-6cfd-4275-a561-0e426c0aed69,b55d3c34-369b-4934-9015-9e38109b79f2,0c98fcbf-9121-467b-910d-10fcfbcd35b6,584.19,250,7,0.878,False,True
33227402-9609-4b00-a7cc-c11d9bea9fb6,b55d3c34-369b-4934-9015-9e38109b79f2,9f081f26-ba8d-47d6-870e-ca0ca1cae51f,961.14,100,3,0.988,False,True
b367f689-91e2-418d-8e08-23f0ecac285e,b55d3c34-369b-4934-9015-9e38109b79f2,d2219992-909f-48be-967e-2e3f1c3ddfa9,1336.97,20,6,0.812,False,True
c36d6b18-64b7-4e9c-ba5f-4dd9c557e5c2,b55d3c34-369b-4934-9015-9e38109b79f2,0eecbfea-7628-487c-b590-fece2c687e7a,619.77,50,2,0.852,False,True
1a5642d2-4792-49fd-868c-fa3bf4a2fdbb,b55d3c34-369b-4934-9015-9e38109b79f2,01d77a5e-a466-4d48-b24b-31edb500e5fa,1123.89,10,8,0.947,False,True
eefafab7-f9fa-4ddc-bf62-479cbb65d663,b55d3c34-369b-4934-9015-9e38109b79f2,fda2f8a3-95ba-4f42-97f3-dbce57a916f1,1663.42,50,5,0.914,True,True
2493f0b6-ffe1-4262-b4f6-e6b38398cf39,b55d3c34-369b-4934-9015-9e38109b79f2,fdd23e22-960c-4a44-af67-60d832b98217,1788.12,20,4,0.793,False,True
efe133a1-ee0e-443b-a151-888ec613a715,b55d3c34-369b-4934-9015-9e38109b79f2,cf8bc62c-4d72-4142-8ab6-03524280a750,239.22,50,3,0.913,False,True
50825303-6924-44fe-b481-f441d19e76e5,b55d3c34-369b-4934-9015-9e38109b79f2,9c06c388-c751-407e-9c97-3b46b1db5e7c,1659.96,100,4,0.932,False,True
81a8c684-6d4a-480c-a609-9ed0adeed286,b55d3c34-369b-4934-9015-9e38109b79f2,24856ba7-ab81-4f22-985e-e30a3b9397cb,1190.63,100,7,0.879,False,True
6c9eb07b-5d05-4da6-8b89-5d59b7aca16b,b55d3c34-369b-4934-9015-9e38109b79f2,c2b13e9e-9865-4a6b-ba11-417dbd416417,622.14,50,3,0.922,False,True
c42d16c6-95bf-4658-b678-c85efbd5bed3,b55d3c34-369b-4934-9015-9e38109b79f2,ca8399a1-143e-4717-be95-7836c2f21dcb,80.13,250,6,0.967,False,True
b525fb7f-2809-4d0d-a900-7c2ea26b08f6,b55d3c34-369b-4934-9015-9e38109b79f2,b8b41174-e4bb-41e0-8dc8-fbdaf9d470ec,1785.32,50,6,0.919,False,True
e9aad581-1abb-44ec-95da-dd306da37701,b55d3c34-369b-4934-9015-9e38109b79f2,1640337f-9614-4c3f-bda8-20c0eb4c6bce,1705.98,100,5,0.935,False,True
1d7879b3-11fd-476e-99e1-894d147ab95e,b55d3c34-369b-4934-9015-9e38109b79f2,85b186aa-f3a1-45ba-8d0c-349f8a13c3d4,1014.78,10,8,0.887,False,True
fd502392-6c29-4998-926c-314951eb8b42,b55d3c34-369b-4934-9015-9e38109b79f2,b261960f-23be-4297-9c50-f27ceac7eedb,759.39,10,7,0.852,False,True
f514b2ba-3694-43b7-8b10-43541d9ccc3c,b55d3c34-369b-4934-9015-9e38109b79f2,16d1b73f-8881-425f-82b2-7ab4974b08ef,796.57,20,3,0.799,False,True
7834232e-1563-49fa-90b2-bef7997dce3b,b55d3c34-369b-4934-9015-9e38109b79f2,24bad869-7045-4954-b58f-10edc0407e69,1182.69,100,7,0.784,False,True
acecb5bb-8dd2-4164-9087-5d10eaf8b336,b55d3c34-369b-4934-9015-9e38109b79f2,6f12778d-43ca-4220-8b3b-11201ac91209,362.48,10,9,0.961,False,True
bb070c1c-3270-4cda-8c36-2fbf748ce5c6,b55d3c34-369b-4934-9015-9e38109b79f2,67ae158e-8140-49ce-b874-0acf92a800c2,1204.79,10,3,0.838,True,True
9632ad21-d72a-4b43-9971-ce53ed8ae326,b55d3c34-369b-4934-9015-9e38109b79f2,70745aec-f24f-4b18-807e-6adb80d01ba0,516.07,20,8,0.971,False,True
f94db443-4b8f-462f-8fa0-fad766c6edaa,b55d3c34-369b-4934-9015-9e38109b79f2,061b886b-98ed-480e-9810-63995f2f47ed,979.41,50,8,0.98,False,True
6697f1c1-8ff2-4855-ba34-a8b9eec5976e,b55d3c34-369b-4934-9015-9e38109b79f2,1b0a2521-7dda-4bed-8313-954689f28c33,465.15,20,7,0.847,False,True
f08c50a7-2c38-4316-9cdc-b7ebe163d3a1,b55d3c34-369b-4934-9015-9e38109b79f2,2b376704-d06b-441d-a2bf-f0973873411c,724.22,50,8,0.785,False,True
8be098dc-3901-414f-8933-f27bb9d85cf9,b55d3c34-369b-4934-9015-9e38109b79f2,67f10774-4e14-4f09-90b6-00a732111449,1576.19,250,7,0.873,False,True
9acdb34e-18dd-47e5-98db-a3fdfb6af897,b55d3c34-369b-4934-9015-9e38109b79f2,831a67ea-b75d-494e-8ba6-e91b1b1eae6e,1538.34,20,4,0.894,False,True
7a0f5587-600b-42cf-a3d0-b179f5205ab2,b55d3c34-369b-4934-9015-9e38109b79f2,3e98e5ab-52e7-4056-8353-5ac655247948,1140.91,250,5,0.831,False,True
7069ee6c-d39f-4998-941d-6df4adca8dac,b55d3c34-369b-4934-9015-9e38109b79f2,378ef267-9155-41bc-a431-7c700c1731e3,1663.58,20,9,0.985,False,True
c1abaed5-2199-40b2-b32f-345884170bd3,b55d3c34-369b-4934-9015-9e38109b79f2,1d534fd0-ecdb-47f7-8df1-911899944ac3,1378.28,20,8,0.881,False,True
2641946d-6af5-4cb7-a441-fe54324a7795,b55d3c34-369b-4934-9015-9e38109b79f2,58bf12e5-ee8a-4194-a34c-aa820079144d,438.49,100,7,0.841,False,True
5712f57b-057a-4a58-bcfb-fcb12c808ac7,b55d3c34-369b-4934-9015-9e38109b79f2,3a19d3ca-1898-4db4-b347-55af1376c897,1058.04,20,5,0.826,False,True
e3c1962c-0460-420a-aaa3-f37201523864,b55d3c34-369b-4934-9015-9e38109b79f2,3e8ecc15-190b-4bcd-a7fd-92ec541c75f4,1550.14,50,3,0.782,False,True
0b3e754b-48bd-4bae-8694-d9b0f8a0c055,b55d3c34-369b-4934-9015-9e38109b79f2,2c10bfc8-d106-4422-b38f-e414215c8def,1437.14,10,9,0.809,False,True
f386c1e8-acec-4ce4-8b03-940ea59c929a,b55d3c34-369b-4934-9015-9e38109b79f2,a197882a-31bc-40ba-be53-5a7c2f5930f7,215.34,10,5,0.99,True,True
d8ba572d-123c-44a0-9409-bf7f89b0f5b8,b55d3c34-369b-4934-9015-9e38109b79f2,ebb48eae-a1ef-4da9-8ae1-b2f70e717661,283.9,10,5,0.91,False,True
94170552-1a4e-4296-8996-f87095650cad,b55d3c34-369b-4934-9015-9e38109b79f2,3e9b0bad-6728-4523-be87-a00adf0fff30,1765.63,100,2,0.809,False,True
7b19b5a5-fd75-44d0-af6f-61bc5be3c30b,b55d3c34-369b-4934-9015-9e38109b79f2,33e37cdb-690b-4dd6-aa0b-3e189bf6bc51,492.97,50,9,0.919,True,True
75b4823e-d144-471f-ac17-312da75251dc,b55d3c34-369b-4934-9015-9e38109b79f2,cbb4966e-7bea-4df2-82bc-5fcfe9617ff8,1499.89,50,3,0.869,False,True
38a58956-1786-43b3-8a8d-577ad21c2a2a,b55d3c34-369b-4934-9015-9e38109b79f2,24db962d-9a6b-4de6-982b-b719e504efb9,905.37,20,8,0.917,False,True
9ccafd39-4ca0-41b6-84a6-e51c7a1b2178,b55d3c34-369b-4934-9015-9e38109b79f2,419b95a7-17e5-4918-ad68-d58ee6b6e6f5,1798.96,10,6,0.8,False,True
90c54dc4-f860-49e8-ac17-8cc47046e242,b55d3c34-369b-4934-9015-9e38109b79f2,2cd10b6d-063e-4f55-a0b6-37edb93b63a6,1758.18,20,4,0.877,False,True
47f4b31b-4cc7-4931-bd16-1159b2ddf196,b55d3c34-369b-4934-9015-9e38109b79f2,a7d4d675-bb94-424a-b6e4-1709b9e91e6d,100.14,20,8,0.854,False,True
d6a93578-497c-4ebb-b525-bc0be279f09f,b55d3c34-369b-4934-9015-9e38109b79f2,c51619a8-ba83-483f-9b52-064f926d96a2,1499.16,250,9,0.867,False,True
9cd93633-b376-4c69-b8f1-3645e099cf20,b55d3c34-369b-4934-9015-9e38109b79f2,063be93d-6835-4b65-a8a1-c36e83278d83,1349.89,100,9,0.883,False,True
39acca2f-46a6-4279-a654-cf45960452dd,b55d3c34-369b-4934-9015-9e38109b79f2,24d1b68c-2a5b-464e-bb4e-c1071b3b4f3d,265.88,50,9,0.8,True,True
91645713-5b3f-494e-9336-7ce8a2de34d0,b55d3c34-369b-4934-9015-9e38109b79f2,f00273a7-acae-43ae-a0b4-b85c0ed6d4d3,964.64,20,2,0.791,True,True
e341d976-4e4c-44ef-95ff-11d963d43546,b55d3c34-369b-4934-9015-9e38109b79f2,13cd9912-56bb-4721-abb1-986f20a370cb,789.88,250,8,0.787,False,True
184bb744-ba8a-4734-a4de-899d43fad30d,b55d3c34-369b-4934-9015-9e38109b79f2,d039d8bd-44d3-44fc-a49f-83d1987d0b48,1483.04,20,3,0.811,False,True
ac9de3b7-38a0-4dac-bb8a-cb3805121384,b55d3c34-369b-4934-9015-9e38109b79f2,3e6ecca3-9ad1-49a9-ad9a-5509b28de79d,1483.04,50,6,0.952,True,True
b59d4f21-0aac-4048-802a-1565ebb22e90,b55d3c34-369b-4934-9015-9e38109b79f2,27bdd8c0-778d-42ea-ae25-964ce81e391d,714.91,50,8,0.834,False,True
05f270b6-4606-45e9-9daf-31a6b38e4807,b55d3c34-369b-4934-9015-9e38109b79f2,b1b122eb-1ba2-4148-b9ac-5d21b2adf647,911.49,50,8,0.878,False,True
9a487085-053e-4a02-bea0-20768e90e023,b55d3c34-369b-4934-9015-9e38109b79f2,c037d58f-eb63-482e-81f7-b1f739423cdf,400.79,100,3,0.938,True,True
c642b424-895f-4a87-a547-16ebc5bc47be,b55d3c34-369b-4934-9015-9e38109b79f2,be0b42c5-6bfe-48dc-8f33-e20d29d25a48,162.08,20,3,0.817,False,True
26a99d3f-db7a-4cd3-a95a-71a70436a353,b55d3c34-369b-4934-9015-9e38109b79f2,e3420e6d-9ba0-43de-991d-15b61159daa1,722.12,100,10,0.809,False,True
880ac33b-f921-484a-91ec-b51e87bcc5fb,b55d3c34-369b-4934-9015-9e38109b79f2,6cbb6f57-d6cb-41b0-aca5-9ea4e8c5be47,812.12,250,5,0.964,False,True
7446fb51-78ad-4e47-80ed-d530d2c1bd42,b55d3c34-369b-4934-9015-9e38109b79f2,8e67a041-f702-4f16-b57b-c66dff30e18b,1572.16,50,3,0.826,False,True
bf4b2c64-3dad-49a6-95c7-d3638f61a87c,e692d4b3-4456-49eb-87f5-ee22fc6e4200,1d534fd0-ecdb-47f7-8df1-911899944ac3,950.7,250,3,0.789,False,True
04f11235-8a7c-463e-8841-0b9e6e9746cd,e692d4b3-4456-49eb-87f5-ee22fc6e4200,0a915249-7e9b-4a22-be4b-d5a6c9628e04,588.49,250,6,0.901,False,True
ef1f4f6a-e4aa-4230-87da-8ac00804d559,e692d4b3-4456-49eb-87f5-ee22fc6e4200,9c021848-0377-486f-a048-370334cce953,313.25,250,9,0.885,False,True
bdf795b3-f547-472d-8859-90667ca2368a,e692d4b3-4456-49eb-87f5-ee22fc6e4200,4bd504ed-a1c0-48c9-bff0-b66723a5f08d,1747.83,250,10,0.863,False,True
2fd28051-d1bb-49a6-9450-33ae1b27ce1c,e692d4b3-4456-49eb-87f5-ee22fc6e4200,97a16fda-9cba-4dc2-8770-0b5104c507d2,237.47,20,7,0.821,True,True
c5acd1d5-c3ff-4643-a4a7-a707de189715,e692d4b3-4456-49eb-87f5-ee22fc6e4200,4fda6990-76da-4515-8f85-4b5ce64dd1ce,1560.13,20,2,0.855,False,True
6422fcad-3dcb-4aeb-95f6-6cf34db81a11,e692d4b3-4456-49eb-87f5-ee22fc6e4200,85b186aa-f3a1-45ba-8d0c-349f8a13c3d4,781.28,50,9,0.975,False,True
ebcda30d-8cb8-4a2f-a989-a45b06fd346b,e692d4b3-4456-49eb-87f5-ee22fc6e4200,67ae158e-8140-49ce-b874-0acf92a800c2,709.55,100,8,0.875,False,True
3d261adb-7636-4040-a242-ddf971a81196,e692d4b3-4456-49eb-87f5-ee22fc6e4200,fda2f8a3-95ba-4f42-97f3-dbce57a916f1,835.58,20,4,0.896,False,True
eb3a630b-7f44-4fdd-9ad1-200fecb9a708,e692d4b3-4456-49eb-87f5-ee22fc6e4200,13cd9912-56bb-4721-abb1-986f20a370cb,627.55,100,2,0.8,True,True
804b1cdd-af39-443d-a261-e7da4fa85c3c,e692d4b3-4456-49eb-87f5-ee22fc6e4200,c2b13e9e-9865-4a6b-ba11-417dbd416417,1303.82,20,10,0.825,False,True
3897b497-9fa0-4202-ba37-f16429eade13,e692d4b3-4456-49eb-87f5-ee22fc6e4200,24db962d-9a6b-4de6-982b-b719e504efb9,1361.93,20,6,0.954,False,True
3f448a52-3992-4ec7-aef3-291e37a61f9a,e692d4b3-4456-49eb-87f5-ee22fc6e4200,8e67a041-f702-4f16-b57b-c66dff30e18b,1078.53,20,2,0.791,False,True
a5226efa-769d-4730-b0b8-14f7fbc2c184,e692d4b3-4456-49eb-87f5-ee22fc6e4200,43110ae2-2c0b-4654-936a-72afad56219d,711.33,100,2,0.902,True,True
1fd48985-10ba-4991-b7ff-6e79fb4d3c99,e692d4b3-4456-49eb-87f5-ee22fc6e4200,0d430ec5-4d86-4820-8a2c-9a0885280906,77.07,250,10,0.898,True,True
3fc5d41c-3234-4e1c-99bc-431f950b006a,e692d4b3-4456-49eb-87f5-ee22fc6e4200,ea61edd3-7fbd-4c08-b312-d866041879c2,1340.28,100,3,0.884,False,True
396859c2-3b41-4b86-aea2-8eb861c0b3d8,e692d4b3-4456-49eb-87f5-ee22fc6e4200,3e8ecc15-190b-4bcd-a7fd-92ec541c75f4,17.81,250,7,0.849,False,True
8eaad4c4-f523-43e3-8689-8edc61766670,e692d4b3-4456-49eb-87f5-ee22fc6e4200,0df67422-0ffe-4855-b4b7-0f4e8676cbdb,676.52,100,9,0.837,True,True
6f574331-1ff1-482b-a002-278c3422995a,e692d4b3-4456-49eb-87f5-ee22fc6e4200,e3420e6d-9ba0-43de-991d-15b61159daa1,1396.63,50,3,0.893,False,True
f1667c28-1b28-4614-9c2b-1ac0941d7afa,e692d4b3-4456-49eb-87f5-ee22fc6e4200,522740d6-f3db-4ac1-a547-6b62598fe57f,1734.74,50,9,0.819,False,True
5e479b5d-aa03-4d52-b0e3-d91afdc9bce6,e692d4b3-4456-49eb-87f5-ee22fc6e4200,ec00005f-8d61-4b61-825c-d8c696ae49aa,1581.64,250,7,0.801,False,True
56b1484c-dc33-47f4-8bd4-815af42f7b99,e692d4b3-4456-49eb-87f5-ee22fc6e4200,0eecbfea-7628-487c-b590-fece2c687e7a,871.32,20,4,0.986,False,True
270e3662-e6de-4499-9d1b-a8660cc16a83,e692d4b3-4456-49eb-87f5-ee22fc6e4200,f1b95f47-94a2-4979-a411-02444c727d3e,769.56,50,10,0.868,True,True
f9a4a82d-3765-4aae-9bcf-0c5914efe711,e692d4b3-4456-49eb-87f5-ee22fc6e4200,ebb48eae-a1ef-4da9-8ae1-b2f70e717661,1432.19,20,3,0.84,False,True
9768a554-c30b-4a49-a406-b2611a2f9c7b,e692d4b3-4456-49eb-87f5-ee22fc6e4200,2aceb2a6-c859-4f95-a238-9ad796b698fa,1574.81,250,2,0.889,False,True
a1528193-a177-4abd-b02a-8bff6aa0afae,e692d4b3-4456-49eb-87f5-ee22fc6e4200,33e37cdb-690b-4dd6-aa0b-3e189bf6bc51,1244.71,10,7,0.92,False,True
3416bd6c-803d-4389-8c5b-50cce4c6a839,e692d4b3-4456-49eb-87f5-ee22fc6e4200,3e9b0bad-6728-4523-be87-a00adf0fff30,1116.74,10,3,0.877,False,True
845ba021-8205-48a9-b572-3468f595c427,e692d4b3-4456-49eb-87f5-ee22fc6e4200,573f39b9-7855-4b4d-8a9e-14a5e9d8b2cd,392.07,10,6,0.82,False,True
c04d19a9-b673-4156-a876-a5a7bbec2844,e692d4b3-4456-49eb-87f5-ee22fc6e4200,220f964e-a351-4ad0-827e-502f5ded939c,181.48,10,6,0.865,False,True
bb3ef456-06aa-4a77-933c-b548df784f9e,e692d4b3-4456-49eb-87f5-ee22fc6e4200,70745aec-f24f-4b18-807e-6adb80d01ba0,1754.16,250,4,0.917,False,True
dc88fd73-2771-48cd-babf-1aaa99e3f8a6,e692d4b3-4456-49eb-87f5-ee22fc6e4200,305d6d9c-7521-4f74-8c0d-0bf7d5af8dfd,1144.55,10,5,0.871,True,True
578f9440-4f38-4b59-b3b7-578af98c8e29,e692d4b3-4456-49eb-87f5-ee22fc6e4200,b8b41174-e4bb-41e0-8dc8-fbdaf9d470ec,966.0,50,5,0.981,True,True
e78b181a-36b3-415e-a8e4-f95de9be1c13,e692d4b3-4456-49eb-87f5-ee22fc6e4200,9d6f82ea-a6c1-4ee5-bd74-c517ba546a27,1272.79,250,6,0.97,True,True
d94f038d-1d9f-4ead-971d-2c52097b55eb,e692d4b3-4456-49eb-87f5-ee22fc6e4200,fb695fdf-9397-485a-aa21-6d65c73c7b07,1685.09,20,8,0.805,True,True
97f3ed05-d7f0-49b0-8d80-271f445a79ca,e692d4b3-4456-49eb-87f5-ee22fc6e4200,01d77a5e-a466-4d48-b24b-31edb500e5fa,1503.8,250,10,0.892,False,True
00a4a99a-df61-45c4-b3a8-dd6f95b16cfd,e692d4b3-4456-49eb-87f5-ee22fc6e4200,b261960f-23be-4297-9c50-f27ceac7eedb,1024.87,10,8,0.873,True,True
b9957057-cf79-4cf2-b3ce-5574ebb4928b,e692d4b3-4456-49eb-87f5-ee22fc6e4200,bd5b3f87-5b53-4347-ac00-12fb9d5cd5a6,1744.0,20,4,0.82,False,True
4995353a-fb35-4991-bc34-4771474b5310,e692d4b3-4456-49eb-87f5-ee22fc6e4200,f00273a7-acae-43ae-a0b4-b85c0ed6d4d3,1736.16,20,3,0.962,False,True
083c9744-43c1-4268-b9e7-257b6576584c,e692d4b3-4456-49eb-87f5-ee22fc6e4200,2c10bfc8-d106-4422-b38f-e414215c8def,1495.39,10,3,0.957,False,True
249ac831-0df2-49e6-a163-1a8f8d9d03ef,e692d4b3-4456-49eb-87f5-ee22fc6e4200,d2219992-909f-48be-967e-2e3f1c3ddfa9,235.47,250,10,0.895,False,True
3e3d864b-cf81-40d1-b59f-78ad3059e8be,e692d4b3-4456-49eb-87f5-ee22fc6e4200,4f7512b2-6b9d-434f-807e-2fc43528691e,1618.87,100,3,0.928,False,True
1b706006-36df-4261-9a2f-acba3e95aa32,e692d4b3-4456-49eb-87f5-ee22fc6e4200,f6dc8117-e75f-4920-a0cf-04c7bafc7542,825.88,250,9,0.856,False,True
5e98d908-e4ea-4d41-a08b-e666020e63f0,e692d4b3-4456-49eb-87f5-ee22fc6e4200,24856ba7-ab81-4f22-985e-e30a3b9397cb,168.84,20,8,0.944,False,True
eb170e3c-a360-4303-8363-69473bf2dacf,e692d4b3-4456-49eb-87f5-ee22fc6e4200,9c06c388-c751-407e-9c97-3b46b1db5e7c,1675.79,10,9,0.787,True,True
21563df4-7b6f-46e4-90c7-2a48573cd5d4,e692d4b3-4456-49eb-87f5-ee22fc6e4200,a7d4d675-bb94-424a-b6e4-1709b9e91e6d,376.83,100,4,0.826,False,True
c8f041ba-34f4-43f0-8483-81b9e74839a3,e692d4b3-4456-49eb-87f5-ee22fc6e4200,419b95a7-17e5-4918-ad68-d58ee6b6e6f5,1685.63,250,9,0.83,True,True
c204ebf5-8785-4c4f-9c48-f2c56453f74f,e692d4b3-4456-49eb-87f5-ee22fc6e4200,831a67ea-b75d-494e-8ba6-e91b1b1eae6e,283.25,250,10,0.821,False,True
ee91eacf-e63a-4087-a3b7-8b61f25cd5e9,e692d4b3-4456-49eb-87f5-ee22fc6e4200,3a19d3ca-1898-4db4-b347-55af1376c897,1643.11,10,4,0.911,False,True
59c6cabc-3c19-4fdf-9fdd-63d3bac3a8b9,e692d4b3-4456-49eb-87f5-ee22fc6e4200,24d1b68c-2a5b-464e-bb4e-c1071b3b4f3d,1442.65,50,9,0.961,False,True
7fa7bba1-2df1-46be-8e76-21c3f069e68e,e692d4b3-4456-49eb-87f5-ee22fc6e4200,a197882a-31bc-40ba-be53-5a7c2f5930f7,631.44,100,3,0.827,False,True
b055ff15-ebf9-4285-93ea-27ea275be017,e692d4b3-4456-49eb-87f5-ee22fc6e4200,d6c64038-55ae-44a3-863b-be781e1a4649,1702.68,10,9,0.942,False,True
8d2b0a5a-c1cf-4902-a196-4ce075687630,e692d4b3-4456-49eb-87f5-ee22fc6e4200,1941089d-b192-4af2-b696-484fa9286d80,335.59,20,7,0.917,False,True
6efd76d5-6bed-4be7-8d5f-2dc58a8dbbb5,e692d4b3-4456-49eb-87f5-ee22fc6e4200,957c588f-5e69-469f-b353-4b24fef25a65,787.09,20,9,0.932,True,True
ed983746-6e5a-405c-8c14-bd7e094bc91d,e692d4b3-4456-49eb-87f5-ee22fc6e4200,6f12778d-43ca-4220-8b3b-11201ac91209,1686.51,20,8,0.803,False,True
26a91a0f-68f2-4735-95e7-3830205ccd05,e692d4b3-4456-49eb-87f5-ee22fc6e4200,58bf12e5-ee8a-4194-a34c-aa820079144d,939.03,10,2,0.872,False,True
eebf18b9-e51e-4e53-bea4-a3afcec53310,e692d4b3-4456-49eb-87f5-ee22fc6e4200,a041cc1e-bb11-4e03-9969-5026c46ed837,879.41,50,6,0.869,True,True
093abd9c-7a7a-4df3-bdc1-d84d4dead861,e692d4b3-4456-49eb-87f5-ee22fc6e4200,3b4f2db0-078e-4414-849b-1ba2782649be,1070.58,50,4,0.914,True,True
94fb4c90-7340-4338-b194-598801662e5c,e692d4b3-4456-49eb-87f5-ee22fc6e4200,c5533566-0e57-4058-9e8f-cc921a574da9,1766.65,20,2,0.968,False,True
c09e6bd9-e634-42d6-ae26-8f0d676f0245,e692d4b3-4456-49eb-87f5-ee22fc6e4200,8e15b3a9-915f-4bf0-84c7-182f335e062c,116.11,50,9,0.916,False,True
2af0f8d0-cc27-4689-bee2-15e2bf370407,e692d4b3-4456-49eb-87f5-ee22fc6e4200,cbb4966e-7bea-4df2-82bc-5fcfe9617ff8,775.28,250,6,0.96,False,True
5abf519f-a275-4e9e-9355-7439736b46bb,e6d69402-090c-458e-ab40-7589f32bf4bf,16d1b73f-8881-425f-82b2-7ab4974b08ef,900.29,100,7,0.962,False,True
c71340ce-138c-4ef7-b55b-627f91277119,e6d69402-090c-458e-ab40-7589f32bf4bf,24db962d-9a6b-4de6-982b-b719e504efb9,1107.42,50,10,0.971,False,True
25bea0d7-55a4-41ce-8a20-0bf14e2440e2,e6d69402-090c-458e-ab40-7589f32bf4bf,2c4e6d71-0152-4e82-9c16-bfc9c81ea55e,833.99,100,2,0.783,False,True
53e77666-d016-4e13-ab03-3caa19929ccd,e6d69402-090c-458e-ab40-7589f32bf4bf,2aceb2a6-c859-4f95-a238-9ad796b698fa,893.81,50,5,0.899,False,True
cbbad584-4797-4017-aefe-4e8c4d31a09a,e6d69402-090c-458e-ab40-7589f32bf4bf,ca8399a1-143e-4717-be95-7836c2f21dcb,1507.21,250,2,0.827,False,True
aa34e7c5-a080-4ea8-a57c-79fab9d60e06,e6d69402-090c-458e-ab40-7589f32bf4bf,cf8bc62c-4d72-4142-8ab6-03524280a750,1527.32,100,10,0.963,False,True
e4cb315c-932a-4d6a-8a60-f9c6652d0632,e6d69402-090c-458e-ab40-7589f32bf4bf,d039d8bd-44d3-44fc-a49f-83d1987d0b48,571.31,10,5,0.836,False,True
67cf33f7-3405-459e-86db-541a7ee1cc20,e6d69402-090c-458e-ab40-7589f32bf4bf,0c98fcbf-9121-467b-910d-10fcfbcd35b6,1690.34,50,5,0.897,False,True
df28c287-7444-4c8b-b517-57064f89f9ff,e6d69402-090c-458e-ab40-7589f32bf4bf,2b376704-d06b-441d-a2bf-f0973873411c,312.28,20,3,0.792,False,True
8ed84c88-4338-4f16-a8c0-91c56debf949,e6d69402-090c-458e-ab40-7589f32bf4bf,67ae158e-8140-49ce-b874-0acf92a800c2,729.96,10,9,0.923,True,True
1c89f40f-79f1-4873-9f93-566292f51ec2,e6d69402-090c-458e-ab40-7589f32bf4bf,3e98e5ab-52e7-4056-8353-5ac655247948,322.43,20,9,0.836,False,True
e2de721f-c186-483e-a60e-1c6659bca40f,e6d69402-090c-458e-ab40-7589f32bf4bf,67f10774-4e14-4f09-90b6-00a732111449,258.98,20,8,0.951,False,True
41485495-9b0d-4f2e-b4ce-8de4d2f7e03e,e6d69402-090c-458e-ab40-7589f32bf4bf,fda2f8a3-95ba-4f42-97f3-dbce57a916f1,502.96,20,10,0.836,False,True
825dfe4c-f010-4e6d-9328-8cdb830a957a,e6d69402-090c-458e-ab40-7589f32bf4bf,3a19d3ca-1898-4db4-b347-55af1376c897,783.07,100,4,0.943,False,True
ba082705-12df-4d51-80ea-f3c038b2d079,e6d69402-090c-458e-ab40-7589f32bf4bf,a197882a-31bc-40ba-be53-5a7c2f5930f7,685.95,100,9,0.825,True,True
b65f8d2e-da0c-44d7-a99c-88faf7ce5cb5,e6d69402-090c-458e-ab40-7589f32bf4bf,b3fa980f-96f4-474d-8999-454117e0d5d6,1031.53,20,10,0.788,False,True
c295495d-6197-4757-baab-990d860ef932,e6d69402-090c-458e-ab40-7589f32bf4bf,b699a59a-a0ec-49d9-b327-482e55347adf,937.9,100,9,0.799,False,True
7fc79936-d94f-4cde-912c-9e852567f5df,e6d69402-090c-458e-ab40-7589f32bf4bf,378ef267-9155-41bc-a431-7c700c1731e3,1346.76,10,5,0.82,True,True
a8f7e527-a665-48fc-98b8-520cb3f8415f,e6d69402-090c-458e-ab40-7589f32bf4bf,bd5b3f87-5b53-4347-ac00-12fb9d5cd5a6,742.81,50,6,0.961,False,True
dd2764f4-db08-4e13-9f60-1d47208b5696,e6d69402-090c-458e-ab40-7589f32bf4bf,061b886b-98ed-480e-9810-63995f2f47ed,1245.2,10,10,0.866,False,True
b7a4a023-dd23-4961-83e1-ed12e2d736a9,e6d69402-090c-458e-ab40-7589f32bf4bf,3e6ecca3-9ad1-49a9-ad9a-5509b28de79d,1662.64,10,4,0.933,False,True
1010662c-e08f-4240-9e65-c7f37ad9ae0f,e6d69402-090c-458e-ab40-7589f32bf4bf,3e9b0bad-6728-4523-be87-a00adf0fff30,183.24,50,6,0.822,True,True
b4908383-8e11-4a9e-a74a-8fa7e5b29eac,e6d69402-090c-458e-ab40-7589f32bf4bf,43110ae2-2c0b-4654-936a-72afad56219d,839.18,20,4,0.947,False,True
18935bc7-093c-4939-89c9-f90ae0ee8828,e6d69402-090c-458e-ab40-7589f32bf4bf,6f12778d-43ca-4220-8b3b-11201ac91209,1446.48,100,4,0.838,False,True
1dccf40c-97e1-4557-8ce0-cc0a5cf34819,e6d69402-090c-458e-ab40-7589f32bf4bf,b1b122eb-1ba2-4148-b9ac-5d21b2adf647,249.99,10,10,0.864,False,True
c4785821-f8fc-426c-8784-eb67910e6b19,e6d69402-090c-458e-ab40-7589f32bf4bf,c51619a8-ba83-483f-9b52-064f926d96a2,1525.23,100,5,0.787,True,True
a373fcdd-083b-4022-902f-d35c529cc271,e6d69402-090c-458e-ab40-7589f32bf4bf,9f081f26-ba8d-47d6-870e-ca0ca1cae51f,1153.54,50,9,0.824,False,True
da57675e-0d29-4964-9449-eff5a54380c3,e6d69402-090c-458e-ab40-7589f32bf4bf,fb695fdf-9397-485a-aa21-6d65c73c7b07,1532.99,20,9,0.828,True,True
f8db72c7-07a9-4d75-af65-76be5efeac17,e6d69402-090c-458e-ab40-7589f32bf4bf,2c10bfc8-d106-4422-b38f-e414215c8def,1562.42,50,4,0.91,False,True
d48db1ec-ffa5-4cb1-8445-72f59fe36920,e6d69402-090c-458e-ab40-7589f32bf4bf,9c021848-0377-486f-a048-370334cce953,237.9,10,9,0.977,False,True
401db97b-d4db-46b5-9392-8b90e4508b60,e6d69402-090c-458e-ab40-7589f32bf4bf,e3420e6d-9ba0-43de-991d-15b61159daa1,798.67,10,9,0.891,False,True
665f6f2d-bee9-4425-a49c-1833b4156638,e6d69402-090c-458e-ab40-7589f32bf4bf,cbb4966e-7bea-4df2-82bc-5fcfe9617ff8,1478.35,10,8,0.84,True,True
b1dc3ea6-2d89-4de6-9a0a-878a2759ec7d,e6d69402-090c-458e-ab40-7589f32bf4bf,8cb385ca-cfdc-404f-8298-512a7c8578b3,435.1,20,6,0.886,False,True
cf5bda54-4da6-41f8-9e76-78d6fdc5b41b,e6d69402-090c-458e-ab40-7589f32bf4bf,6989db76-adcc-4a3d-b3c0-61fb496a0f5d,716.02,250,9,0.972,False,True
41a72d7a-06a2-469a-9a9b-c64ef6a7fe1e,e6d69402-090c-458e-ab40-7589f32bf4bf,8e15b3a9-915f-4bf0-84c7-182f335e062c,1327.85,20,8,0.89,True,True
7410483c-83b2-4bcc-9f52-490bd26c9207,e6d69402-090c-458e-ab40-7589f32bf4bf,27bdd8c0-778d-42ea-ae25-964ce81e391d,1433.06,50,10,0.932,False,True
975aa752-e3ca-49c1-83f1-37db7d37d549,e6d69402-090c-458e-ab40-7589f32bf4bf,b3163dc0-3ac7-41cc-b4fc-244bcbe446ad,1771.66,20,5,0.914,False,True
9c7f5956-7b80-4d99-8e88-111e93716eb5,e6d69402-090c-458e-ab40-7589f32bf4bf,33e37cdb-690b-4dd6-aa0b-3e189bf6bc51,1776.04,20,2,0.867,False,True
00a0efbf-ea41-48c6-bd7b-87a5f3411897,e6d69402-090c-458e-ab40-7589f32bf4bf,573f39b9-7855-4b4d-8a9e-14a5e9d8b2cd,517.02,50,9,0.86,False,True
e75866ba-78b8-4a33-9afb-005ed6596baf,e6d69402-090c-458e-ab40-7589f32bf4bf,6cbb6f57-d6cb-41b0-aca5-9ea4e8c5be47,1591.29,100,4,0.942,False,True
e3698a81-3219-4bdf-98ee-f8f74bd6f824,e6d69402-090c-458e-ab40-7589f32bf4bf,0df67422-0ffe-4855-b4b7-0f4e8676cbdb,1094.6,20,7,0.954,True,True
f92c8adb-f595-493e-91f4-4ade3a87ebc6,e6d69402-090c-458e-ab40-7589f32bf4bf,305d6d9c-7521-4f74-8c0d-0bf7d5af8dfd,402.52,250,8,0.898,False,True
3f5a7454-fcdc-4172-944c-406d9500ae5d,e6d69402-090c-458e-ab40-7589f32bf4bf,24856ba7-ab81-4f22-985e-e30a3b9397cb,106.94,50,5,0.962,True,True
cec147da-e4e0-430d-9df5-fdeb814ef777,e6d69402-090c-458e-ab40-7589f32bf4bf,dee6b134-5f4e-4d83-8133-35e34f0b48e8,718.41,50,10,0.791,False,True
2707ef9e-5368-414a-8b62-8868c5e89054,e6d69402-090c-458e-ab40-7589f32bf4bf,a041cc1e-bb11-4e03-9969-5026c46ed837,469.64,50,9,0.937,False,True
4a2f5778-a876-44ed-a7a0-cbe9a24d58dd,e6d69402-090c-458e-ab40-7589f32bf4bf,1640337f-9614-4c3f-bda8-20c0eb4c6bce,394.94,50,6,0.944,False,True
fb3a803b-5754-4581-8fc0-f1d6aea37538,e6d69402-090c-458e-ab40-7589f32bf4bf,1b0a2521-7dda-4bed-8313-954689f28c33,421.5,50,2,0.981,False,True
09a35c67-1d93-400d-8101-a7bd1303b740,e6d69402-090c-458e-ab40-7589f32bf4bf,97a16fda-9cba-4dc2-8770-0b5104c507d2,1146.92,20,8,0.892,False,True
2851be0e-facf-475b-917c-3e9caee89e91,e6d69402-090c-458e-ab40-7589f32bf4bf,3e8ecc15-190b-4bcd-a7fd-92ec541c75f4,813.56,10,7,0.822,False,True
ed42ea6e-15df-4e18-9281-78b1b506e383,e6d69402-090c-458e-ab40-7589f32bf4bf,2f7de1c2-cb62-4261-83f5-d8323f438333,1462.66,10,5,0.902,True,True
48662332-7319-444b-a28d-ab062b69abbb,e6d69402-090c-458e-ab40-7589f32bf4bf,ec00005f-8d61-4b61-825c-d8c696ae49aa,1750.44,10,10,0.974,False,True
2634a6f7-3e29-444b-b360-62b8ea356e5c,e6d69402-090c-458e-ab40-7589f32bf4bf,063be93d-6835-4b65-a8a1-c36e83278d83,311.09,20,3,0.799,True,True
f0f9afa7-ef74-43df-96d9-c6d7e482aa13,e6d69402-090c-458e-ab40-7589f32bf4bf,99f2ef21-d83e-4cde-a73a-10b587a903a3,135.78,10,10,0.796,True,True
09e09b7f-f07b-4883-9eea-9a1756c5737b,e6d69402-090c-458e-ab40-7589f32bf4bf,c037d58f-eb63-482e-81f7-b1f739423cdf,1490.44,100,7,0.943,False,True
e97a7423-f4d8-4870-9993-dad2b44abbde,e6d69402-090c-458e-ab40-7589f32bf4bf,e5b7da92-602a-4a8f-9b36-3acfc3414ba7,1588.86,20,7,0.89,False,True
40e70339-5c8e-4c8e-aed7-5960d7143fd0,e6d69402-090c-458e-ab40-7589f32bf4bf,24d1b68c-2a5b-464e-bb4e-c1071b3b4f3d,809.73,100,5,0.878,True,True
92ab56b6-19e8-4af7-98f0-5987dd6a1ba4,e6d69402-090c-458e-ab40-7589f32bf4bf,fdd23e22-960c-4a44-af67-60d832b98217,1435.46,100,4,0.812,False,True
3be11770-d3a9-47fd-8fb3-cc32218a65ba,e6d69402-090c-458e-ab40-7589f32bf4bf,70745aec-f24f-4b18-807e-6adb80d01ba0,1516.99,100,4,0.924,False,True
13fbf0f1-bde0-4884-8a74-ae0f3a7b28eb,e6d69402-090c-458e-ab40-7589f32bf4bf,220f964e-a351-4ad0-827e-502f5ded939c,147.32,250,8,0.845,False,True
4dafe4a2-15ef-4e3e-8cd1-1560b19be749,e6d69402-090c-458e-ab40-7589f32bf4bf,0d430ec5-4d86-4820-8a2c-9a0885280906,1242.51,100,10,0.842,False,True
bce3074d-50e6-436c-9768-12813eacbb9a,43b13eff-affb-4e79-a137-2d676513f12b,3e9b0bad-6728-4523-be87-a00adf0fff30,522.11,20,5,0.835,False,True
53137eb2-0983-400c-8015-842b2ea4f81a,43b13eff-affb-4e79-a137-2d676513f12b,c2b13e9e-9865-4a6b-ba11-417dbd416417,1788.39,20,2,0.891,False,True
aa8fac74-cd3a-4c4a-9053-9c5c0185b94b,43b13eff-affb-4e79-a137-2d676513f12b,13cd9912-56bb-4721-abb1-986f20a370cb,1549.07,250,5,0.823,False,True
64b6942e-0008-4b40-804b-b220b666335b,43b13eff-affb-4e79-a137-2d676513f12b,a197882a-31bc-40ba-be53-5a7c2f5930f7,1500.44,250,4,0.872,False,True
e9849cfa-0c05-49be-9298-a644843c263e,43b13eff-affb-4e79-a137-2d676513f12b,ebb48eae-a1ef-4da9-8ae1-b2f70e717661,1773.2,20,10,0.948,False,True
9dffaeb7-f780-4903-b03b-0350db2e15e3,43b13eff-affb-4e79-a137-2d676513f12b,2aceb2a6-c859-4f95-a238-9ad796b698fa,582.96,250,7,0.898,False,True
a6e3005f-b225-410a-a2dc-959cec05c061,43b13eff-affb-4e79-a137-2d676513f12b,1d534fd0-ecdb-47f7-8df1-911899944ac3,1148.91,50,5,0.937,False,True
2e4917c4-bbc3-4604-9947-36731c034eff,43b13eff-affb-4e79-a137-2d676513f12b,305d6d9c-7521-4f74-8c0d-0bf7d5af8dfd,600.57,50,6,0.82,False,True
7ba4c7a3-6172-4733-acba-10e3ab94de2b,43b13eff-affb-4e79-a137-2d676513f12b,43110ae2-2c0b-4654-936a-72afad56219d,807.74,10,2,0.939,False,True
364363ea-5e89-4f82-afca-bc7accba13c8,43b13eff-affb-4e79-a137-2d676513f12b,70745aec-f24f-4b18-807e-6adb80d01ba0,45.91,20,10,0.817,False,True
6c334404-8058-439d-856f-c5eed4d45b4c,43b13eff-affb-4e79-a137-2d676513f12b,fda2f8a3-95ba-4f42-97f3-dbce57a916f1,500.86,20,8,0.792,False,True
7f64e9a6-a0d9-476d-a2bf-de37fb1452ea,43b13eff-affb-4e79-a137-2d676513f12b,33e37cdb-690b-4dd6-aa0b-3e189bf6bc51,46.93,10,2,0.813,False,True
6c3c7520-89f3-4327-92a3-9be79f4464f2,43b13eff-affb-4e79-a137-2d676513f12b,ceee2775-c68b-4199-9eb8-21746763c4ba,804.88,250,8,0.795,False,True
379f8e20-fcfe-433f-8e6e-fc5b297c4730,43b13eff-affb-4e79-a137-2d676513f12b,cf8bc62c-4d72-4142-8ab6-03524280a750,1608.35,50,3,0.818,False,True
b66323d2-56d1-45a9-8995-4b3194d60946,43b13eff-affb-4e79-a137-2d676513f12b,24db962d-9a6b-4de6-982b-b719e504efb9,992.69,10,8,0.823,False,True
2a8f5da0-c29c-40c6-b920-69e9c0036ea9,43b13eff-affb-4e79-a137-2d676513f12b,957c588f-5e69-469f-b353-4b24fef25a65,1306.87,10,3,0.98,False,True
7e545bf1-09ad-4d9a-a00b-7ef50aaa91cd,43b13eff-affb-4e79-a137-2d676513f12b,8e67a041-f702-4f16-b57b-c66dff30e18b,546.09,50,10,0.856,False,True
2ac1aa91-915c-4ab3-9400-cd070f7d772d,43b13eff-affb-4e79-a137-2d676513f12b,c037d58f-eb63-482e-81f7-b1f739423cdf,90.37,50,2,0.929,True,True
e97bd31f-d999-4646-8080-42d0cdedff58,43b13eff-affb-4e79-a137-2d676513f12b,6989db76-adcc-4a3d-b3c0-61fb496a0f5d,795.01,20,6,0.908,False,True
60338f3f-2f60-4cf3-ba54-6c33f47bdfc2,43b13eff-affb-4e79-a137-2d676513f12b,573f39b9-7855-4b4d-8a9e-14a5e9d8b2cd,1460.45,100,3,0.802,False,True
f6a42d07-8249-41f8-8cad-3b4da3ec2e04,43b13eff-affb-4e79-a137-2d676513f12b,522740d6-f3db-4ac1-a547-6b62598fe57f,1089.3,100,8,0.789,False,True
80d04e71-5666-43b9-80e8-e24c843d66d8,43b13eff-affb-4e79-a137-2d676513f12b,b1b122eb-1ba2-4148-b9ac-5d21b2adf647,823.17,20,3,0.817,False,True
2b1cbfe1-985b-4beb-8045-de72f04b4c80,43b13eff-affb-4e79-a137-2d676513f12b,e5b7da92-602a-4a8f-9b36-3acfc3414ba7,1666.83,50,5,0.975,True,True
de14b7b3-b004-4888-ab28-c68e4853cd7c,43b13eff-affb-4e79-a137-2d676513f12b,3e6ecca3-9ad1-49a9-ad9a-5509b28de79d,1665.53,20,6,0.783,False,True
7c8308b3-3ac5-4045-a0cc-073d016d28e5,43b13eff-affb-4e79-a137-2d676513f12b,ec00005f-8d61-4b61-825c-d8c696ae49aa,1746.6,250,3,0.984,False,True
76f47126-8204-4fa6-8fc4-5879d4833c51,43b13eff-affb-4e79-a137-2d676513f12b,9f081f26-ba8d-47d6-870e-ca0ca1cae51f,148.06,250,2,0.909,False,True
8cdc5871-7551-4cc1-a438-4652647a5159,43b13eff-affb-4e79-a137-2d676513f12b,b261960f-23be-4297-9c50-f27ceac7eedb,755.72,250,7,0.812,False,True
17163675-725a-46d6-ad22-f0de4b95a20e,43b13eff-affb-4e79-a137-2d676513f12b,0c98fcbf-9121-467b-910d-10fcfbcd35b6,142.43,50,8,0.958,False,True
c58a55a4-b736-42b0-a9b5-cec5a353251b,43b13eff-affb-4e79-a137-2d676513f12b,e3420e6d-9ba0-43de-991d-15b61159daa1,921.62,100,6,0.984,False,True
016b7930-7292-4ff1-8ea5-180a1a25a52d,43b13eff-affb-4e79-a137-2d676513f12b,be0b42c5-6bfe-48dc-8f33-e20d29d25a48,669.23,20,10,0.826,False,True
18258135-1b87-4f21-9886-26d2029b3228,43b13eff-affb-4e79-a137-2d676513f12b,4bd504ed-a1c0-48c9-bff0-b66723a5f08d,1697.08,10,6,0.825,False,True
2ea0a929-6e30-4747-bc60-4cae5d4d3726,43b13eff-affb-4e79-a137-2d676513f12b,d6c64038-55ae-44a3-863b-be781e1a4649,685.74,100,3,0.831,False,True
38e01f22-5ed0-41ea-87d4-f935ff5e3ae5,43b13eff-affb-4e79-a137-2d676513f12b,3a19d3ca-1898-4db4-b347-55af1376c897,1668.59,250,3,0.926,False,True
a1ba02b1-b1c1-4eb9-9835-21db5a0b723d,43b13eff-affb-4e79-a137-2d676513f12b,0df67422-0ffe-4855-b4b7-0f4e8676cbdb,277.87,20,6,0.922,False,True
2d0b0a98-e24e-418f-b861-48b18daa5067,43b13eff-affb-4e79-a137-2d676513f12b,99f2ef21-d83e-4cde-a73a-10b587a903a3,135.67,10,5,0.938,False,True
8097fe57-80d8-4153-a9c2-85f5641b22e3,43b13eff-affb-4e79-a137-2d676513f12b,bd5b3f87-5b53-4347-ac00-12fb9d5cd5a6,608.4,50,2,0.889,False,True
7a3f6d37-c934-4bdb-a492-5226dde8c356,43b13eff-affb-4e79-a137-2d676513f12b,419b95a7-17e5-4918-ad68-d58ee6b6e6f5,807.93,250,9,0.917,True,True
e3be2afa-348f-47e1-93fe-f75888182852,43b13eff-affb-4e79-a137-2d676513f12b,d2219992-909f-48be-967e-2e3f1c3ddfa9,1594.09,250,8,0.81,True,True
b7658109-65a4-446a-8fa7-8edc0b17cadc,43b13eff-affb-4e79-a137-2d676513f12b,c5533566-0e57-4058-9e8f-cc921a574da9,1240.06,50,3,0.84,True,True
98bbbdc9-472e-46cf-a6b1-780f01010bb7,43b13eff-affb-4e79-a137-2d676513f12b,ca8399a1-143e-4717-be95-7836c2f21dcb,798.41,10,8,0.89,False,True
e8fca843-09da-4b5d-b1b3-7a7ede43a3d2,43b13eff-affb-4e79-a137-2d676513f12b,f00273a7-acae-43ae-a0b4-b85c0ed6d4d3,65.42,50,8,0.858,False,True
b05ffa8a-7659-41e3-b375-208aa29e76f0,43b13eff-affb-4e79-a137-2d676513f12b,01d77a5e-a466-4d48-b24b-31edb500e5fa,202.73,100,5,0.832,False,True
98bb9f88-ef19-43a1-9628-8b0cb40d7680,43b13eff-affb-4e79-a137-2d676513f12b,1b0a2521-7dda-4bed-8313-954689f28c33,714.18,10,8,0.859,False,True
9d61963a-64a5-45ca-b8b4-08f783dba88a,43b13eff-affb-4e79-a137-2d676513f12b,24d1b68c-2a5b-464e-bb4e-c1071b3b4f3d,1071.58,250,3,0.888,False,True
84fde5d8-1887-4155-9151-05132b5a82a3,43b13eff-affb-4e79-a137-2d676513f12b,063be93d-6835-4b65-a8a1-c36e83278d83,762.93,10,8,0.944,False,True
1187b062-49b7-4920-bb92-b352590cc7ba,43b13eff-affb-4e79-a137-2d676513f12b,a88fd15f-1bbb-4271-941e-899867a89583,47.91,10,10,0.94,False,True
993a1b23-417e-46e1-a585-3ae102894ad1,43b13eff-affb-4e79-a137-2d676513f12b,2b376704-d06b-441d-a2bf-f0973873411c,1419.3,100,6,0.975,False,True
6eb17b39-8294-495b-8ef7-5bb2ab225b5e,43b13eff-affb-4e79-a137-2d676513f12b,0073cc32-e309-402c-96aa-1fb03de469f1,83.88,100,5,0.895,True,True
82e8d1dd-aa66-46fb-a357-2dbbf8a66612,43b13eff-affb-4e79-a137-2d676513f12b,987c980e-f5ed-4388-b102-971ff25870b1,610.62,50,2,0.783,False,True
a0a56858-8009-4cf2-a5d8-b2740d7912e5,43b13eff-affb-4e79-a137-2d676513f12b,85b186aa-f3a1-45ba-8d0c-349f8a13c3d4,1518.04,250,6,0.881,False,True
4eba27e6-f5ea-473b-99f9-c5ebbbce7ab4,43b13eff-affb-4e79-a137-2d676513f12b,6b615b69-ae0e-4f1b-a6dc-2d69233addaa,858.98,20,2,0.791,False,True
490a16f1-f604-413f-acc8-1e2d8cc67d16,43b13eff-affb-4e79-a137-2d676513f12b,220f964e-a351-4ad0-827e-502f5ded939c,484.33,10,9,0.799,False,True
6057401f-bf85-4858-980c-c6df44f33a6e,43b13eff-affb-4e79-a137-2d676513f12b,1941089d-b192-4af2-b696-484fa9286d80,1674.75,50,8,0.984,False,True
5db2d290-7310-4828-9ce8-75ad3efd8297,43b13eff-affb-4e79-a137-2d676513f12b,a041cc1e-bb11-4e03-9969-5026c46ed837,912.15,50,8,0.874,False,True
f5127c24-d33a-472b-8318-9a75ba2357a6,43b13eff-affb-4e79-a137-2d676513f12b,27bdd8c0-778d-42ea-ae25-964ce81e391d,1541.01,250,9,0.891,False,True
7275ed66-9261-44b3-9b96-e449a8734046,43b13eff-affb-4e79-a137-2d676513f12b,2c10bfc8-d106-4422-b38f-e414215c8def,342.18,20,8,0.787,False,True
f913a1ec-0cc2-496d-9640-ba1fbbb39b3c,43b13eff-affb-4e79-a137-2d676513f12b,16d1b73f-8881-425f-82b2-7ab4974b08ef,366.73,20,8,0.818,False,True
45a52502-e961-4991-8a35-b04ed60a3cb4,43b13eff-affb-4e79-a137-2d676513f12b,f6dc8117-e75f-4920-a0cf-04c7bafc7542,480.15,100,6,0.853,False,True
2733af05-031c-4ced-9c7f-cf2b3c35fa98,43b13eff-affb-4e79-a137-2d676513f12b,c51619a8-ba83-483f-9b52-064f926d96a2,843.98,20,7,0.959,False,True
dd6daada-3a3b-4db9-8d4c-6986c913f917,43b13eff-affb-4e79-a137-2d676513f12b,9c021848-0377-486f-a048-370334cce953,391.18,20,2,0.852,True,True
b0ad3d3c-fca1-41c6-ab90-566f618626e2,8a3cc937-5d2e-4b04-b961-e6372fb37757,6989db76-adcc-4a3d-b3c0-61fb496a0f5d,183.41,100,4,0.867,True,True
f55e1d4c-8b28-4125-a95c-08cb122f77ee,8a3cc937-5d2e-4b04-b961-e6372fb37757,305d6d9c-7521-4f74-8c0d-0bf7d5af8dfd,811.2,50,4,0.862,False,True
8b583fa8-55c7-48a4-bfda-18ab2ee43620,8a3cc937-5d2e-4b04-b961-e6372fb37757,fda2f8a3-95ba-4f42-97f3-dbce57a916f1,1583.91,10,4,0.968,False,True
eb8d3df9-ce87-4e8b-8456-568f44219110,8a3cc937-5d2e-4b04-b961-e6372fb37757,4fda6990-76da-4515-8f85-4b5ce64dd1ce,595.43,100,6,0.868,False,True
c2482ce0-0b96-4a0e-b6aa-2f72c6ebf173,8a3cc937-5d2e-4b04-b961-e6372fb37757,b3163dc0-3ac7-41cc-b4fc-244bcbe446ad,908.8,10,3,0.854,False,True
ea0f53a9-695c-4525-bc0a-1c0595ce4b6c,8a3cc937-5d2e-4b04-b961-e6372fb37757,85b186aa-f3a1-45ba-8d0c-349f8a13c3d4,748.83,50,9,0.834,False,True
40666e44-8a17-4525-a5ca-866078165eca,8a3cc937-5d2e-4b04-b961-e6372fb37757,d2219992-909f-48be-967e-2e3f1c3ddfa9,1414.22,50,10,0.956,True,True
61ab21cb-945d-4b8d-80db-e97604783a5a,8a3cc937-5d2e-4b04-b961-e6372fb37757,ca8399a1-143e-4717-be95-7836c2f21dcb,951.42,50,3,0.952,False,True
89deaba6-d7ee-477d-98b1-bae8ac434bab,8a3cc937-5d2e-4b04-b961-e6372fb37757,01d77a5e-a466-4d48-b24b-31edb500e5fa,480.1,10,10,0.804,False,True
4f013b42-3c5b-4fa1-b0cd-c075edac44ab,8a3cc937-5d2e-4b04-b961-e6372fb37757,a197882a-31bc-40ba-be53-5a7c2f5930f7,1300.1,20,2,0.906,False,True
0aa68920-aa49-401d-b6a7-8fe327a6a115,8a3cc937-5d2e-4b04-b961-e6372fb37757,061b886b-98ed-480e-9810-63995f2f47ed,129.01,50,6,0.834,False,True
dad6f32f-1a74-480a-bb84-285b1b10eb48,8a3cc937-5d2e-4b04-b961-e6372fb37757,24d1b68c-2a5b-464e-bb4e-c1071b3b4f3d,220.67,20,10,0.968,True,True
dbb7d032-6fee-437c-ba01-7c7ac9f85910,8a3cc937-5d2e-4b04-b961-e6372fb37757,c5533566-0e57-4058-9e8f-cc921a574da9,587.29,10,7,0.931,False,True
cf2795f3-bb30-467b-bc8d-bd3b3815607a,8a3cc937-5d2e-4b04-b961-e6372fb37757,c51619a8-ba83-483f-9b52-064f926d96a2,288.07,100,2,0.99,False,True
e4c3384d-7b5c-4558-bb52-381e98665471,8a3cc937-5d2e-4b04-b961-e6372fb37757,58bf12e5-ee8a-4194-a34c-aa820079144d,1571.58,20,6,0.974,True,True
14a73a2b-a556-43ec-9ea4-6e06cef15a9c,8a3cc937-5d2e-4b04-b961-e6372fb37757,b8b41174-e4bb-41e0-8dc8-fbdaf9d470ec,212.32,50,10,0.979,False,True
948e5fd3-ad29-403e-a172-16dc16a35037,8a3cc937-5d2e-4b04-b961-e6372fb37757,063be93d-6835-4b65-a8a1-c36e83278d83,644.46,100,6,0.867,True,True
d8aa5f2e-e049-4cd6-ae31-e7456ab2b503,8a3cc937-5d2e-4b04-b961-e6372fb37757,67ae158e-8140-49ce-b874-0acf92a800c2,1617.89,250,4,0.928,True,True
807ada5e-ebcf-4235-97b7-acbb79183fa4,8a3cc937-5d2e-4b04-b961-e6372fb37757,d039d8bd-44d3-44fc-a49f-83d1987d0b48,77.44,10,7,0.851,False,True
05643c99-ba0e-4a66-babc-c2936ba4c530,8a3cc937-5d2e-4b04-b961-e6372fb37757,419b95a7-17e5-4918-ad68-d58ee6b6e6f5,176.49,100,10,0.937,False,True
da551611-69aa-4c16-bbb8-7355c4d3dac1,8a3cc937-5d2e-4b04-b961-e6372fb37757,0a915249-7e9b-4a22-be4b-d5a6c9628e04,252.56,250,4,0.857,False,True
ca352581-69d6-45df-b77a-568c83bd2764,8a3cc937-5d2e-4b04-b961-e6372fb37757,bd5b3f87-5b53-4347-ac00-12fb9d5cd5a6,539.99,250,2,0.857,False,True
bdd68a44-6dbd-4148-95e2-0caef622715f,8a3cc937-5d2e-4b04-b961-e6372fb37757,3e8ecc15-190b-4bcd-a7fd-92ec541c75f4,699.57,10,3,0.835,False,True
e9fdb0d6-3553-4a97-b495-3b90791b352b,8a3cc937-5d2e-4b04-b961-e6372fb37757,3b4f2db0-078e-4414-849b-1ba2782649be,703.57,20,5,0.892,False,True
9a95d10e-0c5c-402e-bcd5-d5a9a151e056,8a3cc937-5d2e-4b04-b961-e6372fb37757,f00273a7-acae-43ae-a0b4-b85c0ed6d4d3,686.93,20,7,0.983,False,True
6d34135b-63a2-47ad-b153-d3c732ab717e,8a3cc937-5d2e-4b04-b961-e6372fb37757,0df67422-0ffe-4855-b4b7-0f4e8676cbdb,1638.36,250,9,0.792,False,True
6a5c22b2-3042-44d2-8c5e-73b987c69e20,8a3cc937-5d2e-4b04-b961-e6372fb37757,0073cc32-e309-402c-96aa-1fb03de469f1,1259.39,50,10,0.876,True,True
e3caa85d-898c-4a59-bc31-b5d8efea1ae8,8a3cc937-5d2e-4b04-b961-e6372fb37757,dee6b134-5f4e-4d83-8133-35e34f0b48e8,1015.12,10,3,0.938,False,True
40e2aa60-87f7-4856-afc2-b783981858cd,8a3cc937-5d2e-4b04-b961-e6372fb37757,c2b13e9e-9865-4a6b-ba11-417dbd416417,1304.39,250,9,0.912,False,True
d386f3f1-3e87-46ca-9dcf-94447b25b7e5,8a3cc937-5d2e-4b04-b961-e6372fb37757,522740d6-f3db-4ac1-a547-6b62598fe57f,1360.19,50,9,0.963,True,True
35138094-4057-42fe-bfa4-2e65757bb017,8a3cc937-5d2e-4b04-b961-e6372fb37757,220f964e-a351-4ad0-827e-502f5ded939c,1004.69,100,3,0.961,False,True
28121f54-79c4-45f4-aa71-060f9e5b3569,8a3cc937-5d2e-4b04-b961-e6372fb37757,24856ba7-ab81-4f22-985e-e30a3b9397cb,761.04,10,3,0.851,False,True
0220ec76-74e7-494f-8fcb-ef730b8c2d86,8a3cc937-5d2e-4b04-b961-e6372fb37757,3a19d3ca-1898-4db4-b347-55af1376c897,374.21,100,2,0.966,False,True
f1cc1593-d4a6-476f-a01e-a227f7017684,8a3cc937-5d2e-4b04-b961-e6372fb37757,2c10bfc8-d106-4422-b38f-e414215c8def,366.03,20,4,0.984,False,True
3c905324-9e11-414d-9855-ceaa1516280e,8a3cc937-5d2e-4b04-b961-e6372fb37757,6f12778d-43ca-4220-8b3b-11201ac91209,1102.06,20,4,0.843,True,True
128574dc-ecb7-4b7f-888b-55388e1e42a9,8a3cc937-5d2e-4b04-b961-e6372fb37757,2b376704-d06b-441d-a2bf-f0973873411c,1313.44,100,2,0.781,False,True
f4e69063-e0a3-4711-9f2a-52d815401c0a,8a3cc937-5d2e-4b04-b961-e6372fb37757,ea61edd3-7fbd-4c08-b312-d866041879c2,1708.38,20,8,0.879,False,True
0101ac8c-d4a9-4314-9c81-95385073afbb,8a3cc937-5d2e-4b04-b961-e6372fb37757,2aceb2a6-c859-4f95-a238-9ad796b698fa,789.56,10,4,0.89,False,True
f074f706-d73b-44da-89d5-81fd2dce2d4a,8a3cc937-5d2e-4b04-b961-e6372fb37757,1d534fd0-ecdb-47f7-8df1-911899944ac3,1079.92,100,10,0.989,True,True
c7d417a2-7be8-4aea-a15b-7683c37cee29,8a3cc937-5d2e-4b04-b961-e6372fb37757,ceee2775-c68b-4199-9eb8-21746763c4ba,697.35,10,3,0.854,False,True
aaa31809-cb04-4fc5-af5c-7c8fa452672a,8a3cc937-5d2e-4b04-b961-e6372fb37757,b1b122eb-1ba2-4148-b9ac-5d21b2adf647,320.77,10,8,0.884,False,True
a27aa646-8e35-40a8-9b1d-5e2ea78e9838,8a3cc937-5d2e-4b04-b961-e6372fb37757,378ef267-9155-41bc-a431-7c700c1731e3,66.41,250,2,0.865,True,True
6383663d-1cbc-4655-9b5a-423df60bcc9c,8a3cc937-5d2e-4b04-b961-e6372fb37757,13cd9912-56bb-4721-abb1-986f20a370cb,478.81,20,10,0.824,True,True
d0f3a3c1-4062-4319-9123-3df169cc6877,8a3cc937-5d2e-4b04-b961-e6372fb37757,ebb48eae-a1ef-4da9-8ae1-b2f70e717661,1035.96,50,6,0.902,False,True
078f0e4d-7a43-449d-b49a-0bb6ebe1bece,8a3cc937-5d2e-4b04-b961-e6372fb37757,9c06c388-c751-407e-9c97-3b46b1db5e7c,1489.56,20,3,0.87,False,True
148e5154-db17-4e51-9747-03f4c889b3a2,8a3cc937-5d2e-4b04-b961-e6372fb37757,987c980e-f5ed-4388-b102-971ff25870b1,1563.88,250,5,0.899,True,True
b79bd221-bcf0-49bf-bda1-b414925d7f3f,8a3cc937-5d2e-4b04-b961-e6372fb37757,4f7512b2-6b9d-434f-807e-2fc43528691e,313.21,100,2,0.933,False,True
4018979b-5da9-4411-9d55-1fd1471f0641,8a3cc937-5d2e-4b04-b961-e6372fb37757,573f39b9-7855-4b4d-8a9e-14a5e9d8b2cd,1304.95,10,2,0.961,False,True
6969d1b4-801d-45e5-a685-08121d7ae84c,8a3cc937-5d2e-4b04-b961-e6372fb37757,7b6b643c-11d8-4a62-8cfe-a28f5fe4f2d6,167.36,20,2,0.792,False,True
711f6a2b-020d-454e-987a-bb852d7ffcba,8a3cc937-5d2e-4b04-b961-e6372fb37757,9c021848-0377-486f-a048-370334cce953,428.59,50,6,0.87,False,True
8bf58cb0-2e19-4c9d-96f7-f26d77533a6d,8a3cc937-5d2e-4b04-b961-e6372fb37757,24db962d-9a6b-4de6-982b-b719e504efb9,884.11,10,6,0.988,True,True
2a297207-b51e-4bc3-a8df-6f22296ce365,8a3cc937-5d2e-4b04-b961-e6372fb37757,0eecbfea-7628-487c-b590-fece2c687e7a,1496.62,250,2,0.88,False,True
b08bdd94-ab3f-4033-83ad-8b39ccdc44a0,8a3cc937-5d2e-4b04-b961-e6372fb37757,27bdd8c0-778d-42ea-ae25-964ce81e391d,1200.06,250,8,0.835,False,True
1f356f57-68e6-44e8-bcbb-dbb0ebd041c8,8a3cc937-5d2e-4b04-b961-e6372fb37757,2c4e6d71-0152-4e82-9c16-bfc9c81ea55e,664.91,20,6,0.877,False,True
099ccb05-762d-4a34-8280-ea02e39da0e4,8a3cc937-5d2e-4b04-b961-e6372fb37757,e5b7da92-602a-4a8f-9b36-3acfc3414ba7,555.42,100,4,0.857,True,True
526a7380-0b07-4aa6-b7eb-4ce643b002d3,8a3cc937-5d2e-4b04-b961-e6372fb37757,b699a59a-a0ec-49d9-b327-482e55347adf,1570.81,20,7,0.808,False,True
71ebe7ea-ff15-48b6-be27-d3db15bb42e0,8a3cc937-5d2e-4b04-b961-e6372fb37757,d6c64038-55ae-44a3-863b-be781e1a4649,1527.02,10,4,0.812,True,True
a132a2e5-b6c3-4134-923f-5a549551e3b9,8a3cc937-5d2e-4b04-b961-e6372fb37757,a041cc1e-bb11-4e03-9969-5026c46ed837,92.67,20,8,0.987,True,True
c026509c-34ab-4603-a95b-adea62ae41cb,8a3cc937-5d2e-4b04-b961-e6372fb37757,b3fa980f-96f4-474d-8999-454117e0d5d6,1348.54,10,2,0.904,False,True
905dd45b-23b4-4f00-98cc-81d128beed37,8a3cc937-5d2e-4b04-b961-e6372fb37757,99f2ef21-d83e-4cde-a73a-10b587a903a3,651.69,50,2,0.905,False,True
0cb21e32-925f-4623-9660-84f803dc809e,389d9f94-94f3-497d-9ad3-80b154c36b08,bd5b3f87-5b53-4347-ac00-12fb9d5cd5a6,1094.3,50,8,0.837,False,True
24af793b-9b00-46f5-89dc-066db186a7dd,389d9f94-94f3-497d-9ad3-80b154c36b08,1b0a2521-7dda-4bed-8313-954689f28c33,1572.39,10,6,0.799,False,True
ce200cd0-dc2a-4b80-b8c2-c8d16b583983,389d9f94-94f3-497d-9ad3-80b154c36b08,2c10bfc8-d106-4422-b38f-e414215c8def,405.35,100,2,0.954,False,True
61f83c07-5933-488e-b7bb-0fc9c41dfea2,389d9f94-94f3-497d-9ad3-80b154c36b08,ea61edd3-7fbd-4c08-b312-d866041879c2,1067.72,100,4,0.874,False,True
ec185715-4a99-466e-a81c-7f9b01f6d1d8,389d9f94-94f3-497d-9ad3-80b154c36b08,0a915249-7e9b-4a22-be4b-d5a6c9628e04,1304.19,20,5,0.857,True,True
818d2018-1707-4848-85e0-eef840b84d2b,389d9f94-94f3-497d-9ad3-80b154c36b08,cf8bc62c-4d72-4142-8ab6-03524280a750,264.27,50,5,0.858,False,True
b41d580f-cc77-437f-91bd-afe7b88f19bd,389d9f94-94f3-497d-9ad3-80b154c36b08,f6dc8117-e75f-4920-a0cf-04c7bafc7542,913.23,10,10,0.802,False,True
bd5d8f50-a435-496e-80ec-1aad1ab5c8b5,389d9f94-94f3-497d-9ad3-80b154c36b08,0c98fcbf-9121-467b-910d-10fcfbcd35b6,1469.79,20,9,0.942,False,True
1987aa11-4cc3-41e2-914f-91a4be2a6a31,389d9f94-94f3-497d-9ad3-80b154c36b08,8cb385ca-cfdc-404f-8298-512a7c8578b3,206.59,20,10,0.981,False,True
4abe4b57-f756-454b-9ff3-cfc347559b82,389d9f94-94f3-497d-9ad3-80b154c36b08,c5533566-0e57-4058-9e8f-cc921a574da9,99.29,100,10,0.966,False,True
76b4012b-c017-4d86-bbbf-8d23798b5731,389d9f94-94f3-497d-9ad3-80b154c36b08,3b4f2db0-078e-4414-849b-1ba2782649be,997.64,250,7,0.952,False,True
98592a35-7214-4777-b76a-5a09153ea673,389d9f94-94f3-497d-9ad3-80b154c36b08,d2219992-909f-48be-967e-2e3f1c3ddfa9,68.71,20,7,0.98,False,True
94338fee-882e-4a9a-9ce2-2f16f6328844,389d9f94-94f3-497d-9ad3-80b154c36b08,9c021848-0377-486f-a048-370334cce953,504.74,100,9,0.977,False,True
4843280f-ba5e-4337-9593-866538b5a373,389d9f94-94f3-497d-9ad3-80b154c36b08,01d77a5e-a466-4d48-b24b-31edb500e5fa,962.09,10,9,0.877,False,True
3de9c926-88e4-429d-a94b-c6df36c23328,389d9f94-94f3-497d-9ad3-80b154c36b08,9c06c388-c751-407e-9c97-3b46b1db5e7c,222.05,100,4,0.829,False,True
e775dd48-d3ed-404e-ac16-145b84115c14,389d9f94-94f3-497d-9ad3-80b154c36b08,305d6d9c-7521-4f74-8c0d-0bf7d5af8dfd,269.33,10,2,0.895,False,True
7663b93b-6e81-4312-8082-d3743b628196,389d9f94-94f3-497d-9ad3-80b154c36b08,3e9b0bad-6728-4523-be87-a00adf0fff30,300.47,20,5,0.857,False,True
388fd77a-2465-4e9a-931c-d01477f42a7e,389d9f94-94f3-497d-9ad3-80b154c36b08,1640337f-9614-4c3f-bda8-20c0eb4c6bce,1642.67,50,5,0.972,False,True
615a6bd1-2eb3-48d9-9864-96c4fab5f4fa,389d9f94-94f3-497d-9ad3-80b154c36b08,9d6f82ea-a6c1-4ee5-bd74-c517ba546a27,1493.72,10,4,0.91,False,True
5bf48ba3-3dd6-4bfa-91a5-f1e0a876951b,389d9f94-94f3-497d-9ad3-80b154c36b08,f00273a7-acae-43ae-a0b4-b85c0ed6d4d3,1245.37,100,6,0.981,False,True
c067b409-6e72-425d-b376-4ec935a1e306,389d9f94-94f3-497d-9ad3-80b154c36b08,3e98e5ab-52e7-4056-8353-5ac655247948,1408.39,10,3,0.783,False,True
a7069471-6c2e-4e3b-917a-aaebd696073c,389d9f94-94f3-497d-9ad3-80b154c36b08,3a19d3ca-1898-4db4-b347-55af1376c897,916.88,20,2,0.851,False,True
a43ec9ee-dbc8-40cb-9482-204fa6fc161c,389d9f94-94f3-497d-9ad3-80b154c36b08,d6c64038-55ae-44a3-863b-be781e1a4649,953.36,50,9,0.984,True,True
80ae1ca3-a076-44e1-84c5-e71ceb511dea,389d9f94-94f3-497d-9ad3-80b154c36b08,419b95a7-17e5-4918-ad68-d58ee6b6e6f5,580.84,20,10,0.894,False,True
68975859-966e-4919-a43a-d6d537297b46,389d9f94-94f3-497d-9ad3-80b154c36b08,0073cc32-e309-402c-96aa-1fb03de469f1,1161.58,20,8,0.84,False,True
e032c00a-87c2-43ca-8b9d-eeb6f98a9940,389d9f94-94f3-497d-9ad3-80b154c36b08,f1b95f47-94a2-4979-a411-02444c727d3e,52.87,250,4,0.877,True,True
caaca50b-97a8-4110-97fb-ffea2ff293bf,389d9f94-94f3-497d-9ad3-80b154c36b08,85b186aa-f3a1-45ba-8d0c-349f8a13c3d4,1114.86,20,7,0.937,False,True
f56232e7-7e35-497c-ad0e-ca51cbef6581,389d9f94-94f3-497d-9ad3-80b154c36b08,4bd504ed-a1c0-48c9-bff0-b66723a5f08d,1090.27,100,4,0.789,True,True
dab22c71-5610-43d6-ada9-53d88b71922a,389d9f94-94f3-497d-9ad3-80b154c36b08,b3fa980f-96f4-474d-8999-454117e0d5d6,1181.75,20,2,0.783,False,True
8808f2cc-a3a9-4734-82cd-9f38370a1c23,389d9f94-94f3-497d-9ad3-80b154c36b08,2f7de1c2-cb62-4261-83f5-d8323f438333,1353.81,250,6,0.894,False,True
8dbf8871-0922-4a05-b39d-d26cd5d7044c,389d9f94-94f3-497d-9ad3-80b154c36b08,33e37cdb-690b-4dd6-aa0b-3e189bf6bc51,1256.53,250,9,0.806,False,True
ce8fa0f8-753c-447d-8cb6-93803bfc0b10,389d9f94-94f3-497d-9ad3-80b154c36b08,58bf12e5-ee8a-4194-a34c-aa820079144d,54.62,250,4,0.796,True,True
cec4fdd1-d1de-4b96-b8f5-dfa8bc89cb7b,389d9f94-94f3-497d-9ad3-80b154c36b08,ec00005f-8d61-4b61-825c-d8c696ae49aa,14.98,250,7,0.85,True,True
4e6b3c1c-ee91-438f-bada-8a844ece4cb5,389d9f94-94f3-497d-9ad3-80b154c36b08,957c588f-5e69-469f-b353-4b24fef25a65,816.35,50,2,0.941,False,True
fcf15016-af20-45b8-8b86-ea62c6395467,389d9f94-94f3-497d-9ad3-80b154c36b08,43110ae2-2c0b-4654-936a-72afad56219d,1177.4,50,9,0.842,False,True
c65db77c-db41-4311-94f5-f6b883da52b4,389d9f94-94f3-497d-9ad3-80b154c36b08,6b615b69-ae0e-4f1b-a6dc-2d69233addaa,167.01,10,5,0.978,False,True
dd334993-dbab-485d-8f2c-44dc6c87916e,389d9f94-94f3-497d-9ad3-80b154c36b08,1941089d-b192-4af2-b696-484fa9286d80,744.88,50,9,0.876,False,True
045dbbf8-28f1-4f41-8581-bdaa3302bbe4,389d9f94-94f3-497d-9ad3-80b154c36b08,fda2f8a3-95ba-4f42-97f3-dbce57a916f1,64.59,100,2,0.909,False,True
17a7c9aa-6434-4c83-b580-5ee1652ba604,389d9f94-94f3-497d-9ad3-80b154c36b08,70745aec-f24f-4b18-807e-6adb80d01ba0,1201.57,10,2,0.966,False,True
ed0eac6e-014f-426a-b28b-4459f4a94a43,389d9f94-94f3-497d-9ad3-80b154c36b08,6989db76-adcc-4a3d-b3c0-61fb496a0f5d,891.17,20,4,0.837,False,True
d0c1d864-2938-4ddd-84e1-fa673d2a4ffd,389d9f94-94f3-497d-9ad3-80b154c36b08,67ae158e-8140-49ce-b874-0acf92a800c2,361.89,100,5,0.953,False,True
dc7bbaaf-7c43-4134-9ab7-9b5a9ce6afd2,389d9f94-94f3-497d-9ad3-80b154c36b08,573f39b9-7855-4b4d-8a9e-14a5e9d8b2cd,1580.44,250,10,0.828,False,True
e70fee4a-aee8-4d4c-91c4-47f1434c639b,389d9f94-94f3-497d-9ad3-80b154c36b08,6cbb6f57-d6cb-41b0-aca5-9ea4e8c5be47,1031.61,250,3,0.898,False,True
1d326d36-85cd-4c0d-9f0a-dd8ed83b810d,389d9f94-94f3-497d-9ad3-80b154c36b08,16d1b73f-8881-425f-82b2-7ab4974b08ef,525.09,50,8,0.797,False,True
05b0cd94-19c2-4e6a-99d3-c614f6190c3c,389d9f94-94f3-497d-9ad3-80b154c36b08,1d534fd0-ecdb-47f7-8df1-911899944ac3,1598.87,20,6,0.889,False,True
6a98f812-dddf-4e0e-b5ab-52f9b206c3de,389d9f94-94f3-497d-9ad3-80b154c36b08,4f7512b2-6b9d-434f-807e-2fc43528691e,840.21,100,7,0.953,True,True
0d6c905e-36c8-480b-8ff4-8d0170c241b6,389d9f94-94f3-497d-9ad3-80b154c36b08,b261960f-23be-4297-9c50-f27ceac7eedb,1292.19,20,9,0.901,False,True
4afaa3b1-7374-4ba2-a0b3-8122b918534c,389d9f94-94f3-497d-9ad3-80b154c36b08,cbb4966e-7bea-4df2-82bc-5fcfe9617ff8,529.56,100,9,0.933,False,True
750f89e2-e53d-4813-90fd-319b89a3a93a,389d9f94-94f3-497d-9ad3-80b154c36b08,8e67a041-f702-4f16-b57b-c66dff30e18b,1198.93,250,3,0.989,False,True
8a309d13-fe10-4206-a327-32567ab77952,389d9f94-94f3-497d-9ad3-80b154c36b08,3e6ecca3-9ad1-49a9-ad9a-5509b28de79d,1466.54,250,5,0.875,False,True
46bd41f8-eb8e-4b5e-84a5-bc78d3c03288,389d9f94-94f3-497d-9ad3-80b154c36b08,e3420e6d-9ba0-43de-991d-15b61159daa1,714.81,100,5,0.802,False,True
0b1a8ed4-a0bb-4a0e-a24f-2149afd808df,389d9f94-94f3-497d-9ad3-80b154c36b08,2aceb2a6-c859-4f95-a238-9ad796b698fa,1514.53,50,8,0.863,False,True
a50cd0f9-4720-411d-bcdc-10e3d60de893,389d9f94-94f3-497d-9ad3-80b154c36b08,063be93d-6835-4b65-a8a1-c36e83278d83,888.97,20,7,0.968,True,True
a8194636-c344-4d5b-b403-1fbe4d388c6d,389d9f94-94f3-497d-9ad3-80b154c36b08,b3163dc0-3ac7-41cc-b4fc-244bcbe446ad,1038.08,250,5,0.909,False,True
c2b1e967-2f91-4257-bb7b-03d255ffa18c,389d9f94-94f3-497d-9ad3-80b154c36b08,061b886b-98ed-480e-9810-63995f2f47ed,722.37,50,6,0.902,False,True
672f64df-5e73-4740-969e-a2541993898e,389d9f94-94f3-497d-9ad3-80b154c36b08,220f964e-a351-4ad0-827e-502f5ded939c,854.08,50,9,0.937,False,True
f2872eeb-ff5c-4a48-99e9-018a15801dc6,389d9f94-94f3-497d-9ad3-80b154c36b08,b8b41174-e4bb-41e0-8dc8-fbdaf9d470ec,1442.63,250,7,0.812,False,True
ae4f72e2-931b-4c69-9eaf-ef64184484c8,389d9f94-94f3-497d-9ad3-80b154c36b08,d039d8bd-44d3-44fc-a49f-83d1987d0b48,519.28,250,9,0.83,False,True
44982079-db19-4c7d-a03d-097c58c00173,389d9f94-94f3-497d-9ad3-80b154c36b08,c51619a8-ba83-483f-9b52-064f926d96a2,465.18,100,6,0.979,False,True
3d29a632-591e-4268-a694-a22d7dd4e77a,389d9f94-94f3-497d-9ad3-80b154c36b08,24856ba7-ab81-4f22-985e-e30a3b9397cb,1577.32,50,4,0.964,True,True
85cbe190-9b1d-4c65-b977-33611e3695c4,41e5f347-011f-49c8-a809-9ebc6ef93e37,f1b95f47-94a2-4979-a411-02444c727d3e,1437.15,250,9,0.927,False,True
4ee727e2-09d5-4a9c-a2d1-2c35a5d715bd,41e5f347-011f-49c8-a809-9ebc6ef93e37,99f2ef21-d83e-4cde-a73a-10b587a903a3,948.97,50,7,0.973,True,True
07da5b30-0938-4261-8f13-dddab447e98d,41e5f347-011f-49c8-a809-9ebc6ef93e37,b3163dc0-3ac7-41cc-b4fc-244bcbe446ad,573.85,10,2,0.978,False,True
29ef4f3a-1db9-4159-9d3d-ce7164996e92,41e5f347-011f-49c8-a809-9ebc6ef93e37,cbb4966e-7bea-4df2-82bc-5fcfe9617ff8,1218.22,10,9,0.988,True,True
b7811c9b-f679-4a5a-b71d-107f2d55ee8c,41e5f347-011f-49c8-a809-9ebc6ef93e37,0d430ec5-4d86-4820-8a2c-9a0885280906,1440.73,20,9,0.79,False,True
4a2c41fb-301a-488d-b8ed-25cbc2eeb6a8,41e5f347-011f-49c8-a809-9ebc6ef93e37,1d534fd0-ecdb-47f7-8df1-911899944ac3,643.67,100,7,0.888,False,True
b1557e18-3b68-45dc-aa80-300293996646,41e5f347-011f-49c8-a809-9ebc6ef93e37,4bd504ed-a1c0-48c9-bff0-b66723a5f08d,250.32,50,3,0.802,False,True
fe924939-9f39-4f3c-980d-0fc9d3dafedc,41e5f347-011f-49c8-a809-9ebc6ef93e37,c51619a8-ba83-483f-9b52-064f926d96a2,637.73,20,3,0.925,False,True
dc691aa9-80d3-4d83-a4e9-1714a8160fb9,41e5f347-011f-49c8-a809-9ebc6ef93e37,01d77a5e-a466-4d48-b24b-31edb500e5fa,974.19,50,10,0.861,False,True
c79d0abd-62cc-47ec-937a-3fb4abf6d639,41e5f347-011f-49c8-a809-9ebc6ef93e37,c5533566-0e57-4058-9e8f-cc921a574da9,142.65,50,8,0.988,False,True
5ac381af-3a58-453e-84df-40d33f32fcae,41e5f347-011f-49c8-a809-9ebc6ef93e37,831a67ea-b75d-494e-8ba6-e91b1b1eae6e,1046.76,50,7,0.854,False,True
11c54ff5-04a2-4e13-893c-35874738bb81,41e5f347-011f-49c8-a809-9ebc6ef93e37,97a16fda-9cba-4dc2-8770-0b5104c507d2,1388.55,20,10,0.883,True,True
b4a92dfd-79b6-4569-8aa2-74a202b319ef,41e5f347-011f-49c8-a809-9ebc6ef93e37,c037d58f-eb63-482e-81f7-b1f739423cdf,1075.78,100,3,0.831,False,True
b3aa236f-2c10-4786-b5e7-bbc4bebaf8c3,41e5f347-011f-49c8-a809-9ebc6ef93e37,a197882a-31bc-40ba-be53-5a7c2f5930f7,1318.01,100,3,0.815,True,True
dfca3b0a-e383-4483-8d82-cbd0cf6ed7f0,41e5f347-011f-49c8-a809-9ebc6ef93e37,957c588f-5e69-469f-b353-4b24fef25a65,1572.85,20,8,0.788,True,True
78279fd5-f09e-42b4-9317-241195a177ca,41e5f347-011f-49c8-a809-9ebc6ef93e37,6cbb6f57-d6cb-41b0-aca5-9ea4e8c5be47,1009.14,50,4,0.905,False,True
aa1deb9c-6c70-41d7-aa22-ab901f773ced,41e5f347-011f-49c8-a809-9ebc6ef93e37,522740d6-f3db-4ac1-a547-6b62598fe57f,1662.58,100,4,0.923,True,True
0f285a38-5ff0-4afa-abe9-df475135d4f7,41e5f347-011f-49c8-a809-9ebc6ef93e37,8e67a041-f702-4f16-b57b-c66dff30e18b,1720.9,250,10,0.935,False,True
644b75fc-1a97-4b10-b140-73ddc3928cc9,41e5f347-011f-49c8-a809-9ebc6ef93e37,305d6d9c-7521-4f74-8c0d-0bf7d5af8dfd,402.23,250,9,0.935,False,True
0b8a8cfb-86c8-4a6c-ac1b-a37376e441c3,41e5f347-011f-49c8-a809-9ebc6ef93e37,43110ae2-2c0b-4654-936a-72afad56219d,816.58,50,6,0.954,False,True
3efe2511-f02a-4c19-8d72-4cf73fc644d3,41e5f347-011f-49c8-a809-9ebc6ef93e37,0a915249-7e9b-4a22-be4b-d5a6c9628e04,1160.56,250,7,0.837,False,True
a9322832-685f-436e-8e2f-d274a1d02963,41e5f347-011f-49c8-a809-9ebc6ef93e37,1941089d-b192-4af2-b696-484fa9286d80,89.83,10,9,0.871,False,True
73508c43-afb6-4475-b89a-fbad8ca459e1,41e5f347-011f-49c8-a809-9ebc6ef93e37,ebb48eae-a1ef-4da9-8ae1-b2f70e717661,447.68,100,3,0.903,False,True
e5e1b60c-7bd2-4b31-8790-2c8c89343468,41e5f347-011f-49c8-a809-9ebc6ef93e37,2f7de1c2-cb62-4261-83f5-d8323f438333,123.06,10,8,0.859,False,True
d7bc142c-690b-4efc-a523-d04a9e576b45,41e5f347-011f-49c8-a809-9ebc6ef93e37,b699a59a-a0ec-49d9-b327-482e55347adf,780.92,20,9,0.847,False,True
25171c09-68a3-4815-8933-e822251bd329,41e5f347-011f-49c8-a809-9ebc6ef93e37,4fda6990-76da-4515-8f85-4b5ce64dd1ce,1691.66,50,7,0.871,False,True
e47eb909-4d14-464e-97f2-2e50a6f279c8,41e5f347-011f-49c8-a809-9ebc6ef93e37,378ef267-9155-41bc-a431-7c700c1731e3,828.55,250,5,0.89,False,True
3b5f1e95-4b2a-4fb3-af18-33c02c993c21,41e5f347-011f-49c8-a809-9ebc6ef93e37,e3420e6d-9ba0-43de-991d-15b61159daa1,194.82,50,5,0.806,False,True
443bbcb8-92e2-4e05-9123-88190408edfd,41e5f347-011f-49c8-a809-9ebc6ef93e37,2aceb2a6-c859-4f95-a238-9ad796b698fa,1006.03,20,10,0.788,False,True
3dafee8e-f31d-4d24-8549-2b69988c6604,41e5f347-011f-49c8-a809-9ebc6ef93e37,f00273a7-acae-43ae-a0b4-b85c0ed6d4d3,828.26,10,2,0.832,True,True
948f0749-775c-49b5-be94-8d3789a2dc72,41e5f347-011f-49c8-a809-9ebc6ef93e37,33e37cdb-690b-4dd6-aa0b-3e189bf6bc51,396.5,10,4,0.864,False,True
8de15eeb-61bf-4c83-b7c5-bb40dd378591,41e5f347-011f-49c8-a809-9ebc6ef93e37,ec00005f-8d61-4b61-825c-d8c696ae49aa,9.77,10,3,0.8,False,True
989a82e2-70ff-4f86-9283-ae9a4e64c8b6,41e5f347-011f-49c8-a809-9ebc6ef93e37,2c4e6d71-0152-4e82-9c16-bfc9c81ea55e,597.7,50,6,0.827,True,True
68fdc10e-e8f9-46aa-b7b1-128dd156543b,41e5f347-011f-49c8-a809-9ebc6ef93e37,3e8ecc15-190b-4bcd-a7fd-92ec541c75f4,1694.93,20,2,0.807,True,True
a6435ae4-b0fe-495c-983b-28ef6295c4cb,41e5f347-011f-49c8-a809-9ebc6ef93e37,cf8bc62c-4d72-4142-8ab6-03524280a750,1766.45,50,7,0.908,False,True
5db2b71f-5cca-429d-93be-148ce55760bf,41e5f347-011f-49c8-a809-9ebc6ef93e37,a041cc1e-bb11-4e03-9969-5026c46ed837,166.48,20,10,0.823,False,True
8800f99d-e336-46f8-ab28-53951dbbdc4b,41e5f347-011f-49c8-a809-9ebc6ef93e37,2c10bfc8-d106-4422-b38f-e414215c8def,760.79,10,5,0.976,True,True
63696cc5-42a5-4ecf-8e7d-6abd634d5d6f,41e5f347-011f-49c8-a809-9ebc6ef93e37,24856ba7-ab81-4f22-985e-e30a3b9397cb,1794.75,50,5,0.916,False,True
ec764e6a-6c49-4f21-8604-a705bf3d39d8,41e5f347-011f-49c8-a809-9ebc6ef93e37,85b186aa-f3a1-45ba-8d0c-349f8a13c3d4,111.22,50,10,0.899,False,True
ac62cd51-b65d-477d-a142-49943e0a43a5,41e5f347-011f-49c8-a809-9ebc6ef93e37,d6c64038-55ae-44a3-863b-be781e1a4649,275.34,50,6,0.921,False,True
dccd26e3-1d58-4d3f-b97b-073b3e081d6a,41e5f347-011f-49c8-a809-9ebc6ef93e37,0c98fcbf-9121-467b-910d-10fcfbcd35b6,285.73,250,4,0.959,True,True
3b5f1b2d-dd11-45b7-b811-e4c997d834e5,41e5f347-011f-49c8-a809-9ebc6ef93e37,24db962d-9a6b-4de6-982b-b719e504efb9,1278.28,100,10,0.782,True,True
dacb3fbf-89b4-4c10-b0c7-743216207b35,41e5f347-011f-49c8-a809-9ebc6ef93e37,1640337f-9614-4c3f-bda8-20c0eb4c6bce,1216.07,100,2,0.904,False,True
c906c9e9-ca6b-4843-97a1-1c11b91fb992,41e5f347-011f-49c8-a809-9ebc6ef93e37,220f964e-a351-4ad0-827e-502f5ded939c,1061.96,50,5,0.926,False,True
1ce0ebd1-ff52-493b-8dc8-e5923439c3da,41e5f347-011f-49c8-a809-9ebc6ef93e37,e5b7da92-602a-4a8f-9b36-3acfc3414ba7,380.09,250,7,0.965,False,True
c38847d3-2c02-41a7-96f9-c1953cbb315c,41e5f347-011f-49c8-a809-9ebc6ef93e37,6f12778d-43ca-4220-8b3b-11201ac91209,853.45,100,4,0.798,False,True
7e9d2b88-c5d3-443f-9b2b-f6248a324d22,41e5f347-011f-49c8-a809-9ebc6ef93e37,8cb385ca-cfdc-404f-8298-512a7c8578b3,28.05,10,10,0.827,False,True
59ce4a29-ea01-4e18-8df6-59c47fbd64e9,41e5f347-011f-49c8-a809-9ebc6ef93e37,9c06c388-c751-407e-9c97-3b46b1db5e7c,310.21,100,4,0.868,False,True
86e9a28a-0607-4078-9ca9-c572621b7719,41e5f347-011f-49c8-a809-9ebc6ef93e37,061b886b-98ed-480e-9810-63995f2f47ed,1438.64,10,10,0.964,True,True
0a8b4269-f34e-44c5-ba01-699bff666526,41e5f347-011f-49c8-a809-9ebc6ef93e37,0073cc32-e309-402c-96aa-1fb03de469f1,1399.83,10,3,0.972,False,True
08b1eb1a-8119-4a21-9e32-60b62fedfd5b,41e5f347-011f-49c8-a809-9ebc6ef93e37,be0b42c5-6bfe-48dc-8f33-e20d29d25a48,610.79,100,3,0.782,False,True
203b727a-a371-45f4-be2d-d287f5b47464,41e5f347-011f-49c8-a809-9ebc6ef93e37,9d6f82ea-a6c1-4ee5-bd74-c517ba546a27,1645.92,10,9,0.984,True,True
756abb1b-2a0b-4cbd-834e-f094c32d5c5d,41e5f347-011f-49c8-a809-9ebc6ef93e37,d2219992-909f-48be-967e-2e3f1c3ddfa9,1069.18,10,4,0.894,False,True
0ba85d67-ba38-4538-89ca-3d99c6fac9e5,41e5f347-011f-49c8-a809-9ebc6ef93e37,063be93d-6835-4b65-a8a1-c36e83278d83,515.97,10,7,0.818,False,True
7d3dfbc9-9fc2-4b88-878d-48987d1d5c18,41e5f347-011f-49c8-a809-9ebc6ef93e37,ceee2775-c68b-4199-9eb8-21746763c4ba,1174.26,20,3,0.975,False,True
87fb3cfd-5f34-4bbb-8d7c-c942ec44f33a,41e5f347-011f-49c8-a809-9ebc6ef93e37,1b0a2521-7dda-4bed-8313-954689f28c33,1476.59,10,7,0.929,False,True
9d697a05-f0b9-418c-8c0a-c75a943447c0,41e5f347-011f-49c8-a809-9ebc6ef93e37,3b4f2db0-078e-4414-849b-1ba2782649be,1576.18,10,7,0.838,True,True
8bc28f96-ff23-4fde-8927-e65b1c275bdd,41e5f347-011f-49c8-a809-9ebc6ef93e37,4f7512b2-6b9d-434f-807e-2fc43528691e,1094.4,10,2,0.831,True,True
8a78afba-d80c-489f-ab24-222cd6b74d65,41e5f347-011f-49c8-a809-9ebc6ef93e37,6b615b69-ae0e-4f1b-a6dc-2d69233addaa,991.61,250,3,0.908,False,True
0d2569e5-b8f2-41b5-9b66-f586e852a670,41e5f347-011f-49c8-a809-9ebc6ef93e37,3e6ecca3-9ad1-49a9-ad9a-5509b28de79d,1480.81,10,4,0.895,False,True
